group,siteid,x,y,nsw34,nsw35,nsw36,nsw37,nsw38,nsw39,nsw40
rt,rtpa323,153.5461,-28.1956,0,1,1,0,0,0,0
rt,rtpa324,153.5543,-28.1992,0,0,1,0,0,0,0
rt,rtpa325,153.5158,-28.2481,0,0,1,0,0,0,0
rt,rtpa258,153.263,-28.2524,1,0,0,0,0,1,0
rt,rtpa387,152.4882,-28.2553,0,0,0,0,0,0,0
rt,rtpa357,153.2488,-28.256,0,0,0,1,0,0,0
rt,rtpa579,153.4384,-28.2574,0,1,0,1,0,1,0
rt,rtpa358,153.2141,-28.2651,0,0,0,0,0,0,0
rt,rtpa359,153.2223,-28.2669,1,0,0,1,0,0,0
rt,rtpa520,153.4874,-28.2734,1,0,0,1,0,1,0
rt,rtpa529,153.4894,-28.2734,0,0,1,0,0,0,0
rt,rtpa522,153.4894,-28.2752,0,0,0,1,0,0,0
rt,rtpa259,153.2672,-28.2813,0,1,0,1,0,1,0
rt,rtpa594,152.6125,-28.2828,0,0,0,0,0,0,0
rt,rtpa599,152.6166,-28.2864,0,0,0,0,0,0,0
rt,rtpa248,152.6206,-28.2918,1,0,0,0,0,0,1
rt,rtpa339,153.1754,-28.2941,0,0,0,0,0,0,0
rt,rtpa249,152.6206,-28.2954,1,0,0,0,0,1,1
rt,rtpa340,153.1713,-28.2959,0,0,0,0,0,0,0
rt,rtpa362,153.1754,-28.2959,0,0,0,0,0,0,0
rt,rtpa342,153.1775,-28.2959,1,0,0,0,0,0,0
rt,rtpa836,152.4455,-28.3013,0,0,0,0,0,1,1
rt,rtpa344,153.1632,-28.3013,0,0,0,0,0,0,0
rt,rtpa389,152.4452,-28.3021,0,0,0,0,0,0,1
rt,rtpa251,152.6022,-28.3044,1,0,0,0,0,0,0
rt,rtpa252,152.6206,-28.3045,0,0,0,0,0,0,1
rt,rtpa390,152.4166,-28.3074,1,0,0,0,0,1,1
rt,rtpa253,152.5247,-28.3096,0,0,0,0,0,0,1
rt,rtpa345,153.1408,-28.3158,0,0,0,0,0,0,0
rt,rtpa588,153.1408,-28.3176,0,0,0,0,0,0,0
rt,rtpa161,153.5651,-28.3201,0,1,1,0,0,0,0
rt,rtpa282,152.8572,-28.3212,0,0,0,0,0,0,1
rt,rtpa157,152.8857,-28.3212,0,0,0,1,1,0,0
rt,rtpa346,153.1571,-28.3212,0,0,0,1,0,1,0
rt,rtpa254,152.5083,-28.3222,0,0,0,0,0,0,0
rt,rtpa260,153.3774,-28.3225,0,0,0,1,0,1,0
rt,rtpa838,152.4168,-28.3227,1,0,0,0,0,1,0
rt,rtpa247,152.5042,-28.324,1,0,0,0,0,1,0
rt,rtpa349,153.1469,-28.3248,0,0,0,0,0,0,0
rt,rtpa347,153.1795,-28.3247,0,0,0,0,0,0,0
rt,rtpa350,153.1877,-28.3265,0,0,0,0,0,0,0
rt,rtpa534,152.4185,-28.3272,1,0,0,0,0,1,0
rt,rtpa158,152.8817,-28.3284,1,0,0,1,0,1,0
rt,rtpa287,152.8245,-28.3302,0,0,0,0,0,0,1
rt,rtpa351,153.1918,-28.3301,1,0,0,1,0,0,0
rt,rtpa391,152.4226,-28.3327,1,0,0,0,0,1,0
rt,rtpa288,152.8306,-28.3338,0,0,0,0,0,0,0
rt,rtpa289,152.8347,-28.3356,0,0,0,0,0,0,0
rt,rtpa530,153.555,-28.3382,0,1,0,1,0,0,0
rt,rtpa290,152.8368,-28.3392,0,0,0,0,0,0,0
rt,rtpa159,152.8898,-28.3411,0,0,0,0,0,0,0
rt,rtpa352,153.1286,-28.3447,1,0,0,1,0,1,0
rt,rtpa261,153.2877,-28.3462,0,0,0,1,0,1,0
rt,rtpa291,152.851,-28.3482,0,0,0,1,1,0,0
rt,rtpa255,152.7204,-28.3498,1,0,0,0,0,1,0
rt,rtpa353,153.1204,-28.3501,1,0,0,1,0,1,0
rt,rtpa160,152.8816,-28.3537,0,0,0,0,0,0,0
rt,rtpa356,153.1102,-28.3627,0,0,0,0,0,0,0
rt,rtpa354,153.0918,-28.3645,0,0,0,0,0,0,0
rt,rtpa355,153.1082,-28.3645,1,0,0,1,0,1,0
rt,rtpa292,152.7592,-28.368,0,0,0,0,0,0,1
rt,rtpa284,152.8122,-28.3717,0,0,0,0,0,0,0
rt,rtpa565,152.8163,-28.3717,1,0,0,1,0,1,0
rt,rtpa839,152.5421,-28.373,0,0,0,0,0,1,0
rt,rtpa285,152.7653,-28.3752,1,0,0,0,0,0,1
rt,rtpa392,152.4019,-28.3759,1,0,0,1,0,0,0
rt,rtpa283,152.7632,-28.377,0,0,0,0,0,0,0
rt,rtpa393,152.7101,-28.3805,0,0,0,1,0,1,0
rt,rtpa596,153.0755,-28.3826,0,0,0,0,0,0,0
rt,rtpa300,153.1082,-28.3826,0,0,0,0,0,1,0
rt,rtpa582,152.7754,-28.3842,0,0,0,0,0,0,1
rt,rtpa2,153.4614,-28.3891,0,0,0,1,0,1,0
rt,rtpa301,153.1164,-28.3934,1,0,0,1,0,1,0
rt,rtpa302,153.0633,-28.3989,1,0,0,0,0,0,0
rt,rtpa3,153.2818,-28.3986,0,0,0,0,0,0,0
rt,rtpa4,153.2695,-28.4022,0,0,0,0,0,0,1
rt,rtpa840,152.3364,-28.4042,1,0,0,0,0,0,0
rt,rtpa303,153.0653,-28.4043,1,0,0,0,0,1,0
rt,rtpa583,153.2736,-28.404,0,0,0,0,0,0,1
rt,rtpa5,153.2797,-28.404,1,1,0,0,0,1,0
rt,rtpa841,152.34,-28.4054,0,0,0,1,1,1,0
rt,rtpa842,152.3612,-28.4109,1,0,0,0,0,0,0
rt,rtpa843,152.708,-28.4157,0,0,0,0,0,0,0
rt,rtpa208,152.4772,-28.4195,1,0,0,0,0,1,1
rt,rtpa844,152.6988,-28.4207,0,0,0,0,1,0,0
rt,rtpa845,152.6789,-28.4247,0,0,0,0,0,1,0
rt,rtpa304,153.1225,-28.4313,0,0,0,0,0,0,0
rt,rtpa846,152.4603,-28.433,0,0,0,0,0,0,0
rt,rtpa407,152.2974,-28.4404,1,0,0,0,0,0,1
rt,rtpa566,152.8795,-28.4403,0,0,0,1,0,1,0
rt,rtpa209,152.2749,-28.4457,1,0,0,0,1,0,0
rt,rtpa847,152.458,-28.4467,1,0,0,0,0,1,0
rt,rtpa305,153.1389,-28.453,0,0,0,0,0,0,0
rt,rtpa848,152.6709,-28.4549,0,0,0,0,0,1,0
rt,rtpa210,152.4607,-28.4574,1,0,0,1,0,1,0
rt,rtpa211,152.4157,-28.4644,1,0,0,1,0,1,0
rt,rtpa306,153.1737,-28.4656,1,0,0,0,0,1,0
rt,rtpa849,152.4463,-28.4701,0,0,0,0,0,0,0
rt,rtpa6,153.3984,-28.4777,1,0,0,1,0,1,0
rt,rtpa212,152.3952,-28.4788,1,0,0,0,0,1,0
rt,rtpa297,153.1451,-28.4818,1,0,0,0,0,0,0
rt,rtpa307,153.1757,-28.4818,0,0,0,1,0,1,0
rt,rtpa298,153.1471,-28.4836,1,0,0,0,0,0,0
rt,rtpa829,152.6771,-28.487,1,0,0,0,0,1,0
rt,rtpa394,152.6812,-28.487,1,0,0,0,0,1,0
rt,rtpa850,152.776,-28.489,0,0,0,0,0,0,0
rt,rtpa299,153.1553,-28.4909,1,0,0,0,0,1,0
rt,rtpa851,152.8384,-28.4967,1,0,0,0,0,1,0
rt,rtpa852,152.719,-28.4994,1,0,0,0,0,1,0
rt,rtpa853,152.7149,-28.5006,1,0,0,0,0,1,0
rt,rtpa518,152.7629,-28.5016,1,0,0,1,0,1,0
rt,rtpa854,152.6694,-28.5036,0,0,0,0,0,1,0
rt,rtpa855,152.6636,-28.5043,0,0,0,0,0,1,0
rt,rtpa856,152.6434,-28.5087,0,0,0,0,0,1,0
rt,rtpa857,152.7103,-28.5091,0,0,0,0,0,0,0
rt,rtpa860,152.3412,-28.5101,0,0,0,0,0,0,0
rt,rtpa756,152.6955,-28.5105,0,0,0,1,0,1,0
rt,rtpa859,152.5629,-28.5107,0,0,0,0,0,1,0
rt,rtpa861,152.638,-28.5114,0,0,0,1,0,1,0
rt,rtpa858,152.7149,-28.5107,0,0,0,0,0,0,0
rt,rtpa320,152.3378,-28.5164,1,0,0,0,0,1,0
rt,rtpa262,153.2289,-28.5196,0,0,0,0,0,0,0
rt,rtpa195,153.2555,-28.5196,1,0,0,0,0,1,0
rt,rtpa862,152.5644,-28.5211,0,0,0,0,0,1,0
rt,rtpa264,153.2228,-28.5215,1,0,0,0,0,0,0
rt,rtpa263,153.2351,-28.5214,1,0,0,0,0,0,0
rt,rtpa200,153.2596,-28.5214,1,0,0,1,0,0,0
rt,rtpa265,153.2351,-28.5232,0,0,0,0,0,0,0
rt,rtpa201,153.2535,-28.525,1,0,0,0,0,1,0
rt,rtpa863,152.5738,-28.5264,0,0,0,1,0,1,0
rt,rtpa864,152.5838,-28.5273,0,0,0,0,0,1,1
rt,rtpa443,153.5478,-28.5278,0,0,0,0,0,0,0
rt,rtpa267,153.2065,-28.5287,1,0,0,0,0,0,0
rt,rtpa266,153.2126,-28.5305,0,0,0,0,0,0,0
rt,rtpa202,153.2862,-28.5304,1,1,0,0,0,1,0
rt,rtpa203,153.2903,-28.5322,1,0,0,0,0,1,1
rt,rtpa444,153.5376,-28.5332,0,1,1,0,0,0,0
rt,rtpa865,152.7726,-28.5359,1,0,0,0,1,1,0
rt,rtpa549,153.5499,-28.5368,0,1,1,0,0,0,0
rt,rtpa268,153.2106,-28.5431,1,0,0,0,0,1,0
rt,rtpa205,153.2924,-28.543,1,0,0,0,0,1,1
rt,rtpa204,153.2985,-28.543,1,0,0,0,0,1,1
rt,rtpa269,153.2188,-28.5467,0,0,0,0,0,0,0
rt,rtpa206,153.3149,-28.5592,1,0,0,1,0,1,0
rt,rtpa196,153.3169,-28.561,0,1,0,0,0,0,0
rt,rtpa207,153.3108,-28.5628,0,0,0,0,0,0,1
rt,rtpa197,153.3129,-28.5646,0,1,0,0,0,0,0
rt,rtpa525,153.3088,-28.57,0,0,0,0,0,0,0
rt,rtpa198,153.3865,-28.5734,0,1,0,1,0,1,1
rt,rtpa757,152.507,-28.5966,1,0,0,1,0,1,0
rt,rtpa105,152.7095,-28.6062,1,0,0,0,0,1,0
rt,rtpa199,153.3908,-28.6168,0,1,0,1,0,1,0
rt,rtpa1,152.8547,-28.6209,0,0,0,0,0,1,0
rt,rtpa563,152.865,-28.6209,1,0,0,1,0,0,0
rt,rtpa173,153.3867,-28.6276,0,0,0,1,0,0,0
rt,rtpa789,152.4823,-28.638,1,0,0,0,0,1,1
rt,rtpa175,153.3683,-28.6385,0,1,0,0,0,0,1
rt,rtpa176,153.3724,-28.6385,0,0,0,0,0,1,0
rt,rtpa177,153.3336,-28.6404,0,0,0,0,0,0,1
rt,rtpa178,153.3295,-28.6422,0,0,0,1,0,1,0
rt,rtpa35,153.5669,-28.6522,0,0,0,0,0,1,0
rt,rtpa278,152.3083,-28.6535,0,0,0,0,1,0,0
rt,rtpa866,152.1726,-28.6578,0,0,0,0,0,0,0
rt,rtpa867,152.5173,-28.6602,1,0,0,0,0,0,1
rt,rtpa279,152.4883,-28.6615,1,0,0,0,0,1,0
rt,rtpa868,152.4943,-28.6608,1,0,0,0,0,1,1
rt,rtpa869,152.4876,-28.6693,1,0,0,0,0,1,0
rt,rtpa36,153.5793,-28.672,0,1,0,1,0,1,0
rt,rtpa37,153.5834,-28.6738,0,0,1,1,0,1,0
rt,rtpa870,152.4627,-28.6749,0,0,0,0,0,1,0
rt,rtpa179,153.434,-28.6816,0,0,0,1,0,1,0
rt,rtpa180,153.4381,-28.6906,0,0,0,1,0,1,0
rt,rtpa183,152.7625,-28.6947,1,0,0,0,0,1,0
rt,rtpa871,152.4777,-28.6953,1,0,0,0,0,1,0
rt,rtpa182,153.4074,-28.6961,0,0,0,1,0,1,0
rt,rtpa280,152.396,-28.6972,0,0,0,1,0,1,0
rt,rtpa181,153.4218,-28.6997,0,0,0,1,0,1,0
rt,rtpa546,153.6102,-28.708,0,0,1,0,0,0,0
rt,rtpa553,153.6123,-28.7134,0,1,1,0,0,0,0
rt,rtpa872,152.4799,-28.7179,0,0,0,0,0,1,0
rt,rtpa241,152.7338,-28.7218,0,0,0,0,0,0,0
rt,rtpa782,152.2176,-28.7306,0,0,0,0,0,0,0
rt,rtpa281,152.3323,-28.742,0,0,0,0,0,1,1
rt,rtpa174,153.4445,-28.7466,0,0,0,1,0,1,0
rt,rtpa873,152.324,-28.7503,0,0,0,0,0,1,0
rt,rtpa874,152.4011,-28.7511,0,0,0,0,0,1,0
rt,rtpa213,153.4773,-28.7519,0,0,0,1,0,1,0
rt,rtpa537,152.4223,-28.7623,1,0,0,0,0,1,0
rt,rtpa156,153.5225,-28.7716,0,1,0,1,0,1,0
rt,rtpa798,152.6353,-28.7739,1,0,0,0,0,1,0
rt,rtpa567,153.3299,-28.7794,0,0,0,0,0,1,0
rt,rtpa214,153.3299,-28.783,0,0,1,1,0,1,0
rt,rtpa322,152.7172,-28.7867,1,0,0,0,0,1,0
rt,rtpa321,152.7336,-28.7922,1,0,0,0,0,1,0
rt,rtpa613,152.1659,-28.7971,0,0,0,0,0,0,0
rt,rtpa790,153.4427,-28.8007,0,1,0,0,0,1,0
rt,rtpa215,153.2849,-28.8012,0,0,0,1,0,1,0
rt,rtpa875,152.1938,-28.8101,0,0,0,0,0,0,0
rt,rtpa216,153.2952,-28.812,0,0,0,1,0,1,0
rt,rtpa217,153.3977,-28.8189,0,0,0,1,0,1,0
rt,rtpa218,153.285,-28.8355,0,0,0,1,0,1,0
rt,rtpa219,153.4367,-28.8387,0,0,0,1,0,1,0
rt,rtpa527,153.402,-28.8695,0,0,0,1,0,1,0
rt,rtpa363,153.4595,-28.8982,0,1,0,0,0,1,1
rt,rtpa876,152.3412,-28.9025,0,0,0,0,0,0,0
rt,rtpa760,152.7436,-28.9023,1,0,0,1,0,1,0
rt,rtpa194,152.7477,-28.9059,1,0,0,0,0,0,0
rt,rtpa519,153.4083,-28.9073,0,0,0,1,0,1,0
rt,rtpa364,153.4883,-28.9215,0,0,1,0,0,0,0
rt,rtpa365,153.4658,-28.9234,0,0,1,0,0,1,0
rt,rtpa366,153.4555,-28.9289,0,1,1,1,0,1,1
rt,rtpa569,153.275,-28.9402,0,0,0,0,0,0,0
rt,rtpa319,153.0595,-28.9423,0,0,0,0,0,0,0
rt,rtpa367,153.4782,-28.9432,0,0,1,0,0,0,0
rt,rtpa877,152.2917,-28.9508,0,0,0,0,0,1,0
rt,rtpa878,152.3196,-28.9586,0,0,0,0,0,1,1
rt,rtpa164,152.3288,-28.9586,0,0,0,1,0,0,1
rt,rtpa879,152.3293,-28.9656,0,0,0,0,0,1,1
rt,rtpa167,152.3267,-28.9659,0,0,0,0,0,0,1
rt,rtpa166,152.3288,-28.9677,0,0,0,1,0,0,1
rt,rtpa168,152.3841,-28.9806,0,0,0,1,0,1,0
rt,rtpa880,152.1305,-28.9861,0,0,0,0,0,0,0
rt,rtpa169,152.4641,-28.9917,0,0,0,1,1,1,0
rt,rtpa833,152.6796,-29.0231,0,0,0,0,0,0,0
rt,rtpa832,152.6714,-29.0249,1,0,0,0,0,0,0
rt,rtpa881,152.2969,-29.0438,0,0,0,0,0,1,1
rt,rtpa480,152.2933,-29.0469,0,0,0,0,0,0,1
rt,rtpa882,152.3052,-29.0869,0,0,0,0,0,0,1
rt,rtpa570,152.9959,-29.1156,0,0,0,0,0,0,0
rt,rtpa316,153.4132,-29.1258,0,0,1,0,0,0,0
rt,rtpa317,153.4133,-29.133,0,0,1,0,0,0,0
rt,rtpa883,152.127,-29.1364,0,0,0,0,0,0,1
rt,rtpa220,152.2619,-29.1388,0,0,0,0,0,0,0
rt,rtpa318,153.3948,-29.1384,0,0,1,0,0,0,0
rt,rtpa310,152.1262,-29.1398,0,0,0,0,0,0,1
rt,rtpa785,152.2783,-29.1407,0,0,0,0,0,0,1
rt,rtpa884,152.1131,-29.1594,0,0,0,0,0,0,1
rt,rtpa311,152.1157,-29.1596,0,0,0,0,0,0,1
rt,rtpa794,152.1383,-29.1669,0,0,0,0,0,1,1
rt,rtpa221,152.3971,-29.2171,0,0,0,0,0,1,0
rt,rtpa312,152.1438,-29.2446,0,0,0,0,0,0,1
rt,rtpa379,152.3206,-29.2799,0,0,0,0,0,0,0
rt,rtpa378,152.3679,-29.2801,0,0,0,0,0,0,1
rt,rtpa313,152.1085,-29.2823,0,0,0,0,0,0,0
rt,rtpa314,152.1126,-29.2823,0,0,0,0,0,0,0
rt,rtpa380,152.3638,-29.2855,0,0,0,0,0,0,0
rt,rtpa381,152.3658,-29.2855,0,0,0,1,0,1,0
rt,rtpa885,152.1223,-29.2864,0,0,0,0,0,0,1
rt,rtpa189,153.3315,-29.2902,1,0,0,1,0,1,0
rt,rtpa188,153.2862,-29.2904,1,0,0,1,0,1,0
rt,rtpa369,152.4934,-29.2915,0,0,0,0,0,1,0
rt,rtpa108,152.5017,-29.2915,0,0,0,1,1,1,0
rt,rtpa190,153.278,-29.2922,1,0,0,0,0,0,0
rt,rtpa382,152.3081,-29.2961,0,0,0,0,0,1,1
rt,rtpa191,153.2657,-29.2976,0,0,0,0,0,0,0
rt,rtpa385,152.3039,-29.2997,0,0,0,0,0,0,1
rt,rtpa384,152.3369,-29.2998,0,0,0,0,0,0,1
rt,rtpa383,152.339,-29.2999,0,0,0,0,0,0,1
rt,rtpa370,152.3451,-29.3017,0,0,0,0,0,0,0
rt,rtpa371,152.3616,-29.3018,0,0,0,0,0,0,1
rt,rtpa372,152.3698,-29.3054,0,0,0,0,0,0,0
rt,rtpa886,152.1059,-29.317,0,0,0,0,0,1,0
rt,rtpa315,152.108,-29.3328,0,0,0,0,0,0,1
rt,rtpa373,152.3222,-29.3449,0,0,0,0,0,0,1
rt,rtpa374,152.3737,-29.3488,0,0,0,0,0,1,1
rt,rtpa758,152.5344,-29.3512,0,0,0,0,0,0,0
rt,rtpa376,152.3138,-29.3611,0,0,0,0,0,0,1
rt,rtpa609,153.1772,-29.3609,0,0,0,0,0,0,0
rt,rtpa375,152.3695,-29.3614,0,0,0,0,0,0,1
rt,rtpa539,152.3159,-29.3647,0,0,0,1,0,0,1
rt,rtpa610,153.1566,-29.3646,0,0,0,0,0,0,0
rt,rtpa377,152.3694,-29.365,0,0,0,0,0,0,0
rt,rtpa139,152.3117,-29.3773,0,0,0,1,0,1,1
rt,rtpa145,152.3755,-29.3776,0,0,0,0,0,0,1
rt,rtpa793,152.0108,-29.379,0,0,0,0,0,0,0
rt,rtpa146,152.3013,-29.3791,0,0,0,1,0,0,1
rt,rtpa399,153.3504,-29.3877,0,1,0,0,0,0,0
rt,rtpa147,152.3507,-29.3902,0,0,0,0,0,0,1
rt,rtpa148,152.2992,-29.3917,0,0,0,0,0,0,1
rt,rtpa149,152.3754,-29.3957,0,0,0,0,0,0,1
rt,rtpa308,152.1157,-29.3996,0,0,0,0,0,0,1
rt,rtpa887,152.1786,-29.4005,0,0,0,0,0,0,0
rt,rtpa309,152.1115,-29.4032,0,0,0,0,0,0,1
rt,rtpa547,153.3587,-29.4075,0,1,1,0,0,0,0
rt,rtpa762,152.4949,-29.4197,0,0,0,1,0,0,0
rt,rtpa784,153.1794,-29.4223,0,0,0,0,0,0,1
rt,rtpa150,152.3649,-29.4263,0,0,0,0,0,1,1
rt,rtpa830,153.3382,-29.431,0,0,0,0,0,0,0
rt,rtpa752,152.6762,-29.4527,0,0,0,0,0,0,0
rt,rtpa783,153.2104,-29.4584,0,0,1,0,0,1,0
rt,rtpa526,152.3812,-29.4661,0,0,0,1,0,1,1
rt,rtpa528,153.2001,-29.471,0,0,1,1,0,1,0
rt,rtpa151,152.3502,-29.4732,0,0,0,0,0,0,1
rt,rtpa140,152.3564,-29.475,0,0,0,1,0,1,1
rt,rtpa540,152.3316,-29.4767,0,0,0,1,0,1,1
rt,rtpa141,152.3522,-29.4804,0,0,0,0,0,0,0
rt,rtpa761,152.7566,-29.4818,0,0,0,0,0,0,1
rt,rtpa888,152.2003,-29.494,0,0,0,0,0,0,0
rt,rtpa142,152.2882,-29.4945,0,0,0,0,0,0,1
rt,rtpa143,152.3459,-29.4948,0,0,0,0,0,0,0
rt,rtpa889,152.1747,-29.4961,0,0,0,0,0,1,1
rt,rtpa144,152.3439,-29.4966,0,0,0,0,0,0,1
rt,rtpa59,152.3624,-29.5039,0,0,0,0,0,0,0
rt,rtpa60,152.3643,-29.5274,0,0,0,0,0,1,1
rt,rtpa61,152.3602,-29.5292,0,0,0,0,0,0,1
rt,rtpa799,153.161,-29.5415,0,0,0,0,0,1,0
rt,rtpa755,152.4654,-29.5441,0,0,0,0,0,0,0
rt,rtpa62,152.4096,-29.5457,0,0,0,0,0,0,1
rt,rtpa63,152.4178,-29.5529,0,0,0,0,0,0,1
rt,rtpa64,152.3847,-29.569,0,0,0,0,0,0,1
rt,rtpa65,152.3908,-29.5799,0,0,0,0,0,0,1
rt,rtpa753,152.4053,-29.5817,0,0,0,0,0,0,1
rt,rtpa890,152.2031,-29.5899,0,0,0,0,0,1,1
rt,rtpa400,153.2768,-29.5954,0,0,0,0,0,0,1
rt,rtpa891,152.1966,-29.5969,0,0,0,0,0,0,1
rt,rtpa754,152.465,-29.6145,1,0,0,0,0,1,1
rt,rtpa763,152.9545,-29.6246,0,0,0,1,0,1,0
rt,rtpa892,152.2537,-29.6275,0,0,0,0,0,0,0
rt,rtpa893,152.2392,-29.6296,0,0,0,1,0,0,1
rt,rtpa797,153.1653,-29.6317,0,0,0,0,0,1,0
rt,rtpa894,152.2111,-29.634,0,0,0,0,0,1,0
rt,rtpa834,152.1898,-29.669,0,0,0,0,0,0,1
rt,rtpa895,152.1981,-29.6711,0,0,0,0,0,0,1
rt,rtpa896,152.0955,-29.6727,0,0,0,0,0,0,0
rt,rtpa256,152.4791,-29.6795,1,0,0,0,0,1,1
rt,rtpa257,152.477,-29.6831,1,0,0,0,0,0,1
rt,rtpa773,152.9917,-29.6824,0,0,0,0,0,0,0
rt,rtpa523,152.9132,-29.6841,0,0,0,0,0,0,0
rt,rtpa776,152.5658,-29.7015,1,0,0,1,0,0,0
rt,rtpa897,152.2043,-29.7054,0,0,0,0,0,0,1
rt,rtpa775,152.8056,-29.7255,0,0,0,0,0,0,0
rt,rtpa774,152.7808,-29.7435,0,0,0,0,0,0,0
rt,rtpa835,152.1044,-29.7497,0,0,0,0,0,0,1
rt,rtpa791,153.1345,-29.7563,0,0,0,1,0,0,0
rt,rtpa792,153.149,-29.7834,0,0,0,0,0,0,0
rt,rtpa294,153.0083,-29.7943,0,0,0,0,0,0,0
rt,rtpa764,152.9151,-29.8177,0,0,0,0,0,0,0
rt,rtpa765,152.9131,-29.8267,0,0,0,0,0,0,0
rt,rtpa295,153.0621,-29.8358,0,0,0,0,0,1,0
rt,rtpa898,152.2262,-29.8371,0,0,0,0,0,0,1
rt,rtpa899,152.2153,-29.8485,0,0,0,0,0,1,1
rt,rtpa900,152.2202,-29.8585,0,0,0,0,0,0,1
rt,rtpa766,152.2689,-29.8735,0,0,0,0,1,0,0
rt,rtpa901,152.3888,-29.8786,0,0,0,0,0,0,0
rt,rtpa778,152.2772,-29.8807,0,0,0,1,1,0,0
rt,rtpa639,152.4532,-29.8816,0,0,0,0,0,0,0
rt,rtpa902,152.3962,-29.8885,0,0,0,0,0,0,0
rt,rtpa903,152.3941,-29.8955,0,0,0,0,0,0,0
rt,rtpa904,152.3659,-29.8961,0,0,0,1,0,0,0
rt,rtpa905,152.3488,-29.8996,0,0,0,0,0,0,0
rt,rtpa906,152.3203,-29.9042,0,0,0,0,0,0,1
rt,rtpa907,152.3746,-29.9088,0,0,0,0,0,0,0
rt,rtpa908,152.2099,-29.9094,0,0,0,0,0,0,0
rt,rtpa909,152.3177,-29.9109,0,0,0,0,0,0,1
rt,rtpa910,152.342,-29.9137,0,0,0,0,0,0,0
rt,rtpa270,152.5255,-29.918,1,0,0,1,1,1,0
rt,rtpa911,152.329,-29.9194,0,0,0,0,0,1,1
rt,rtpa192,152.4696,-29.9195,1,0,0,1,0,1,0
rt,rtpa193,152.4716,-29.9196,1,0,0,1,0,1,0
rt,rtpa912,152.3435,-29.9221,0,0,0,0,0,0,0
rt,rtpa913,152.3323,-29.9279,1,0,0,0,0,1,1
rt,rtpa914,152.3346,-29.929,1,0,0,0,0,0,0
rt,rtpa795,152.1877,-29.9325,0,0,0,0,1,0,0
rt,rtpa612,152.9834,-29.9387,0,0,0,0,0,0,0
rt,rtpa271,152.5813,-29.9488,1,0,0,1,1,1,0
rt,rtpa654,152.3222,-29.955,1,0,0,0,0,1,0
rt,rtpa576,152.4839,-29.9611,0,0,0,0,0,0,0
rt,rtpa272,152.5253,-29.9685,1,0,0,1,0,1,0
rt,rtpa779,152.3242,-29.9712,1,0,0,0,0,1,1
rt,rtpa777,152.3263,-29.9712,1,0,0,0,0,1,1
rt,rtpa683,152.3282,-29.9857,1,0,0,0,0,1,0
rt,rtpa730,152.3282,-29.9893,1,0,0,0,0,1,1
rt,rtpa276,152.6682,-29.9942,1,0,0,0,0,1,0
rt,rtpa274,152.6662,-29.996,0,0,0,0,0,0,0
rt,rtpa273,152.6724,-29.996,1,0,0,0,0,1,0
rt,rtpa521,152.6765,-29.9996,0,0,0,1,0,1,0
rt,rtpa277,152.6786,-29.9996,0,0,0,0,0,0,0
rt,rtpa275,152.6765,-30.0014,0,0,0,0,0,0,0
rt,rtpa184,152.7947,-30.0215,1,0,0,0,0,0,0
rt,rtpa187,152.7967,-30.0233,1,0,0,1,0,1,1
rt,rtpa915,152.4885,-30.0281,0,0,0,0,0,1,0
rt,rtpa916,152.4871,-30.0299,0,0,0,0,0,0,0
rt,rtpa397,153.0602,-30.0307,0,0,0,0,0,0,1
rt,rtpa917,152.4791,-30.0414,0,0,0,0,0,0,0
rt,rtpa109,152.3672,-30.0508,1,0,0,0,0,0,1
rt,rtpa110,152.3547,-30.0634,0,0,0,0,0,0,1
rt,rtpa574,153.1058,-30.065,0,0,0,0,0,0,0
rt,rtpa395,153.1079,-30.065,0,0,0,0,0,1,0
rt,rtpa772,152.8693,-30.0704,1,0,0,0,0,1,0
rt,rtpa185,152.8713,-30.0704,1,0,0,1,1,1,0
rt,rtpa111,152.4126,-30.0872,1,0,0,0,0,1,1
rt,rtpa112,152.4064,-30.0925,0,0,0,0,0,0,0
rt,rtpa396,153.027,-30.0957,1,0,0,0,0,1,0
rt,rtpa136,152.6803,-30.1097,1,0,0,1,0,1,0
rt,rtpa115,152.2755,-30.1153,0,0,0,0,1,0,0
rt,rtpa137,152.7218,-30.1171,1,0,0,1,0,1,1
rt,rtpa113,152.4187,-30.1179,1,0,0,0,0,1,1
rt,rtpa536,152.9211,-30.1191,1,0,0,1,0,1,0
rt,rtpa114,152.4311,-30.1215,1,0,0,0,0,1,1
rt,rtpa186,152.9169,-30.1245,0,0,0,0,0,1,0
rt,rtpa398,153.1391,-30.1245,1,0,0,1,0,1,1
rt,rtpa239,152.9169,-30.1281,1,0,0,1,0,1,0
rt,rtpa238,152.9253,-30.1282,1,0,0,1,0,1,1
rt,rtpa222,152.4145,-30.1305,0,0,0,0,0,0,1
rt,rtpa230,152.2733,-30.1316,0,0,0,0,1,0,0
rt,rtpa231,152.4186,-30.1377,0,0,0,0,0,0,0
rt,rtpa232,152.4186,-30.1395,0,0,0,0,0,0,1
rt,rtpa233,152.4351,-30.1468,0,0,0,0,0,0,0
rt,rtpa234,152.431,-30.1486,1,0,0,0,0,0,1
rt,rtpa235,152.46,-30.1523,1,0,0,0,0,1,1
rt,rtpa170,152.6739,-30.153,1,0,0,1,0,1,1
rt,rtpa236,152.4559,-30.1541,0,0,0,0,0,0,1
rt,rtpa368,152.2315,-30.1584,0,0,0,0,1,0,0
rt,rtpa237,152.2648,-30.1604,0,0,0,0,1,0,0
rt,rtpa223,152.2855,-30.1623,0,0,0,0,1,0,0
rt,rtpa224,152.4309,-30.1648,0,0,0,0,0,0,0
rt,rtpa225,152.4309,-30.1666,0,0,0,0,0,0,1
rt,rtpa226,152.4246,-30.1775,0,0,0,0,0,0,0
rt,rtpa171,152.6925,-30.1802,1,0,0,1,1,1,1
rt,rtpa227,152.4204,-30.1828,0,0,0,0,0,0,0
rt,rtpa228,152.3269,-30.186,0,0,0,1,1,0,0
rt,rtpa243,153.0166,-30.2022,0,0,0,1,0,1,0
rt,rtpa240,152.7777,-30.2038,1,0,0,1,0,1,1
rt,rtpa242,153.16,-30.2057,0,0,1,0,0,0,0
rt,rtpa554,153.1559,-30.2147,0,0,1,0,0,0,0
rt,rtpa172,152.6758,-30.2198,1,0,0,1,0,1,1
rt,rtpa601,152.8296,-30.2219,0,0,0,0,0,0,0
rt,rtpa244,153.052,-30.222,0,0,0,0,0,0,1
rt,rtpa786,152.3578,-30.2241,0,0,0,0,1,0,0
rt,rtpa229,152.4513,-30.2245,0,0,0,0,0,0,0
rt,rtpa245,153.052,-30.2238,1,0,0,0,0,1,1
rt,rtpa246,153.0021,-30.2473,1,0,0,1,0,1,1
rt,rtpa580,153.0977,-30.2491,1,0,0,0,0,1,1
rt,rtpa767,152.7484,-30.2868,0,0,0,0,0,0,1
rt,rtpa768,152.7379,-30.294,1,0,0,0,0,1,1
rt,rtpa695,152.7587,-30.2958,0,0,0,0,0,0,0
rt,rtpa694,152.8003,-30.3013,0,0,0,0,0,0,1
rt,rtpa693,152.7982,-30.3031,0,0,0,0,0,0,0
rt,rtpa692,152.8086,-30.3085,0,0,0,0,0,1,0
rt,rtpa691,152.8107,-30.3103,1,0,0,0,0,0,1
rt,rtpa690,152.8149,-30.3103,0,0,0,0,0,0,1
rt,rtpa698,152.8773,-30.3158,0,0,0,0,0,0,0
rt,rtpa699,152.8793,-30.3158,0,0,0,0,0,0,1
rt,rtpa163,152.5756,-30.317,1,0,0,0,0,0,1
rt,rtpa702,152.8918,-30.3194,0,0,0,0,0,0,1
rt,rtpa332,152.8232,-30.3212,1,0,0,0,0,0,1
rt,rtpa701,152.8918,-30.3213,0,0,0,0,0,0,0
rt,rtpa326,152.9105,-30.3213,1,0,0,0,0,0,1
rt,rtpa162,152.5839,-30.3224,0,0,0,0,0,0,0
rt,rtpa700,152.8918,-30.3231,0,0,0,0,0,0,0
rt,rtpa333,152.8294,-30.3248,0,0,0,0,0,0,1
rt,rtpa614,152.8918,-30.3249,0,0,0,0,0,0,0
rt,rtpa334,152.8294,-30.3266,1,0,0,0,0,1,1
rt,rtpa615,152.8918,-30.3303,0,0,0,0,0,1,0
rt,rtpa335,152.8876,-30.3339,0,0,0,0,0,0,1
rt,rtpa336,152.896,-30.3393,1,0,0,1,0,1,0
rt,rtpa602,152.9313,-30.3393,0,0,0,0,0,0,0
rt,rtpa597,152.8127,-30.341,0,0,0,0,0,0,1
rt,rtpa770,152.7191,-30.3427,1,0,0,0,0,1,1
rt,rtpa337,152.7836,-30.3536,0,0,0,0,0,0,1
rt,rtpa769,152.6649,-30.3552,1,0,0,1,0,1,1
rt,rtpa643,152.8814,-30.3573,0,0,0,0,0,0,0
rt,rtpa555,153.0978,-30.3592,0,0,1,0,0,0,0
rt,rtpa327,152.8106,-30.3627,0,0,0,0,0,0,1
rt,rtpa584,152.794,-30.3644,0,0,0,0,0,1,1
rt,rtpa328,152.8106,-30.3645,0,0,0,0,0,0,1
rt,rtpa329,152.8127,-30.3645,0,0,0,0,0,0,0
rt,rtpa644,152.7253,-30.3697,1,0,0,0,0,1,1
rt,rtpa645,152.7273,-30.3697,1,0,0,0,0,1,1
rt,rtpa571,152.8959,-30.37,0,0,0,0,0,0,0
rt,rtpa331,152.796,-30.3717,1,0,0,1,0,0,0
rt,rtpa330,152.7648,-30.3734,0,0,0,0,0,0,0
rt,rtpa633,152.769,-30.3734,0,0,0,0,0,0,0
rt,rtpa634,152.7794,-30.3734,1,0,0,0,0,1,1
rt,rtpa531,152.7252,-30.377,1,0,0,1,0,1,1
rt,rtpa425,152.7794,-30.3771,1,0,0,0,0,1,1
rt,rtpa462,152.6087,-30.3785,0,0,0,0,0,0,1
rt,rtpa430,152.9188,-30.379,0,0,0,0,0,1,0
rt,rtpa426,152.7544,-30.3806,0,0,0,0,0,0,1
rt,rtpa431,152.9209,-30.3808,0,0,0,0,0,1,1
rt,rtpa781,152.5753,-30.382,0,0,0,0,0,0,1
rt,rtpa463,152.6045,-30.3821,1,0,0,1,0,1,1
rt,rtpa706,152.8314,-30.3826,0,0,0,0,0,0,1
rt,rtpa464,152.5837,-30.3838,1,0,0,0,0,0,1
rt,rtpa707,152.8314,-30.3844,1,0,0,0,0,0,1
rt,rtpa696,152.7377,-30.386,1,0,0,0,0,1,0
rt,rtpa427,152.7585,-30.386,1,0,0,1,0,1,0
rt,rtpa635,152.9334,-30.3863,0,0,0,0,0,0,0
rt,rtpa592,152.5816,-30.3874,0,0,0,0,0,0,0
rt,rtpa465,152.5836,-30.3928,1,0,0,0,0,1,1
rt,rtpa428,152.8064,-30.3933,1,0,0,0,0,0,1
rt,rtpa466,152.7398,-30.395,0,0,0,0,0,0,0
rt,rtpa48,153.0687,-30.3971,0,1,0,0,0,0,0
rt,rtpa771,152.4503,-30.3996,0,0,0,0,0,0,0
rt,rtpa467,152.5586,-30.4018,0,0,0,0,0,0,1
rt,rtpa468,152.6148,-30.4019,1,0,0,1,0,1,0
rt,rtpa646,152.771,-30.4023,0,0,0,0,0,0,0
rt,rtpa452,152.5586,-30.4036,1,0,0,0,0,0,0
rt,rtpa703,152.7231,-30.404,1,0,0,0,0,0,0
rt,rtpa705,152.8334,-30.4042,1,0,0,0,0,0,0
rt,rtpa49,153.0729,-30.4079,0,1,1,0,0,0,0
rt,rtpa453,152.5939,-30.4127,0,0,0,1,0,1,1
rt,rtpa636,152.9542,-30.4151,0,0,0,0,0,0,1
rt,rtpa454,152.6314,-30.42,0,0,0,0,0,0,1
rt,rtpa455,152.6126,-30.4272,0,0,0,0,0,0,1
rt,rtpa469,152.2502,-30.4292,0,0,0,0,0,0,0
rt,rtpa637,152.9458,-30.435,0,0,0,0,0,0,0
rt,rtpa750,153.0708,-30.435,0,0,0,0,0,1,0
rt,rtpa470,152.2523,-30.4365,0,0,0,0,0,0,0
rt,rtpa50,153.0625,-30.4404,0,1,1,0,0,0,0
rt,rtpa456,152.6001,-30.4434,1,0,0,1,0,1,0
rt,rtpa647,153.0625,-30.444,0,0,1,0,0,0,0
rt,rtpa51,153.0562,-30.4458,0,0,1,1,0,0,0
rt,rtpa749,152.8938,-30.4494,0,0,0,1,0,1,0
rt,rtpa524,152.8938,-30.4512,0,0,0,1,0,1,0
rt,rtpa52,153.0562,-30.4512,0,0,0,0,0,1,0
rt,rtpa457,152.5313,-30.4558,0,0,0,0,0,0,1
rt,rtpa642,152.9333,-30.4602,0,0,0,0,0,1,1
rt,rtpa458,152.5292,-30.4612,1,0,0,0,0,1,1
rt,rtpa459,152.5104,-30.4666,1,0,0,0,0,1,0
rt,rtpa471,152.4916,-30.4683,1,0,0,1,0,1,0
rt,rtpa460,152.5124,-30.4738,0,0,0,0,0,0,1
rt,rtpa461,152.5208,-30.4738,1,0,0,0,0,0,1
rt,rtpa429,152.9041,-30.4819,1,0,0,1,0,1,1
rt,rtpa780,152.3956,-30.4914,0,0,0,0,0,0,0
rt,rtpa742,152.4019,-30.495,0,0,0,0,0,0,0
rt,rtpa606,152.3955,-30.5076,0,0,0,0,0,0,0
rt,rtpa572,152.9083,-30.518,0,0,0,0,0,0,0
rt,rtpa738,152.3579,-30.52,0,0,0,0,0,0,0
rt,rtpa512,152.3538,-30.5236,0,0,0,0,0,0,0
rt,rtpa759,152.041,-30.5343,0,0,0,0,0,0,0
rt,rtpa739,152.3036,-30.5342,0,0,0,0,0,0,0
rt,rtpa598,152.3599,-30.5399,0,0,0,0,0,0,1
rt,rtpa586,152.3641,-30.5399,0,0,0,0,0,0,1
rt,rtpa484,152.7206,-30.5412,0,0,0,0,0,0,1
rt,rtpa485,152.535,-30.5443,1,0,0,0,0,1,1
rt,rtpa686,152.5392,-30.5443,1,0,0,0,0,1,0
rt,rtpa685,152.5371,-30.5461,1,0,0,0,0,1,0
rt,rtpa740,152.3327,-30.547,0,0,0,0,0,0,0
rt,rtpa513,152.0262,-30.5487,0,0,0,0,0,0,0
rt,rtpa687,152.5954,-30.5589,1,0,0,0,0,1,1
rt,rtpa688,152.5975,-30.5589,1,0,0,0,0,0,1
rt,rtpa745,152.3285,-30.5614,0,0,0,0,0,0,0
rt,rtpa744,152.3347,-30.5669,0,0,0,0,0,0,0
rt,rtpa743,152.3368,-30.5687,0,0,0,0,0,0,0
rt,rtpa788,152.0572,-30.5832,0,0,0,1,1,0,0
rt,rtpa486,152.589,-30.5932,1,0,0,1,0,1,1
rt,rtpa640,152.5953,-30.5968,1,0,0,0,0,1,1
rt,rtpa918,152.4231,-30.598,0,0,0,0,0,0,1
rt,rtpa919,152.4523,-30.6062,0,0,0,0,0,1,1
rt,rtpa796,152.1445,-30.6127,1,0,0,1,1,0,0
rt,rtpa920,152.3129,-30.6218,0,0,0,0,0,0,0
rt,rtpa641,152.7162,-30.6242,0,0,0,0,0,0,0
rt,rtpa921,152.4725,-30.6356,0,0,0,0,0,1,1
rt,rtpa922,152.3378,-30.6418,1,0,0,0,0,0,1
rt,rtpa638,152.618,-30.6474,0,0,0,0,0,0,1
rt,rtpa923,152.2632,-30.6513,1,0,0,0,0,0,1
rt,rtpa787,151.95,-30.6545,0,0,0,0,1,0,0
rt,rtpa651,152.5867,-30.6545,0,0,0,0,0,1,0
rt,rtpa649,152.5407,-30.6562,1,0,0,0,0,0,1
rt,rtpa924,152.3674,-30.6631,0,0,0,0,0,0,0
rt,rtpa611,152.1983,-30.6653,1,0,0,0,0,0,1
rt,rtpa71,152.6534,-30.6655,1,0,0,1,0,1,0
rt,rtpa433,152.1837,-30.6725,0,0,0,0,0,0,1
rt,rtpa432,152.1836,-30.6743,1,0,0,0,0,1,0
rt,rtpa925,152.2557,-30.6765,1,0,0,0,0,1,0
rt,rtpa682,152.6701,-30.6818,1,0,0,0,0,1,1
rt,rtpa926,152.4571,-30.6901,1,0,0,0,0,1,0
rt,rtpa927,152.2608,-30.6919,1,0,0,0,0,0,0
rt,rtpa650,152.6074,-30.6997,0,0,0,0,0,0,0
rt,rtpa72,152.6596,-30.7035,1,0,0,0,0,1,1
rt,rtpa928,152.5452,-30.7085,1,0,0,0,0,0,1
rt,rtpa24,152.9812,-30.7093,0,0,1,0,0,0,0
rt,rtpa680,152.6992,-30.727,1,0,0,0,0,0,0
rt,rtpa679,152.7013,-30.727,1,0,0,0,0,0,0
rt,rtpa25,152.977,-30.7292,0,1,1,0,0,0,0
rt,rtpa678,152.6908,-30.7306,1,0,0,0,0,1,0
rt,rtpa474,151.9137,-30.7318,0,0,0,0,1,0,0
rt,rtpa26,152.9791,-30.7328,0,1,1,0,0,0,0
rt,rtpa434,152.0035,-30.7362,0,0,0,0,1,0,0
rt,rtpa929,152.5774,-30.7547,0,0,0,0,0,1,0
rt,rtpa22,152.7764,-30.7579,1,0,0,0,0,1,1
rt,rtpa631,152.9415,-30.7653,0,0,0,0,0,0,0
rt,rtpa930,152.935,-30.7884,0,0,0,0,0,0,0
rt,rtpa475,152.9457,-30.7887,0,0,0,1,0,1,1
rt,rtpa931,152.9381,-30.7907,1,0,0,0,0,0,1
rt,rtpa476,152.9875,-30.7905,0,0,1,0,0,0,0
rt,rtpa548,152.9916,-30.7905,0,1,1,0,0,1,0
rt,rtpa477,152.9916,-30.7923,0,0,1,0,0,0,0
rt,rtpa423,152.5673,-30.7934,1,0,0,1,0,1,0
rt,rtpa932,152.9645,-30.7948,0,0,0,0,0,0,1
rt,rtpa424,152.5589,-30.7952,1,0,0,1,1,1,0
rt,rtpa933,152.2223,-30.8035,0,0,0,0,0,0,0
rt,rtpa478,152.9205,-30.8158,1,0,0,0,0,1,0
rt,rtpa934,152.908,-30.8216,1,0,0,0,0,1,0
rt,rtpa935,152.9088,-30.8221,0,0,0,0,0,0,0
rt,rtpa936,152.9151,-30.8385,0,0,0,0,0,0,0
rt,rtpa479,153.0042,-30.8735,0,1,1,0,0,0,0
rt,rtpa938,152.3205,-30.8817,0,0,0,0,0,0,1
rt,rtpa937,152.7719,-30.8819,0,0,0,0,0,0,1
rt,rtpa939,152.3252,-30.8871,1,0,0,0,0,1,1
rt,rtpa79,152.3325,-30.8899,1,0,0,1,0,1,0
rt,rtpa751,151.9599,-30.8964,0,0,0,0,0,0,0
rt,rtpa90,152.3094,-30.8988,1,0,0,1,0,0,1
rt,rtpa558,153.0774,-30.9006,0,0,1,0,0,0,1
rt,rtpa632,153.0732,-30.9024,0,0,0,0,0,0,0
rt,rtpa550,153.0774,-30.9042,0,0,1,0,0,0,0
rt,rtpa20,152.1565,-30.9159,1,0,0,0,1,0,0
rt,rtpa97,152.3888,-30.919,1,0,0,0,1,0,0
rt,rtpa21,152.1543,-30.9213,0,0,0,0,1,0,0
rt,rtpa98,152.3678,-30.9261,1,0,0,0,1,1,0
rt,rtpa66,153.0795,-30.9259,0,0,1,0,0,0,0
rt,rtpa940,152.3741,-30.9307,1,0,0,0,0,1,0
rt,rtpa99,152.3071,-30.9331,1,0,0,1,1,1,0
rt,rtpa617,152.1249,-30.9392,1,0,0,0,0,1,0
rt,rtpa67,153.0209,-30.9493,0,0,0,0,0,0,0
rt,rtpa100,152.397,-30.9497,1,0,0,1,1,1,0
rt,rtpa128,152.977,-30.9511,0,0,1,0,0,0,0
rt,rtpa101,152.466,-30.9555,1,0,0,0,1,0,0
rt,rtpa129,152.977,-30.9566,0,0,1,0,0,1,0
rt,rtpa102,152.443,-30.9572,0,0,0,0,1,0,0
rt,rtpa941,152.3655,-30.9586,1,0,0,0,0,0,0
rt,rtpa80,152.3969,-30.9606,1,0,0,1,1,0,0
rt,rtpa103,152.3487,-30.9621,1,0,0,0,1,0,0
rt,rtpa81,152.3487,-30.9658,1,0,0,0,1,0,0
rt,rtpa82,152.355,-30.9658,1,0,0,1,1,1,0
rt,rtpa83,152.3863,-30.9732,1,0,0,1,0,0,0
rt,rtpa85,152.3445,-30.9748,1,0,0,0,0,1,1
rt,rtpa84,152.357,-30.9748,1,0,0,0,0,1,0
rt,rtpa737,151.9779,-30.976,0,0,0,1,0,0,0
rt,rtpa942,152.3638,-30.9771,1,0,0,0,1,0,0
rt,rtpa87,152.2962,-30.9817,1,0,0,0,1,1,0
rt,rtpa88,152.336,-30.9819,1,0,0,1,0,0,0
rt,rtpa86,152.3633,-30.9821,0,0,0,0,0,1,1
rt,rtpa89,152.3255,-30.9837,1,0,0,0,0,0,0
rt,rtpa93,152.2941,-30.9853,1,0,0,0,0,1,1
rt,rtpa92,152.359,-30.9857,1,0,0,1,0,0,0
rt,rtpa91,152.3946,-30.9858,1,0,0,0,0,1,1
rt,rtpa94,152.4239,-30.9896,1,0,0,0,0,1,0
rt,rtpa95,152.3904,-30.993,1,0,0,0,0,1,1
rt,rtpa96,152.3862,-30.9948,0,0,0,0,0,0,0
rt,rtpa78,152.5894,-31.001,0,0,0,0,1,0,0
rt,rtpa57,152.6103,-31.0101,0,0,0,0,1,0,0
rt,rtpa943,152.361,-31.0118,0,0,0,0,0,0,1
rt,rtpa504,152.1829,-31.0135,1,0,0,0,1,0,0
rt,rtpa7,152.4384,-31.0257,1,0,0,0,0,1,0
rt,rtpa944,152.3064,-31.026,0,0,0,0,0,0,0
rt,rtpa11,152.4195,-31.0292,0,0,0,1,0,0,1
rt,rtpa10,152.4258,-31.0293,1,0,0,0,0,1,1
rt,rtpa12,152.3126,-31.0359,1,0,0,0,0,0,1
rt,rtpa13,152.3964,-31.0418,1,0,0,0,0,0,1
rt,rtpa945,152.3974,-31.0418,1,0,0,0,0,0,1
rt,rtpa14,152.3084,-31.0431,0,0,0,0,0,0,1
rt,rtpa15,152.3838,-31.0453,1,0,0,0,0,1,1
rt,rtpa946,152.3497,-31.0506,0,0,0,0,0,0,1
rt,rtpa947,152.3418,-31.0523,0,0,0,0,0,0,1
rt,rtpa505,152.193,-31.0569,1,0,0,0,1,0,0
rt,rtpa506,152.2453,-31.0644,1,0,0,0,0,0,0
rt,rtpa577,152.2474,-31.0663,0,0,0,0,1,0,0
rt,rtpa948,152.3364,-31.0726,1,0,0,0,0,1,0
rt,rtpa578,151.8008,-31.0737,0,0,0,0,0,0,0
rt,rtpa16,152.3374,-31.0812,0,0,0,0,0,0,0
rt,rtpa17,152.3374,-31.0866,1,0,0,1,0,1,0
rt,rtpa507,152.2242,-31.0878,1,0,0,0,1,1,0
rt,rtpa949,152.33,-31.0947,0,0,0,0,0,0,1
rt,rtpa508,152.245,-31.1023,1,0,0,0,0,0,1
rt,rtpa9,152.4484,-31.1034,1,0,0,0,0,1,1
rt,rtpa950,152.3352,-31.1051,0,0,0,0,0,0,0
rt,rtpa58,152.6875,-31.106,0,0,0,0,1,0,0
rt,rtpa8,152.3309,-31.11,0,0,0,0,0,0,0
rt,rtpa951,152.3466,-31.1151,0,0,0,0,0,0,0
rt,rtpa616,152.2659,-31.1169,0,0,0,0,0,0,0
rt,rtpa401,152.4021,-31.1356,1,0,0,0,0,1,1
rt,rtpa952,152.3721,-31.1472,0,0,0,0,0,1,0
rt,rtpa620,152.3642,-31.1517,0,0,0,0,0,0,0
rt,rtpa619,152.3663,-31.1517,0,0,0,0,0,0,0
rt,rtpa405,152.3915,-31.1536,1,0,0,0,0,1,0
rt,rtpa406,152.3831,-31.1572,1,0,0,0,0,1,1
rt,rtpa953,152.3715,-31.1581,0,0,0,0,0,0,1
rt,rtpa408,152.3998,-31.1645,0,0,0,0,0,0,1
rt,rtpa954,152.468,-31.1657,0,0,0,0,0,0,1
rt,rtpa955,152.3935,-31.173,1,0,0,0,0,0,1
rt,rtpa709,152.2633,-31.1746,0,0,0,0,0,0,1
rt,rtpa409,152.3221,-31.1767,0,0,0,0,0,0,0
rt,rtpa956,152.3866,-31.1816,1,0,0,0,0,1,1
rt,rtpa711,152.2507,-31.1836,0,0,0,0,0,0,0
rt,rtpa410,152.3388,-31.1841,0,0,0,0,0,0,0
rt,rtpa710,152.2506,-31.1854,0,0,0,0,0,0,0
rt,rtpa514,152.1646,-31.1866,0,0,0,0,0,0,1
rt,rtpa625,152.3661,-31.1914,1,0,0,0,0,0,0
rt,rtpa624,152.3703,-31.1914,1,0,0,0,0,0,0
rt,rtpa411,152.3639,-31.1932,1,0,0,0,0,1,1
rt,rtpa623,152.3681,-31.1932,1,0,0,0,0,0,1
rt,rtpa957,152.7402,-31.1945,1,0,0,0,0,0,0
rt,rtpa958,152.366,-31.1959,0,0,0,0,0,0,1
rt,rtpa621,152.3639,-31.1968,0,0,0,0,0,0,1
rt,rtpa960,152.3335,-31.2003,0,0,0,0,0,0,1
rt,rtpa959,152.4012,-31.1997,0,0,0,0,0,0,1
rt,rtpa712,152.2043,-31.2013,0,0,0,0,0,0,1
rt,rtpa961,152.7475,-31.2017,0,0,0,0,0,0,0
rt,rtpa962,152.4778,-31.2036,1,0,0,0,0,0,0
rt,rtpa515,152.1791,-31.2066,0,0,0,0,0,0,1
rt,rtpa963,152.3801,-31.2059,0,0,0,0,0,0,1
rt,rtpa412,152.324,-31.2074,1,0,0,1,0,1,1
rt,rtpa964,152.4751,-31.2077,1,0,0,0,0,1,1
rt,rtpa516,152.2316,-31.2105,1,0,0,0,0,0,1
rt,rtpa403,152.4772,-31.2118,1,0,0,1,0,1,1
rt,rtpa402,152.3197,-31.2146,1,0,0,0,0,1,1
rt,rtpa626,152.3848,-31.2168,1,0,0,0,0,0,0
rt,rtpa517,152.2357,-31.2178,1,0,0,0,0,0,1
rt,rtpa965,152.4257,-31.2179,0,0,0,0,0,0,0
rt,rtpa736,152.4058,-31.2187,0,0,0,0,0,0,1
rt,rtpa966,152.4047,-31.2268,1,0,0,0,0,0,1
rt,rtpa967,152.4403,-31.2305,1,0,0,0,0,1,0
rt,rtpa404,152.4182,-31.2458,1,0,0,1,0,1,1
rt,rtpa714,152.3195,-31.2471,1,0,0,0,0,1,0
rt,rtpa69,152.9643,-31.2561,0,0,1,0,0,1,0
rt,rtpa629,152.3655,-31.2708,1,0,0,0,0,0,0
rt,rtpa968,152.3708,-31.2708,0,0,0,0,0,0,1
rt,rtpa627,152.3928,-31.2727,1,0,0,0,0,0,0
rt,rtpa969,152.3729,-31.2735,0,0,0,0,0,0,1
rt,rtpa970,152.4826,-31.2754,0,0,0,0,0,0,1
rt,rtpa971,152.5357,-31.2797,1,0,0,0,0,1,1
rt,rtpa972,152.533,-31.2837,0,0,0,0,0,0,0
rt,rtpa973,152.1459,-31.2844,0,0,0,0,0,0,0
rt,rtpa559,152.9643,-31.2868,0,0,1,0,0,0,0
rt,rtpa630,152.3318,-31.2887,1,0,0,0,0,1,1
rt,rtpa746,152.5272,-31.2895,1,0,0,0,0,1,1
rt,rtpa747,152.5314,-31.2896,1,0,0,0,0,1,1
rt,rtpa974,152.027,-31.2939,0,0,0,0,0,0,0
rt,rtpa975,152.4924,-31.3138,0,0,0,0,0,0,0
rt,rtpa70,152.9706,-31.3157,0,0,1,0,0,0,0
rt,rtpa708,152.588,-31.3168,1,0,0,0,0,1,0
rt,rtpa556,152.9664,-31.3211,0,0,1,0,0,0,0
rt,rtpa976,152.4918,-31.3232,0,0,0,0,0,0,0
rt,rtpa667,152.4681,-31.3326,0,0,0,0,0,1,0
rt,rtpa977,152.076,-31.3372,0,0,0,0,0,0,0
rt,rtpa590,152.1632,-31.3382,0,0,0,0,0,0,1
rt,rtpa978,152.0128,-31.3471,0,0,0,0,0,0,0
rt,rtpa979,152.0978,-31.3621,0,0,0,0,0,0,1
rt,rtpa532,151.9317,-31.3654,1,0,0,1,0,1,0
rt,rtpa980,152.0105,-31.3651,0,0,0,0,0,0,0
rt,rtpa981,152.1199,-31.3659,0,0,0,0,0,0,1
rt,rtpa982,152.1125,-31.3681,0,0,0,0,0,0,1
rt,rtpa983,152.1125,-31.3695,0,0,0,0,0,1,1
rt,rtpa984,152.103,-31.3725,0,0,0,0,0,1,0
rt,rtpa53,152.2071,-31.3782,1,0,0,1,0,1,1
rt,rtpa985,152.1082,-31.3802,0,0,0,0,0,0,0
rt,rtpa986,152.0935,-31.3815,1,0,0,0,0,0,1
rt,rtpa734,151.7338,-31.3834,0,0,0,0,0,0,0
rt,rtpa54,152.2196,-31.3855,0,0,0,0,0,0,1
rt,rtpa55,152.228,-31.391,1,0,0,0,1,0,0
rt,rtpa735,151.7757,-31.3928,0,0,0,0,0,0,0
rt,rtpa56,152.2322,-31.3928,1,0,0,1,0,1,0
rt,rtpa668,152.5288,-31.3924,1,0,0,0,0,1,0
rt,rtpa987,152.0197,-31.3967,0,0,0,0,0,0,0
rt,rtpa988,152.0827,-31.4053,0,0,0,0,0,0,1
rt,rtpa989,152.0743,-31.4062,1,0,0,0,0,1,0
rt,rtpa990,152.1426,-31.4112,1,0,0,1,0,1,1
rt,rtpa831,152.2636,-31.4128,0,0,0,0,1,0,0
rt,rtpa43,152.9095,-31.4149,0,0,1,0,0,0,0
rt,rtpa991,152.1552,-31.4171,1,0,0,0,0,0,1
rt,rtpa992,152.1583,-31.4248,1,0,0,0,0,0,1
rt,rtpa993,152.1624,-31.4284,1,0,0,0,0,1,0
rt,rtpa658,152.7033,-31.4344,0,0,0,0,0,0,0
rt,rtpa994,152.0834,-31.4414,0,0,0,0,0,1,1
rt,rtpa995,152.1475,-31.4491,0,0,0,0,0,0,1
rt,rtpa996,152.1727,-31.4556,0,0,0,0,0,0,1
rt,rtpa684,152.5369,-31.4556,1,0,0,0,0,0,0
rt,rtpa733,151.8149,-31.4582,0,0,0,1,0,0,0
rt,rtpa997,152.1737,-31.4637,0,0,0,0,0,1,0
rt,rtpa46,152.9284,-31.4636,0,0,0,0,0,1,1
rt,rtpa45,152.9305,-31.4636,0,0,0,0,0,0,0
rt,rtpa44,152.9326,-31.4636,0,0,1,0,0,0,0
rt,rtpa998,152.1357,-31.4779,0,0,0,0,0,0,1
rt,rtpa697,152.6779,-31.4777,0,0,0,0,0,0,0
rt,rtpa999,152.1262,-31.4787,0,0,0,0,0,0,1
rt,rtpa1000,152.2315,-31.4821,0,0,0,0,0,0,1
rt,rtpa1001,152.2019,-31.4873,0,0,0,0,0,0,0
rt,rtpa748,152.7389,-31.4905,0,0,0,0,0,0,0
rt,rtpa1002,152.1617,-31.5087,0,0,0,0,0,0,1
rt,rtpa106,152.6693,-31.5083,1,0,0,1,1,1,1
rt,rtpa732,151.7636,-31.5154,0,0,0,0,0,0,1
rt,rtpa1003,152.1406,-31.5194,1,0,0,0,0,0,1
rt,rtpa1004,152.1383,-31.5329,0,0,0,0,0,0,0
rt,rtpa1005,152.1393,-31.5383,1,0,0,0,0,0,1
rt,rtpa718,152.1804,-31.5404,0,0,0,0,0,0,1
rt,rtpa1006,152.2929,-31.5411,0,0,0,0,1,0,0
rt,rtpa1007,152.231,-31.5416,0,0,0,0,0,0,1
rt,rtpa731,151.7926,-31.55,1,0,0,0,0,0,0
rt,rtpa719,152.155,-31.5511,0,0,0,0,0,0,0
rt,rtpa724,152.0369,-31.5593,1,0,0,1,0,0,0
rt,rtpa666,152.3804,-31.5614,0,0,0,0,0,0,0
rt,rtpa725,152.0327,-31.5628,1,0,0,0,0,1,0
rt,rtpa581,152.2792,-31.5645,1,0,0,1,0,1,1
rt,rtpa655,152.8461,-31.5664,0,0,1,0,0,0,0
rt,rtpa670,152.568,-31.5676,1,0,0,0,0,1,0
rt,rtpa656,152.8461,-31.5682,0,0,0,0,0,0,0
rt,rtpa715,152.2961,-31.5718,0,0,0,0,0,1,0
rt,rtpa716,152.296,-31.5736,0,0,0,0,0,0,0
rt,rtpa673,152.3571,-31.5775,0,0,0,0,0,1,0
rt,rtpa726,152.0494,-31.5792,0,0,0,0,0,0,0
rt,rtpa720,152.2095,-31.5911,0,0,0,0,0,0,0
rt,rtpa662,152.4603,-31.596,1,0,0,1,0,0,0
rt,rtpa660,152.4624,-31.5961,1,0,0,0,0,1,0
rt,rtpa729,152.0028,-31.5987,0,0,0,0,0,0,1
rt,rtpa1008,152.0168,-31.5981,1,0,0,0,1,0,0
rt,rtpa107,152.65,-31.5985,0,0,0,0,0,0,0
rt,rtpa1009,152.1345,-31.6042,0,0,0,0,0,0,1
rt,rtpa1010,152.1777,-31.6054,1,0,0,0,0,0,1
rt,rtpa1011,152.1282,-31.6086,0,0,0,0,0,0,0
rt,rtpa674,152.3337,-31.6081,1,0,0,0,0,0,1
rt,rtpa541,152.4117,-31.6139,1,0,0,1,0,1,1
rt,rtpa657,152.4138,-31.6139,1,0,0,0,0,1,1
rt,rtpa665,152.4138,-31.6157,1,0,0,0,0,1,0
rt,rtpa441,152.4117,-31.6175,1,0,0,0,0,1,1
rt,rtpa1012,151.7741,-31.6181,1,0,0,0,0,1,1
rt,rtpa442,152.4075,-31.6193,0,0,0,0,0,0,0
rt,rtpa593,152.4117,-31.6193,0,0,0,0,0,0,0
rt,rtpa675,152.3526,-31.6208,0,0,0,0,0,1,1
rt,rtpa671,152.5529,-31.6235,0,0,0,0,0,0,1
rt,rtpa1013,152.1142,-31.632,1,0,0,0,0,1,1
rt,rtpa676,152.3061,-31.6314,1,0,0,0,0,0,1
rt,rtpa1014,152.1448,-31.6322,0,0,0,0,0,0,1
rt,rtpa1015,152.208,-31.6389,0,0,0,0,0,0,0
rt,rtpa672,152.5824,-31.6398,0,0,0,0,0,0,1
rt,rtpa1016,152.1036,-31.641,1,0,0,0,0,1,1
rt,rtpa677,152.2976,-31.6404,1,0,0,0,0,1,0
rt,rtpa663,152.5444,-31.6451,0,0,0,0,0,0,0
rt,rtpa727,152.055,-31.6478,1,0,0,0,0,0,0
rt,rtpa722,152.1225,-31.6519,1,0,0,0,0,0,0
rt,rtpa689,152.1457,-31.6539,0,0,0,0,0,0,1
rt,rtpa659,152.4663,-31.6556,0,0,0,0,0,1,0
rt,rtpa1017,152.0992,-31.6581,0,0,0,0,0,1,0
rt,rtpa18,152.1541,-31.6575,1,0,0,0,0,0,0
rt,rtpa1018,152.1667,-31.6594,0,0,0,0,0,1,0
rt,rtpa1019,152.2179,-31.6599,1,0,0,0,0,0,0
rt,rtpa723,152.095,-31.6625,1,0,0,1,0,1,0
rt,rtpa728,152.0654,-31.6677,0,0,0,0,0,0,0
rt,rtpa1020,152.135,-31.6682,1,0,0,0,0,1,1
rt,rtpa19,152.1413,-31.6683,1,0,0,1,0,0,1
rt,rtpa681,152.1434,-31.6683,1,0,0,0,0,1,1
rt,rtpa721,152.1898,-31.6686,0,0,0,0,0,0,0
rt,rtpa669,152.0147,-31.6692,0,0,0,0,0,0,0
rt,rtpa1021,152.2373,-31.6707,0,0,0,0,0,0,0
rt,rtpa1022,151.9148,-31.6855,1,0,0,0,0,1,0
rt,rtpa653,152.5125,-31.7027,1,0,0,0,0,0,0
rt,rtpa1023,151.8416,-31.7056,0,0,0,0,0,0,0
rt,rtpa23,152.6771,-31.705,1,0,0,0,0,1,0
rt,rtpa804,151.7315,-31.7082,0,0,0,0,1,0,0
rt,rtpa805,151.7463,-31.7083,0,0,0,0,1,1,0
rt,rtpa806,151.7568,-31.7102,0,0,0,0,1,1,0
rt,rtpa827,151.7166,-31.7188,0,0,0,0,1,0,0
rt,rtpa828,151.7144,-31.7206,0,0,0,0,1,0,0
rt,rtpa803,151.7376,-31.7263,1,0,0,0,1,1,0
rt,rtpa826,151.7354,-31.728,0,0,0,0,0,1,1
rt,rtpa811,151.7671,-31.7302,0,0,0,0,1,0,0
rt,rtpa801,151.767,-31.7338,0,0,0,0,0,0,0
rt,rtpa825,151.7353,-31.7353,0,0,0,0,1,0,0
rt,rtpa652,152.5292,-31.7389,0,0,0,0,0,0,0
rt,rtpa822,151.7353,-31.7407,0,0,0,0,1,1,0
rt,rtpa1024,152.1765,-31.7407,0,0,0,0,0,0,0
rt,rtpa823,151.7627,-31.7446,1,0,0,0,1,1,0
rt,rtpa802,151.7753,-31.7447,1,0,0,0,1,1,1
rt,rtpa135,152.3053,-31.7469,1,0,0,0,0,1,1
rt,rtpa451,151.7225,-31.7478,1,0,0,0,0,1,1
rt,rtpa808,151.7309,-31.7497,1,0,0,0,0,1,1
rt,rtpa824,151.8217,-31.7505,1,0,0,0,1,1,0
rt,rtpa41,151.7203,-31.7514,1,0,0,0,1,1,0
rt,rtpa447,152.5396,-31.7533,1,0,0,0,0,1,1
rt,rtpa807,151.7372,-31.7569,1,0,0,0,1,1,0
rt,rtpa1025,152.1077,-31.7583,0,0,0,0,0,0,0
rt,rtpa810,151.7434,-31.766,1,0,0,0,0,1,0
rt,rtpa809,151.7771,-31.7718,1,0,0,1,0,1,0
rt,rtpa812,151.7876,-31.7773,1,0,0,0,1,1,0
rt,rtpa448,152.5373,-31.7912,0,0,0,0,0,0,1
rt,rtpa819,151.8633,-31.7996,0,0,0,0,1,0,0
rt,rtpa800,151.7957,-31.8026,0,0,0,0,1,0,0
rt,rtpa73,151.8041,-31.8045,1,0,0,1,0,0,0
rt,rtpa1026,152.1411,-31.8045,0,0,0,0,0,0,1
rt,rtpa74,151.8041,-31.8063,1,0,0,1,0,1,0
rt,rtpa817,151.9245,-31.8074,0,0,0,0,1,0,0
rt,rtpa818,151.9224,-31.811,1,0,0,0,1,1,0
rt,rtpa1027,152.173,-31.8148,1,0,0,0,0,1,1
rt,rtpa815,151.899,-31.818,1,0,0,0,1,1,0
rt,rtpa814,151.8757,-31.8232,1,0,0,0,0,1,0
rt,rtpa816,151.882,-31.825,1,0,0,0,1,0,0
rt,rtpa813,151.8715,-31.8268,1,0,0,1,1,1,0
rt,rtpa75,151.9115,-31.8343,1,0,0,1,0,0,0
rt,rtpa76,151.92,-31.8344,1,0,0,0,1,0,0
rt,rtpa820,151.9411,-31.8382,1,0,0,0,1,1,0
rt,rtpa821,151.9601,-31.8383,1,0,0,0,1,1,0
rt,rtpa449,152.7337,-31.8387,0,0,1,0,0,0,0
rt,rtpa77,151.776,-31.8511,0,0,0,0,0,1,1
rt,rtpa618,152.7273,-31.8549,0,0,1,0,0,0,0
rt,rtpa1028,151.7957,-31.8649,0,0,0,0,0,1,1
rt,rtpa551,152.6976,-31.8711,0,0,1,0,0,0,0
rt,rtpa104,152.3784,-31.8717,1,0,0,0,0,1,0
rt,rtpa42,151.5664,-31.8742,0,0,0,0,0,0,0
rt,rtpa130,151.5664,-31.8778,0,0,0,0,0,0,1
rt,rtpa1029,151.5634,-31.8973,0,0,0,0,0,0,0
rt,rtpa1030,151.4342,-31.8988,0,0,0,0,0,0,0
rt,rtpa435,152.0398,-31.8985,1,0,0,1,0,1,0
rt,rtpa450,152.6616,-31.8999,0,0,1,0,0,0,0
rt,rtpa1032,151.46,-31.9056,0,0,0,0,0,0,0
rt,rtpa1031,152.1899,-31.9086,0,0,0,0,0,0,0
rt,rtpa608,151.4241,-31.9158,0,0,0,0,0,0,0
rt,rtpa1033,151.7998,-31.9159,0,0,0,0,0,0,0
rt,rtpa68,152.4542,-31.9226,1,0,0,0,0,0,0
rt,rtpa27,151.4937,-31.9257,0,0,0,0,0,0,0
rt,rtpa131,151.555,-31.9318,0,0,0,0,0,1,1
rt,rtpa436,152.1155,-31.9442,0,0,0,0,1,0,0
rt,rtpa437,152.1133,-31.9478,0,0,0,0,1,0,0
rt,rtpa438,152.1091,-31.9495,1,0,0,0,0,1,0
rt,rtpa132,151.525,-31.9513,0,0,0,1,0,1,1
rt,rtpa28,151.4487,-31.9576,0,0,0,0,0,0,0
rt,rtpa133,151.5164,-31.9602,0,0,0,0,0,0,0
rt,rtpa439,152.1195,-31.9622,1,0,0,0,1,1,0
rt,rtpa440,152.128,-31.9641,1,0,0,0,1,1,0
rt,rtpa1034,151.5279,-31.9678,0,0,0,0,0,0,0
rt,rtpa1035,151.5016,-31.9801,0,0,0,0,0,1,0
rt,rtpa29,151.4907,-31.9816,0,0,0,0,0,0,0
rt,rtpa134,151.4991,-31.9871,0,0,0,0,0,0,0
rt,rtpa511,152.5616,-32.0114,0,0,1,0,0,0,0
rt,rtpa413,151.4753,-32.0139,0,0,0,0,0,0,0
rt,rtpa481,152.104,-32.0325,1,0,0,0,0,0,0
rt,rtpa488,151.6528,-32.0393,0,0,0,0,0,1,1
rt,rtpa416,151.4706,-32.0409,0,0,0,0,0,0,0
rt,rtpa482,152.0933,-32.045,1,0,0,0,0,1,0
rt,rtpa483,152.0954,-32.0469,0,0,0,0,1,0,0
rt,rtpa418,151.4217,-32.0529,0,0,0,0,0,0,0
rt,rtpa498,151.5446,-32.0526,0,0,0,0,0,1,1
rt,rtpa1036,151.633,-32.0524,0,0,0,0,0,1,1
rt,rtpa496,151.6738,-32.0522,0,0,0,0,0,1,0
rt,rtpa497,151.6802,-32.0522,0,0,0,0,0,0,0
rt,rtpa417,151.4047,-32.0545,0,0,0,0,0,0,0
rt,rtpa607,151.4534,-32.0569,0,0,0,0,0,0,0
rt,rtpa499,151.6356,-32.059,0,0,0,0,0,1,1
rt,rtpa500,151.5593,-32.0617,0,0,0,0,0,0,0
rt,rtpa501,151.6504,-32.0627,0,0,0,1,0,1,1
rt,rtpa503,151.5656,-32.0636,0,0,0,0,0,0,0
rt,rtpa419,151.4893,-32.0645,0,0,0,0,0,0,0
rt,rtpa502,151.5931,-32.0657,0,0,0,0,0,0,0
rt,rtpa489,151.629,-32.077,0,0,0,1,0,1,1
rt,rtpa557,152.5423,-32.0781,0,0,1,0,0,0,0
rt,rtpa1037,151.7099,-32.0823,0,0,0,0,0,1,1
rt,rtpa420,151.4508,-32.0857,0,0,0,0,0,0,1
rt,rtpa491,151.5949,-32.0874,0,0,0,0,0,0,0
rt,rtpa422,151.3787,-32.0884,0,0,0,1,0,1,1
rt,rtpa490,151.6712,-32.0882,0,0,0,1,0,1,0
rt,rtpa604,151.5207,-32.0902,0,0,0,0,0,0,1
rt,rtpa421,151.4423,-32.091,0,0,0,1,0,0,1
rt,rtpa414,151.3871,-32.0921,0,0,0,0,0,0,0
rt,rtpa589,151.6795,-32.0973,0,0,0,0,0,0,1
rt,rtpa603,151.5989,-32.1019,0,0,0,0,0,0,0
rt,rtpa492,151.6794,-32.1027,0,0,0,1,0,1,1
rt,rtpa487,151.7621,-32.1036,0,0,0,0,0,0,1
rt,rtpa493,151.707,-32.1048,0,0,0,1,0,0,0
rt,rtpa542,151.4865,-32.106,0,0,0,1,0,1,1
rt,rtpa494,151.5628,-32.1069,0,0,0,1,0,1,1
rt,rtpa543,151.3868,-32.1138,0,0,0,1,0,1,1
rt,rtpa1038,151.2959,-32.1171,0,0,0,0,0,0,0
rt,rtpa415,151.4248,-32.1179,0,0,0,1,0,1,1
rt,rtpa495,151.5944,-32.1181,0,0,0,0,0,0,1
rt,rtpa1040,151.4012,-32.1236,0,0,0,1,0,1,1
rt,rtpa1041,151.2811,-32.1248,0,0,0,0,0,0,0
rt,rtpa1039,151.671,-32.1245,0,0,0,0,0,0,1
rt,rtpa1042,151.4697,-32.1274,0,0,0,1,0,1,0
rt,rtpa121,151.6197,-32.1274,0,0,0,0,0,1,1
rt,rtpa122,151.643,-32.133,0,0,0,1,0,1,1
rt,rtpa1045,151.2765,-32.1331,0,0,0,0,0,0,0
rt,rtpa116,151.3567,-32.1332,0,0,0,1,0,1,1
rt,rtpa544,151.4733,-32.1347,0,0,0,1,0,1,1
rt,rtpa605,151.4267,-32.1359,0,0,0,0,0,0,1
rt,rtpa123,151.6026,-32.1362,0,0,0,0,0,1,1
rt,rtpa1044,151.6774,-32.1358,0,0,0,0,0,1,1
rt,rtpa127,151.503,-32.1369,0,0,0,1,0,1,1
rt,rtpa1043,151.8359,-32.1368,0,0,0,0,0,0,0
rt,rtpa124,151.6576,-32.1458,0,0,0,1,0,1,1
rt,rtpa125,151.6682,-32.1459,0,0,0,0,0,0,1
rt,rtpa1046,151.3001,-32.1478,0,0,0,0,0,0,0
rt,rtpa126,151.683,-32.1497,0,0,0,0,0,0,1
rt,rtpa117,151.3839,-32.1534,0,0,0,1,0,1,1
rt,rtpa118,151.316,-32.1598,0,0,0,1,0,1,1
rt,rtpa1047,151.704,-32.1632,0,0,0,0,0,1,1
rt,rtpa1048,151.7114,-32.1632,0,0,0,0,0,1,0
rt,rtpa1049,152.048,-32.1667,0,0,0,0,0,1,1
rt,rtpa1050,152.0301,-32.1677,0,0,0,0,0,1,1
rt,rtpa1051,151.717,-32.1699,0,0,0,0,0,1,0
rt,rtpa1052,151.3115,-32.1714,0,0,0,1,0,1,0
rt,rtpa119,151.339,-32.1781,0,0,0,0,0,0,1
rt,rtpa120,151.3432,-32.18,0,0,0,1,0,1,0
rt,rtpa152,152.0495,-32.1818,1,0,0,1,0,1,0
rt,rtpa1053,151.316,-32.1879,0,0,0,1,0,0,1
rt,rtpa1054,151.3409,-32.1908,0,0,0,0,0,0,0
rt,rtpa1055,151.2745,-32.1926,0,0,0,0,0,1,0
rt,rtpa153,152.0558,-32.1927,1,0,0,1,0,1,0
rt,rtpa533,151.8075,-32.1978,1,0,0,1,0,1,0
rt,rtpa1056,151.3352,-32.2021,0,0,0,0,0,1,0
rt,rtpa1057,151.3348,-32.2053,0,0,0,0,0,1,0
rt,rtpa1058,151.2496,-32.21,0,0,0,0,0,1,1
rt,rtpa585,151.7055,-32.2113,0,0,0,1,0,0,1
rt,rtpa154,152.0747,-32.2127,1,0,0,1,0,1,0
rt,rtpa155,152.0811,-32.2127,1,0,0,1,0,1,0
rt,rtpa1059,151.2718,-32.2153,0,0,0,0,0,0,0
rt,rtpa1060,151.3043,-32.2162,0,0,0,0,0,1,1
rt,rtpa1062,151.3282,-32.2172,0,0,0,0,0,1,1
rt,rtpa1063,151.3364,-32.2205,0,0,0,0,0,1,0
rt,rtpa1061,151.7584,-32.2217,0,0,0,0,0,0,0
rt,rtpa1065,151.3391,-32.2275,0,0,0,1,0,0,1
rt,rtpa1064,151.6925,-32.2278,0,0,0,0,0,1,0
rt,rtpa560,152.5564,-32.2297,1,0,1,0,0,0,0
rt,rtpa1066,151.3125,-32.2325,0,0,0,1,0,1,0
rt,rtpa1067,151.3257,-32.2363,0,0,0,0,0,1,0
rt,rtpa445,152.4989,-32.2476,0,0,0,0,0,0,0
rt,rtpa446,152.4926,-32.2493,0,0,1,0,0,0,0
rt,rtpa573,151.7979,-32.2825,0,0,0,1,0,1,0
rt,rtpa38,152.5325,-32.3325,0,0,1,0,0,0,0
rt,rtpa552,152.5431,-32.3343,0,0,1,0,0,0,0
rt,rtpa39,152.5303,-32.3523,1,0,1,0,0,0,0
rt,rtpa575,152.5239,-32.3541,1,0,0,0,0,1,0
rt,rtpa30,152.3492,-32.4075,0,0,1,0,0,0,0
rt,rtpa509,151.6558,-32.4128,0,0,0,0,0,0,0
rt,rtpa31,152.3576,-32.4147,0,0,1,0,0,0,0
rt,rtpa32,152.3703,-32.4292,0,0,1,0,0,0,0
rt,rtpa33,152.3596,-32.4328,0,0,1,0,0,0,0
rt,rtpa561,152.5234,-32.4371,0,0,1,0,0,0,0
rt,rtpa545,151.683,-32.4419,0,0,0,1,0,1,0
rt,rtpa34,152.3446,-32.4525,0,0,0,0,0,1,0
rt,rtpa510,151.6356,-32.4829,0,0,0,1,0,1,0
rt,rtpa562,152.3099,-32.5426,0,0,1,0,0,0,0
rt,rtpa472,151.4959,-32.5625,0,0,0,0,0,1,0
rt,rtpa473,151.3851,-32.5684,0,0,0,0,0,1,0
rt,rtpa40,151.5146,-32.5916,0,0,0,0,0,1,0
rt,rtpa47,152.202,-32.6989,0,0,1,0,0,0,0
rt,rtpa138,151.9992,-32.7065,0,0,1,0,0,0,0