group,siteid,x,y,nsw47,nsw48,nsw49,nsw50,nsw51,nsw52,nsw53,nsw54
sr,srpa31,153.4828,-28.1651,0,0,0,0,0,0,0,0
sr,srpa30,153.4889,-28.1669,0,0,0,0,0,0,0,0
sr,srpa28,153.493,-28.1687,0,0,0,0,0,0,0,0
sr,srpa29,153.493,-28.1705,0,0,0,0,0,0,0,0
sr,srpa27,153.4951,-28.1705,0,0,0,0,0,0,0,0
sr,srpa17,153.5502,-28.1974,0,0,0,0,0,0,0,0
sr,srpa14,153.5543,-28.1974,0,0,0,0,0,0,0,0
sr,srpa18,153.5502,-28.201,0,0,0,0,0,0,0,0
sr,srpa594,152.5066,-28.2536,0,1,0,0,0,0,0,0
sr,srpa600,152.4993,-28.2579,0,1,0,0,0,0,0,0
sr,srpa588,152.5147,-28.2608,0,1,0,0,0,0,0,0
sr,srpa583,152.5229,-28.2644,0,0,0,0,0,0,0,0
sr,srpa579,152.5269,-28.2663,0,0,0,1,0,0,0,0
sr,srpa649,152.4248,-28.302,1,0,0,0,0,0,0,0
sr,srpa12,153.5609,-28.302,0,0,0,0,0,0,0,0
sr,srpa15,153.5548,-28.3039,0,0,0,0,0,0,0,0
sr,srpa605,152.4941,-28.3095,0,0,1,0,0,0,0,0
sr,srpa16,153.5549,-28.3111,0,0,0,0,0,0,0,0
sr,srpa595,152.5022,-28.3149,0,1,0,0,0,0,0,0
sr,srpa608,152.492,-28.3167,0,0,1,0,0,0,0,0
sr,srpa348,152.8878,-28.3212,0,1,0,1,0,0,0,0
sr,srpa347,152.8898,-28.3212,0,0,1,0,0,0,0,0
sr,srpa364,152.8438,-28.322,0,0,1,0,0,0,0,0
sr,srpa367,152.8409,-28.3248,0,0,0,0,0,0,0,0
sr,srpa659,152.4185,-28.3254,0,0,0,0,0,0,0,0
sr,srpa596,152.5022,-28.3258,0,1,1,1,0,0,0,0
sr,srpa591,152.5103,-28.3276,0,1,0,1,0,0,0,0
sr,srpa19,153.5489,-28.331,0,0,0,0,0,0,0,0
sr,srpa559,152.5613,-28.3332,0,1,0,0,0,0,0,0
sr,srpa305,152.9694,-28.3393,0,0,0,0,0,0,0,0
sr,srpa300,152.9755,-28.3393,0,0,1,0,0,1,0,0
sr,srpa561,152.5592,-28.3404,0,1,1,0,0,0,0,0
sr,srpa309,152.9674,-28.3411,0,0,0,0,0,0,0,0
sr,srpa311,152.9653,-28.3447,0,0,0,0,0,0,0,0
sr,srpa567,152.5429,-28.3494,0,0,1,0,0,0,0,0
sr,srpa564,152.5531,-28.3494,0,0,1,0,0,0,0,0
sr,srpa565,152.5449,-28.3566,0,1,1,0,0,0,0,0
sr,srpa472,152.7306,-28.3571,0,0,0,0,0,0,0,0
sr,srpa428,152.7571,-28.3662,0,0,0,0,0,1,0,0
sr,srpa241,153.1021,-28.3663,0,0,0,0,0,1,0,0
sr,srpa430,152.7551,-28.368,0,1,1,0,0,0,0,0
sr,srpa382,152.8163,-28.3681,0,0,0,0,0,1,0,0
sr,srpa379,152.8224,-28.3699,0,1,0,0,0,0,0,0
sr,srpa378,152.8245,-28.3699,0,1,0,0,0,0,0,0
sr,srpa372,152.8367,-28.3699,0,1,1,0,0,0,0,0
sr,srpa433,152.753,-28.3716,0,1,0,1,0,0,0,0
sr,srpa252,153.0755,-28.3718,0,0,1,0,0,1,0,0
sr,srpa369,152.8387,-28.3735,0,0,0,0,0,0,0,0
sr,srpa368,152.8408,-28.3735,0,0,0,0,0,0,0,0
sr,srpa263,153.0633,-28.3736,0,0,1,0,0,1,0,0
sr,srpa253,153.0735,-28.3736,0,0,0,0,0,1,0,0
sr,srpa426,152.7612,-28.3752,0,0,0,0,0,0,0,0
sr,srpa337,152.9204,-28.3754,1,1,0,1,0,1,0,0
sr,srpa327,152.9306,-28.3754,0,1,0,0,0,0,0,0
sr,srpa265,153.0612,-28.3754,0,0,0,0,0,1,0,0
sr,srpa380,152.8224,-28.3771,0,0,0,0,0,0,0,0
sr,srpa335,152.9224,-28.3772,1,1,0,0,0,0,0,0
sr,srpa331,152.9265,-28.3772,1,1,1,0,0,1,0,0
sr,srpa261,153.0653,-28.3772,0,1,1,0,0,1,0,0
sr,srpa258,153.0674,-28.3772,1,0,0,0,0,1,0,0
sr,srpa243,153.0959,-28.3772,0,0,0,0,0,1,0,0
sr,srpa238,153.1041,-28.3772,0,0,0,0,0,1,0,0
sr,srpa341,152.9143,-28.379,0,1,0,0,0,0,0,0
sr,srpa239,153.1041,-28.379,1,0,0,0,0,1,0,0
sr,srpa342,152.9143,-28.3808,0,0,0,0,0,0,0,0
sr,srpa250,153.0776,-28.3808,0,0,0,0,0,1,0,0
sr,srpa168,153.2348,-28.3806,0,0,0,0,0,0,0,0
sr,srpa415,152.7693,-28.3824,0,0,0,0,0,1,0,0
sr,srpa375,152.8285,-28.3825,0,1,0,0,0,0,0,0
sr,srpa255,153.0714,-28.3826,1,0,0,0,0,1,0,0
sr,srpa171,153.2307,-28.3824,0,0,0,0,0,0,0,0
sr,srpa416,152.7693,-28.3842,0,0,0,0,0,0,0,0
sr,srpa411,152.7714,-28.3842,0,0,0,0,0,0,0,0
sr,srpa407,152.7734,-28.3842,0,0,0,0,0,0,0,0
sr,srpa373,152.8306,-28.3843,0,1,0,0,0,0,0,0
sr,srpa330,152.9286,-28.3844,0,0,0,0,0,0,0,0
sr,srpa412,152.7714,-28.386,1,0,0,0,0,1,0,0
sr,srpa244,153.0919,-28.3862,0,0,0,0,0,1,0,0
sr,srpa376,152.8285,-28.3897,0,1,0,0,0,0,0,0
sr,srpa269,153.0592,-28.3916,0,0,0,0,0,0,0,0
sr,srpa266,153.0612,-28.3916,0,0,0,0,0,1,0,0
sr,srpa170,153.2327,-28.3915,0,0,0,0,0,1,0,0
sr,srpa236,153.1102,-28.3952,0,0,0,0,0,0,0,0
sr,srpa125,153.2838,-28.3968,0,1,0,0,0,1,0,0
sr,srpa502,152.6754,-28.3985,0,0,0,0,0,0,0,0
sr,srpa273,153.0551,-28.3989,0,1,0,0,0,1,0,0
sr,srpa272,153.0572,-28.3989,1,0,0,0,0,1,0,0
sr,srpa134,153.2797,-28.3986,0,0,0,0,0,1,0,0
sr,srpa127,153.2818,-28.3986,0,1,0,0,0,1,0,0
sr,srpa493,152.6897,-28.4003,0,0,0,0,0,0,0,0
sr,srpa500,152.6794,-28.4021,0,0,0,0,0,0,0,0
sr,srpa278,153.047,-28.4025,0,1,1,0,0,1,0,0
sr,srpa143,153.2716,-28.4022,0,0,0,0,0,0,0,0
sr,srpa126,153.2838,-28.4022,0,1,0,1,0,1,0,0
sr,srpa142,153.2736,-28.404,0,0,0,0,0,1,0,0
sr,srpa129,153.2818,-28.404,0,1,0,0,0,1,0,0
sr,srpa233,153.1164,-28.406,1,0,0,0,0,0,0,0
sr,srpa137,153.2777,-28.4058,0,1,0,0,0,0,0,0
sr,srpa281,153.0347,-28.4079,0,1,0,0,0,1,0,0
sr,srpa228,153.1205,-28.4078,1,0,0,0,0,1,0,0
sr,srpa227,153.1225,-28.4078,0,0,0,0,0,0,0,0
sr,srpa223,153.1246,-28.4078,0,0,0,0,0,0,0,0
sr,srpa216,153.1286,-28.4078,0,1,0,0,0,0,0,0
sr,srpa293,153.0204,-28.4097,0,0,0,0,0,1,0,0
sr,srpa289,153.0265,-28.4097,1,0,1,0,0,0,0,0
sr,srpa297,153.0184,-28.4115,0,1,0,0,0,1,0,0
sr,srpa294,153.0204,-28.4115,0,1,0,0,0,0,0,0
sr,srpa298,153.0102,-28.4133,0,0,0,0,0,0,0,0
sr,srpa285,153.0286,-28.4133,0,1,0,1,0,1,0,0
sr,srpa282,153.0327,-28.4133,0,1,0,0,0,0,0,0
sr,srpa624,152.4609,-28.4141,0,0,0,0,0,0,0,0
sr,srpa290,153.0265,-28.4151,0,0,1,0,0,0,0,0
sr,srpa286,153.0286,-28.4151,0,0,0,0,0,0,0,0
sr,srpa292,153.0225,-28.4169,0,0,0,0,0,0,0,0
sr,srpa623,152.4629,-28.4267,0,1,1,0,0,0,0,0
sr,srpa217,153.1287,-28.4349,0,0,0,0,0,0,0,0
sr,srpa229,153.1205,-28.4367,0,0,0,0,0,0,0,0
sr,srpa222,153.1266,-28.4367,0,0,0,0,0,0,0,0
sr,srpa206,153.1389,-28.4385,0,0,0,0,0,0,0,0
sr,srpa354,152.8775,-28.4403,0,0,1,1,0,0,0,0
sr,srpa626,152.4587,-28.4411,0,0,0,0,0,0,0,0
sr,srpa190,153.1736,-28.4493,0,0,1,0,0,0,0,0
sr,srpa187,153.1777,-28.4583,0,0,0,0,0,0,0,0
sr,srpa208,153.1348,-28.4584,0,0,0,0,0,0,0,0
sr,srpa218,153.1287,-28.4602,0,0,0,0,0,0,0,0
sr,srpa515,152.6486,-28.4616,0,0,0,0,0,0,0,0
sr,srpa219,153.1287,-28.462,0,0,0,0,0,0,0,0
sr,srpa213,153.1307,-28.462,0,0,0,0,0,1,0,0
sr,srpa518,152.6425,-28.4634,0,0,0,0,0,0,0,0
sr,srpa184,153.19,-28.4637,0,0,0,0,0,0,0,0
sr,srpa195,153.1634,-28.4638,0,0,0,0,0,0,0,0
sr,srpa467,152.7324,-28.4654,0,1,1,0,0,1,0,0
sr,srpa205,153.141,-28.4656,1,0,0,0,0,0,0,0
sr,srpa519,152.6404,-28.467,0,0,0,0,0,0,0,0
sr,srpa676,152.3993,-28.4734,0,1,1,1,0,0,0,0
sr,srpa681,152.3973,-28.4752,1,1,0,0,0,0,0,0
sr,srpa672,152.4014,-28.4752,0,1,0,0,0,0,0,0
sr,srpa688,152.3891,-28.4769,0,1,0,0,0,0,0,0
sr,srpa673,152.4014,-28.477,1,1,0,0,0,0,0,0
sr,srpa479,152.7242,-28.478,0,0,0,0,0,1,0,0
sr,srpa686,152.3952,-28.4788,1,1,1,0,0,0,0,0
sr,srpa186,153.1798,-28.4782,0,0,0,0,0,0,0,0
sr,srpa509,152.6649,-28.4815,1,0,0,0,0,1,0,0
sr,srpa508,152.671,-28.4815,0,0,1,0,0,0,0,0
sr,srpa497,152.6813,-28.4815,1,0,1,0,0,0,0,0
sr,srpa677,152.3993,-28.4824,0,1,0,1,0,0,0,0
sr,srpa392,152.7957,-28.4818,0,0,0,0,0,0,0,0
sr,srpa207,153.1389,-28.4818,0,0,0,0,0,1,0,0
sr,srpa503,152.6751,-28.4833,1,0,1,0,0,0,0,0
sr,srpa192,153.1716,-28.4836,0,0,0,0,0,0,0,0
sr,srpa506,152.6731,-28.4851,1,0,0,0,0,1,0,0
sr,srpa501,152.6792,-28.4888,0,1,1,0,0,1,0,0
sr,srpa417,152.7691,-28.4889,0,0,1,0,0,0,0,0
sr,srpa214,153.1308,-28.4891,0,0,0,0,0,0,0,0
sr,srpa496,152.6833,-28.4906,0,0,0,0,0,1,0,0
sr,srpa453,152.7405,-28.4907,0,0,1,0,0,1,0,0
sr,srpa514,152.6526,-28.4923,0,0,1,0,0,1,0,0
sr,srpa494,152.6873,-28.4924,1,0,1,0,1,1,0,0
sr,srpa220,153.1287,-28.4927,1,1,0,0,0,1,0,0
sr,srpa498,152.6812,-28.496,0,1,0,0,0,0,0,0
sr,srpa516,152.6485,-28.4977,0,0,0,1,0,0,0,0
sr,srpa449,152.7425,-28.4979,0,0,1,0,0,0,0,0
sr,srpa413,152.7711,-28.4998,0,0,0,0,0,0,0,0
sr,srpa232,153.1185,-28.4999,0,0,0,0,0,0,0,0
sr,srpa445,152.7445,-28.5051,0,0,0,0,0,0,0,0
sr,srpa21,153.5416,-28.5043,0,0,0,0,0,0,0,0
sr,srpa383,152.8161,-28.5053,0,0,0,0,0,0,0,0
sr,srpa234,153.1144,-28.5053,0,1,0,0,0,0,0,0
sr,srpa404,152.7752,-28.5106,0,0,0,0,0,0,0,0
sr,srpa138,153.2759,-28.5232,0,0,0,0,0,1,0,0
sr,srpa159,153.2535,-28.5286,0,0,0,0,0,1,0,0
sr,srpa131,153.2821,-28.5304,0,0,0,0,0,0,0,0
sr,srpa20,153.5499,-28.5314,0,0,0,0,0,0,0,0
sr,srpa136,153.2801,-28.5358,0,0,0,0,0,1,0,0
sr,srpa122,153.2862,-28.5394,0,0,0,0,0,0,0,0
sr,srpa119,153.2883,-28.5394,0,0,0,0,0,0,0,0
sr,srpa114,153.2964,-28.5412,0,1,0,0,0,0,0,0
sr,srpa112,153.3005,-28.5412,0,1,0,0,0,0,0,0
sr,srpa25,153.5356,-28.5422,0,0,0,0,0,0,0,0
sr,srpa111,153.3026,-28.543,0,0,0,0,0,0,0,0
sr,srpa26,153.5356,-28.5441,0,0,0,0,0,0,0,0
sr,srpa115,153.2944,-28.5448,0,0,0,0,0,1,0,0
sr,srpa734,152.3355,-28.5471,0,0,1,0,0,0,0,0
sr,srpa118,153.2903,-28.5466,0,1,0,1,0,1,0,0
sr,srpa113,153.3005,-28.5466,0,1,0,0,0,0,0,0
sr,srpa22,153.5418,-28.5494,0,0,0,0,0,0,0,0
sr,srpa23,153.5377,-28.5513,0,0,0,0,0,0,0,0
sr,srpa748,152.3294,-28.5543,0,0,0,0,0,0,0,0
sr,srpa24,153.5377,-28.5549,0,0,0,0,0,0,0,0
sr,srpa584,152.5195,-28.5587,0,0,0,0,0,0,0,0
sr,srpa570,152.5358,-28.5588,0,0,0,0,0,0,0,0
sr,srpa752,152.3252,-28.5597,0,0,1,0,0,0,0,0
sr,srpa95,153.319,-28.5592,0,1,0,0,0,1,0,0
sr,srpa83,153.3394,-28.5609,0,0,0,0,0,0,0,0
sr,srpa78,153.3435,-28.5609,0,0,0,0,0,0,0,0
sr,srpa85,153.3354,-28.5646,0,0,1,0,0,1,0,0
sr,srpa102,153.3129,-28.5664,0,0,0,0,0,1,0,0
sr,srpa585,152.5174,-28.5677,0,0,0,0,0,0,0,0
sr,srpa120,153.2883,-28.5683,0,0,0,0,0,0,0,0
sr,srpa104,153.3088,-28.57,0,1,0,0,0,0,0,0
sr,srpa108,153.3068,-28.5718,0,1,0,0,0,0,0,0
sr,srpa105,153.3088,-28.5718,0,0,0,0,0,1,0,0
sr,srpa109,153.3068,-28.5736,0,0,0,0,0,1,0,0
sr,srpa106,153.3088,-28.5736,0,1,0,0,0,0,0,0
sr,srpa601,152.4969,-28.5767,0,0,0,0,0,0,0,0
sr,srpa609,152.4908,-28.5785,0,0,0,0,0,0,0,0
sr,srpa107,153.3088,-28.5791,0,0,0,0,0,1,0,0
sr,srpa110,153.3047,-28.5827,0,0,0,0,0,1,0,0
sr,srpa90,153.3252,-28.5862,0,0,0,0,0,1,0,0
sr,srpa602,152.4968,-28.5893,0,1,0,0,0,0,0,0
sr,srpa96,153.3191,-28.5899,0,0,0,0,0,1,0,0
sr,srpa91,153.3252,-28.5989,0,0,0,0,0,1,0,0
sr,srpa495,152.685,-28.6043,0,0,1,0,0,0,0,0
sr,srpa11,153.5707,-28.6071,0,0,0,0,0,0,0,0
sr,srpa64,153.3539,-28.6078,0,0,0,0,0,1,0,0
sr,srpa606,152.4926,-28.6128,0,0,1,0,0,0,0,0
sr,srpa75,153.3457,-28.6133,0,1,1,0,0,0,0,0
sr,srpa59,153.3621,-28.6132,0,0,0,0,0,0,0,0
sr,srpa490,152.7033,-28.6206,0,0,0,0,0,0,0,0
sr,srpa610,152.4885,-28.6254,0,0,0,1,0,0,0,0
sr,srpa489,152.7054,-28.626,0,1,0,0,0,0,0,0
sr,srpa593,152.5069,-28.6273,0,0,0,0,0,1,0,0
sr,srpa487,152.7135,-28.6278,0,0,0,0,0,0,0,0
sr,srpa592,152.5089,-28.6327,0,0,0,0,1,0,0,0
sr,srpa483,152.7217,-28.6333,0,0,0,0,0,0,0,0
sr,srpa94,153.3233,-28.635,0,1,0,0,0,1,0,0
sr,srpa403,152.777,-28.637,0,0,0,0,0,0,0,0
sr,srpa617,152.4802,-28.638,1,0,1,0,0,0,0,0
sr,srpa615,152.4843,-28.638,1,0,1,0,0,1,0,0
sr,srpa92,153.3254,-28.6386,0,1,0,0,0,1,0,0
sr,srpa589,152.5109,-28.6399,0,0,0,0,0,0,0,0
sr,srpa87,153.3295,-28.6422,0,1,0,1,0,1,0,0
sr,srpa86,153.3315,-28.6422,0,1,0,0,0,0,0,0
sr,srpa611,152.4884,-28.6434,1,0,1,0,0,1,0,0
sr,srpa597,152.4986,-28.6435,0,0,1,0,0,1,0,0
sr,srpa604,152.4945,-28.6453,1,0,1,0,0,0,0,0
sr,srpa405,152.7749,-28.646,0,0,1,0,0,0,0,0
sr,srpa616,152.4843,-28.6488,0,0,0,0,0,0,0,0
sr,srpa5,153.6081,-28.7008,0,0,0,0,0,0,0,0
sr,srpa707,152.3652,-28.7061,0,0,0,0,0,0,0,0
sr,srpa4,153.6102,-28.7062,0,0,0,0,0,0,0,0
sr,srpa663,152.4123,-28.7135,0,0,0,0,0,0,0,0
sr,srpa2,153.6123,-28.7152,0,1,0,0,0,0,0,0
sr,srpa687,152.3897,-28.7188,0,0,0,0,0,0,0,0
sr,srpa3,153.6123,-28.7224,0,0,0,0,0,0,0,0
sr,srpa749,152.3281,-28.7528,0,0,1,0,0,0,0,0
sr,srpa790,152.2646,-28.7561,0,0,1,0,0,0,0,0
sr,srpa10,153.5777,-28.7587,0,0,0,0,0,0,0,0
sr,srpa7,153.5818,-28.7587,0,0,0,0,0,0,0,0
sr,srpa775,152.2911,-28.7653,0,0,0,0,0,0,0,0
sr,srpa8,153.5798,-28.7695,0,0,0,0,0,0,0,0
sr,srpa6,153.5921,-28.7695,0,0,0,0,0,0,0,0
sr,srpa770,152.3013,-28.7726,0,0,1,0,0,0,0,0
sr,srpa9,153.5798,-28.7731,0,0,0,0,0,0,0,0
sr,srpa761,152.3116,-28.7762,0,0,1,0,0,0,0,0
sr,srpa767,152.3054,-28.778,0,0,1,0,0,0,0,0
sr,srpa468,152.7316,-28.7777,0,0,0,0,0,0,0,0
sr,srpa469,152.7316,-28.7795,0,0,1,0,0,0,0,0
sr,srpa88,153.3299,-28.7812,0,0,0,0,0,0,0,0
sr,srpa753,152.3238,-28.7835,0,0,1,0,0,0,0,0
sr,srpa457,152.7377,-28.785,0,0,1,0,0,0,0,0
sr,srpa763,152.3094,-28.7871,0,0,1,0,0,0,0,0
sr,srpa477,152.7254,-28.7867,0,0,1,0,0,0,0,0
sr,srpa758,152.3156,-28.7889,0,0,1,0,0,0,0,0
sr,srpa458,152.7377,-28.7886,0,0,1,1,0,0,0,0
sr,srpa13,153.5615,-28.7913,0,0,0,0,0,0,0,0
sr,srpa459,152.7377,-28.803,0,0,1,0,0,0,0,0
sr,srpa454,152.7397,-28.8066,0,0,1,1,0,0,0,0
sr,srpa845,152.1843,-28.808,0,0,1,0,0,0,0,0
sr,srpa460,152.7376,-28.8102,0,0,1,0,0,0,0,0
sr,srpa456,152.7397,-28.812,0,0,1,0,0,0,0,0
sr,srpa839,152.1862,-28.8225,0,0,1,0,0,0,0,0
sr,srpa461,152.7376,-28.8265,0,0,0,0,0,0,0,0
sr,srpa466,152.7335,-28.8337,0,0,0,0,0,0,0,0
sr,srpa932,152.0774,-28.8398,0,0,1,0,0,0,0,0
sr,srpa945,152.061,-28.8415,0,0,1,0,0,0,0,0
sr,srpa462,152.7376,-28.8409,0,0,1,0,0,0,0,0
sr,srpa865,152.1717,-28.8422,0,0,1,0,0,0,0,0
sr,srpa484,152.7191,-28.8445,0,0,0,0,0,0,1,0
sr,srpa476,152.7273,-28.8445,0,0,1,0,0,0,0,0
sr,srpa470,152.7314,-28.8445,0,0,0,0,0,0,0,0
sr,srpa925,152.0855,-28.8507,0,0,1,0,0,0,0,0
sr,srpa833,152.1921,-28.8586,0,0,1,0,0,0,0,0
sr,srpa949,152.037,-28.8603,0,0,0,0,0,0,0,0
sr,srpa836,152.19,-28.8604,0,0,0,0,0,0,0,0
sr,srpa829,152.1961,-28.8659,0,0,1,0,0,0,0,0
sr,srpa450,152.7415,-28.8987,0,0,0,0,0,0,0,0
sr,srpa446,152.7436,-28.8987,0,0,0,0,0,0,0,0
sr,srpa438,152.7497,-28.8987,0,0,0,0,0,0,0,0
sr,srpa429,152.7559,-28.8987,0,0,1,0,0,0,0,0
sr,srpa451,152.7415,-28.9059,0,0,0,0,0,0,0,0
sr,srpa951,152.0153,-28.908,0,0,1,0,0,0,0,0
sr,srpa443,152.7456,-28.9113,0,0,0,0,0,0,0,0
sr,srpa440,152.7476,-28.9131,0,0,0,1,0,0,0,0
sr,srpa950,152.0193,-28.9152,0,0,1,0,0,0,0,0
sr,srpa791,152.2634,-28.915,0,0,1,0,0,0,0,0
sr,srpa431,152.7538,-28.9168,0,0,0,0,0,0,0,0
sr,srpa435,152.7517,-28.9186,0,0,0,0,0,0,0,0
sr,srpa738,152.3311,-28.9189,0,0,1,0,0,0,0,0
sr,srpa793,152.2613,-28.9258,0,0,1,0,0,0,0,0
sr,srpa907,152.1115,-28.9285,0,0,0,0,1,0,1,1
sr,srpa895,152.1382,-28.9305,0,0,1,0,0,0,1,0
sr,srpa787,152.2695,-28.9349,0,0,1,0,0,0,0,0
sr,srpa452,152.7414,-28.9348,0,0,0,0,0,0,0,0
sr,srpa913,152.1032,-28.9375,0,0,0,0,0,0,0,0
sr,srpa422,152.7619,-28.9384,0,0,0,0,0,0,0,0
sr,srpa524,152.6244,-28.9399,0,0,0,0,0,0,0,0
sr,srpa421,152.764,-28.9403,0,0,1,0,0,0,0,0
sr,srpa144,153.2729,-28.9402,0,0,0,0,0,0,0,0
sr,srpa890,152.1422,-28.9449,0,0,0,0,0,0,1,0
sr,srpa528,152.6162,-28.9453,0,0,0,0,0,0,0,0
sr,srpa33,153.4392,-28.947,0,0,0,0,0,0,0,1
sr,srpa418,152.7681,-28.9493,0,0,1,0,0,0,0,0
sr,srpa34,153.4372,-28.9488,0,0,0,0,0,0,0,0
sr,srpa772,152.294,-28.9512,0,0,0,0,0,0,0,0
sr,srpa37,153.4351,-28.9506,0,0,0,0,0,0,0,0
sr,srpa55,153.3818,-28.9562,0,0,0,0,0,0,0,0
sr,srpa751,152.3247,-28.9568,0,0,1,0,0,0,0,0
sr,srpa525,152.6223,-28.9598,0,0,0,0,0,0,0,0
sr,srpa744,152.3288,-28.9641,0,0,0,0,0,0,0,0
sr,srpa32,153.4454,-28.9668,0,0,0,0,0,0,0,0
sr,srpa38,153.4311,-28.9705,0,0,0,0,0,0,0,0
sr,srpa39,153.4311,-28.9723,0,0,0,0,0,0,0,0
sr,srpa35,153.4373,-28.9722,0,0,0,0,0,0,0,0
sr,srpa36,153.4373,-28.974,0,0,0,0,0,0,0,0
sr,srpa794,152.2606,-29.0269,0,0,1,0,0,0,1,0
sr,srpa795,152.2606,-29.0341,0,0,1,0,0,0,0,0
sr,srpa301,152.9754,-29.0343,0,0,0,0,0,0,0,0
sr,srpa800,152.2544,-29.0359,0,0,1,0,0,0,0,0
sr,srpa306,152.9692,-29.0379,0,0,0,0,0,0,0,0
sr,srpa40,153.4314,-29.0391,0,0,0,0,0,0,0,0
sr,srpa302,152.9753,-29.0434,0,0,0,0,0,0,0,0
sr,srpa41,153.4293,-29.0445,0,0,0,0,0,0,0,0
sr,srpa324,152.9384,-29.0506,0,0,0,0,0,0,0,0
sr,srpa321,152.9466,-29.0524,0,0,0,0,0,0,0,0
sr,srpa50,153.3966,-29.0662,0,0,0,0,0,0,0,0
sr,srpa439,152.7493,-29.0684,0,0,0,0,0,0,0,0
sr,srpa51,153.3966,-29.0735,0,0,0,0,0,0,0,0
sr,srpa149,153.2651,-29.0756,0,0,0,0,0,0,0,0
sr,srpa441,152.7472,-29.0774,0,0,0,0,0,0,0,0
sr,srpa52,153.3925,-29.0807,0,0,0,0,0,0,0,0
sr,srpa423,152.7616,-29.0901,0,0,0,0,0,0,0,0
sr,srpa42,153.4275,-29.0914,0,0,0,0,0,0,0,0
sr,srpa43,153.4275,-29.0932,0,0,0,0,0,0,0,0
sr,srpa44,153.4275,-29.095,0,0,0,0,0,0,0,0
sr,srpa635,152.4389,-29.0999,0,0,0,0,0,0,0,0
sr,srpa633,152.4409,-29.109,0,0,1,0,0,1,0,0
sr,srpa627,152.4491,-29.1126,0,0,0,0,0,1,0,0
sr,srpa769,152.301,-29.1318,0,0,1,0,0,1,0,0
sr,srpa45,153.4215,-29.1311,0,0,0,0,0,0,0,0
sr,srpa771,152.2948,-29.1372,0,0,0,0,0,0,0,0
sr,srpa46,153.4153,-29.1384,0,0,0,0,0,0,0,0
sr,srpa57,153.3783,-29.1403,0,0,0,0,0,0,0,0
sr,srpa757,152.3153,-29.1427,0,0,1,0,0,0,1,0
sr,srpa644,152.4284,-29.1432,0,0,0,0,0,0,0,0
sr,srpa773,152.2927,-29.1444,0,0,0,0,0,0,1,0
sr,srpa750,152.3256,-29.1446,0,0,1,0,0,1,0,0
sr,srpa641,152.4304,-29.1486,0,0,0,0,0,0,0,0
sr,srpa739,152.3296,-29.15,0,0,0,0,0,0,0,0
sr,srpa908,152.1096,-29.1523,0,0,1,1,0,0,0,0
sr,srpa58,153.3784,-29.1529,0,0,0,0,0,0,0,1
sr,srpa188,153.1769,-29.1552,0,0,0,0,0,0,0,0
sr,srpa637,152.4365,-29.1559,0,0,0,0,0,0,0,0
sr,srpa910,152.1054,-29.1613,0,0,0,0,0,0,0,0
sr,srpa906,152.1116,-29.1614,0,0,1,0,0,1,0,0
sr,srpa310,152.9671,-29.1625,0,0,0,0,0,0,0,0
sr,srpa193,153.1686,-29.1624,0,0,0,0,0,0,0,0
sr,srpa315,152.963,-29.1697,0,0,0,0,0,0,0,0
sr,srpa54,153.3867,-29.1692,0,0,0,0,0,0,0,0
sr,srpa307,152.9691,-29.1751,0,0,0,0,0,0,0,0
sr,srpa49,153.399,-29.1781,0,0,0,0,0,0,0,0
sr,srpa53,153.3888,-29.18,0,0,0,0,0,0,0,0
sr,srpa56,153.3805,-29.1836,0,0,0,0,0,0,0,0
sr,srpa636,152.4384,-29.1902,0,0,0,0,0,1,0,0
sr,srpa642,152.4302,-29.192,0,0,0,0,0,0,0,0
sr,srpa705,152.3643,-29.1935,0,0,0,0,0,0,0,0
sr,srpa698,152.3705,-29.1953,0,0,0,0,0,0,0,0
sr,srpa694,152.3787,-29.2008,0,0,0,0,0,0,0,0
sr,srpa897,152.1318,-29.2048,0,0,0,0,0,0,0,0
sr,srpa156,153.2572,-29.2128,0,0,0,0,0,0,0,0
sr,srpa898,152.1317,-29.2138,0,0,0,0,0,0,0,0
sr,srpa165,153.2449,-29.2146,0,0,0,0,0,0,1,0
sr,srpa388,152.7983,-29.2183,0,0,1,0,0,0,0,0
sr,srpa891,152.1378,-29.2211,0,0,1,0,0,0,0,0
sr,srpa394,152.7922,-29.2219,0,0,0,0,0,0,0,0
sr,srpa176,153.2222,-29.2219,0,0,0,0,0,0,0,0
sr,srpa182,153.2099,-29.2291,0,0,0,0,0,0,0,0
sr,srpa395,152.7921,-29.2327,0,0,1,0,0,0,0,0
sr,srpa689,152.3846,-29.2351,0,0,0,0,0,1,0,0
sr,srpa191,153.1749,-29.2346,0,0,0,0,0,0,0,0
sr,srpa185,153.1852,-29.2346,0,0,0,0,0,0,0,0
sr,srpa197,153.1626,-29.2382,0,0,0,0,0,0,0,0
sr,srpa690,152.3805,-29.2405,0,0,0,0,0,0,0,0
sr,srpa390,152.7962,-29.24,0,0,1,0,0,0,0,0
sr,srpa871,152.1644,-29.2411,0,0,0,0,0,0,0,0
sr,srpa878,152.1561,-29.2429,0,0,0,0,0,0,0,0
sr,srpa868,152.1664,-29.2429,0,0,0,0,0,0,0,0
sr,srpa62,153.3581,-29.2469,0,0,0,0,0,0,0,0
sr,srpa696,152.3763,-29.2477,0,0,0,0,0,0,0,0
sr,srpa65,153.3561,-29.2487,0,0,0,0,0,0,0,0
sr,srpa63,153.3581,-29.2487,0,0,0,0,0,0,0,0
sr,srpa61,153.3602,-29.2487,0,0,0,0,0,0,0,0
sr,srpa706,152.364,-29.2494,0,0,0,0,0,1,0,0
sr,srpa702,152.3681,-29.2495,0,0,0,0,0,1,0,0
sr,srpa391,152.7962,-29.249,0,0,1,0,0,0,0,0
sr,srpa712,152.3557,-29.2512,0,0,0,0,0,0,0,0
sr,srpa387,152.8003,-29.2526,0,0,1,0,0,0,0,0
sr,srpa117,153.2944,-29.2542,0,0,0,0,0,0,0,0
sr,srpa384,152.8065,-29.258,0,0,1,0,0,0,0,0
sr,srpa76,153.3479,-29.2595,0,0,0,0,0,0,0,0
sr,srpa386,152.8024,-29.2652,0,0,1,0,0,0,0,0
sr,srpa81,153.3438,-29.2686,0,0,0,0,0,0,0,0
sr,srpa82,153.3438,-29.2794,0,0,0,0,0,0,0,1
sr,srpa139,153.278,-29.2868,0,0,0,0,0,0,0,0
sr,srpa381,152.8167,-29.2887,0,0,1,0,0,0,0,0
sr,srpa140,153.278,-29.294,0,0,0,0,0,0,0,0
sr,srpa915,152.098,-29.2984,0,0,0,0,0,0,0,0
sr,srpa121,153.2904,-29.2994,0,0,0,0,0,0,0,0
sr,srpa912,152.1021,-29.3057,0,0,0,0,0,0,0,0
sr,srpa377,152.827,-29.3086,0,0,0,0,0,0,0,0
sr,srpa830,152.1927,-29.3099,0,0,1,0,0,0,0,0
sr,srpa909,152.1062,-29.3111,0,0,0,0,0,0,0,0
sr,srpa846,152.1803,-29.3116,0,0,1,0,0,1,0,0
sr,srpa299,152.9856,-29.3159,0,0,0,0,0,0,0,0
sr,srpa370,152.8373,-29.3231,0,0,0,0,0,0,0,0
sr,srpa93,153.3275,-29.3227,0,0,0,0,0,0,0,0
sr,srpa312,152.965,-29.3286,0,0,0,0,0,0,0,0
sr,srpa880,152.1513,-29.3295,0,0,1,0,0,1,0,0
sr,srpa317,152.9609,-29.3304,0,0,0,0,0,0,0,0
sr,srpa303,152.9753,-29.3304,0,0,0,0,0,0,0,0
sr,srpa320,152.9506,-29.334,0,0,0,0,0,0,0,0
sr,srpa97,153.3214,-29.3336,0,0,0,0,0,0,0,0
sr,srpa245,153.0906,-29.3358,0,0,0,0,0,0,0,0
sr,srpa248,153.0803,-29.3376,0,0,0,0,0,0,0,0
sr,srpa874,152.1595,-29.3386,0,0,0,0,0,0,0,0
sr,srpa363,152.8475,-29.3429,0,0,0,0,0,0,0,0
sr,srpa256,153.0721,-29.343,0,0,0,0,0,0,0,0
sr,srpa866,152.1677,-29.3458,0,0,0,0,0,0,0,0
sr,srpa251,153.0783,-29.3484,0,0,0,0,0,0,0,0
sr,srpa257,153.0701,-29.352,0,0,0,0,0,0,0,0
sr,srpa103,153.3153,-29.3553,0,0,0,0,0,0,0,0
sr,srpa361,152.8558,-29.3574,0,0,0,0,0,0,0,0
sr,srpa79,153.3462,-29.3606,0,0,0,0,0,0,0,0
sr,srpa345,152.9011,-29.3737,0,0,0,0,0,0,0,0
sr,srpa80,153.3462,-29.3787,0,0,0,0,0,0,0,0
sr,srpa66,153.3565,-29.3804,0,0,0,0,0,0,0,0
sr,srpa322,152.9444,-29.3863,0,0,0,0,0,0,0,0
sr,srpa334,152.9237,-29.3881,0,0,0,0,0,0,0,0
sr,srpa70,153.3525,-29.3895,0,0,0,0,0,0,0,0
sr,srpa325,152.932,-29.3935,0,0,0,0,0,0,0,0
sr,srpa323,152.9402,-29.3953,0,0,0,0,0,0,0,0
sr,srpa60,153.3628,-29.4003,0,0,0,0,0,0,0,0
sr,srpa778,152.2805,-29.4097,0,0,0,0,0,0,0,0
sr,srpa67,153.3567,-29.4111,0,0,0,0,0,0,0,0
sr,srpa776,152.2826,-29.4133,0,0,1,0,0,0,0,0
sr,srpa779,152.2804,-29.4223,0,0,1,0,0,0,0,0
sr,srpa84,153.3424,-29.4527,0,0,0,0,0,0,0,0
sr,srpa326,152.9319,-29.4531,0,0,0,0,0,0,0,0
sr,srpa71,153.3527,-29.4563,0,0,0,0,0,0,0,0
sr,srpa68,153.3568,-29.4562,0,0,0,0,0,0,0,0
sr,srpa344,152.9072,-29.4567,0,0,0,0,0,0,0,0
sr,srpa332,152.9257,-29.4567,0,0,0,0,0,0,0,0
sr,srpa780,152.2802,-29.4584,0,0,0,0,0,0,0,0
sr,srpa338,152.9175,-29.4585,0,0,0,0,0,0,0,0
sr,srpa774,152.2905,-29.4603,0,0,0,0,0,0,1,0
sr,srpa785,152.2719,-29.462,0,0,0,0,0,0,1,0
sr,srpa74,153.3507,-29.4671,0,0,0,0,0,0,0,0
sr,srpa718,152.3482,-29.4678,0,0,1,0,0,1,0,0
sr,srpa72,153.3527,-29.4689,0,0,0,0,0,0,0,0
sr,srpa343,152.9092,-29.4729,0,0,0,0,0,0,0,0
sr,srpa719,152.3481,-29.475,0,0,0,0,0,1,0,0
sr,srpa725,152.3399,-29.4786,0,0,0,0,0,1,0,0
sr,srpa859,152.1728,-29.4794,0,0,0,0,0,1,0,0
sr,srpa834,152.1872,-29.4813,0,0,0,0,0,0,0,0
sr,srpa875,152.1583,-29.4866,0,0,0,0,0,1,0,0
sr,srpa798,152.2552,-29.4871,0,0,0,0,0,0,0,0
sr,srpa73,153.3528,-29.4869,0,0,0,0,0,0,0,0
sr,srpa69,153.3569,-29.4923,0,0,0,0,0,0,0,0
sr,srpa801,152.249,-29.4943,0,0,0,0,0,0,0,0
sr,srpa876,152.1581,-29.5046,0,0,0,0,1,0,0,0
sr,srpa831,152.189,-29.5084,0,0,0,0,0,0,0,0
sr,srpa803,152.2468,-29.5087,0,0,0,0,0,0,0,0
sr,srpa861,152.1704,-29.5119,0,0,0,0,0,0,0,0
sr,srpa804,152.2468,-29.516,0,0,0,0,0,0,0,0
sr,srpa940,152.061,-29.5184,0,0,0,0,0,0,0,0
sr,srpa710,152.3561,-29.5183,0,0,0,0,0,0,0,0
sr,srpa716,152.3499,-29.5219,0,0,0,0,0,1,0,0
sr,srpa943,152.0588,-29.5292,0,0,0,0,0,0,0,0
sr,srpa805,152.2467,-29.5286,0,0,0,0,0,0,0,0
sr,srpa726,152.3395,-29.5291,0,0,0,0,0,0,1,0
sr,srpa755,152.3168,-29.5398,0,0,0,0,0,0,0,0
sr,srpa939,152.0628,-29.5455,0,0,0,0,0,1,0,0
sr,srpa759,152.3105,-29.547,0,0,0,0,0,0,0,0
sr,srpa646,152.4219,-29.5566,0,0,0,0,0,0,0,0
sr,srpa652,152.4157,-29.5619,0,0,0,0,0,0,0,0
sr,srpa822,152.1968,-29.5662,0,0,0,0,0,0,0,0
sr,srpa89,153.3324,-29.57,0,0,0,0,0,0,0,0
sr,srpa820,152.1988,-29.5734,0,0,0,0,0,0,0,0
sr,srpa835,152.1864,-29.5752,0,0,0,0,0,0,0,0
sr,srpa827,152.1926,-29.5752,0,0,0,0,0,0,0,0
sr,srpa853,152.1761,-29.5769,0,0,0,0,0,0,0,0
sr,srpa665,152.4032,-29.589,0,0,0,0,0,0,0,0
sr,srpa661,152.4114,-29.589,0,0,0,0,0,1,0,0
sr,srpa98,153.3222,-29.5935,0,0,0,0,0,0,0,0
sr,srpa832,152.1883,-29.5968,0,0,0,0,0,1,0,0
sr,srpa825,152.1945,-29.5969,0,0,0,0,0,1,0,0
sr,srpa650,152.4176,-29.5962,0,0,0,0,0,0,0,0
sr,srpa828,152.1924,-29.6023,0,0,0,0,0,0,0,0
sr,srpa862,152.1697,-29.6039,0,0,0,0,0,0,0,0
sr,srpa847,152.1779,-29.604,0,0,0,0,0,0,0,0
sr,srpa618,152.4753,-29.6091,0,0,0,0,0,1,0,0
sr,srpa99,153.3222,-29.6098,0,0,0,0,0,0,0,0
sr,srpa619,152.4691,-29.6127,0,0,0,0,0,1,0,0
sr,srpa101,153.3181,-29.6134,0,0,0,0,0,0,0,0
sr,srpa621,152.4608,-29.6163,0,0,0,0,0,1,0,0
sr,srpa181,153.2128,-29.6389,0,0,0,0,0,0,0,0
sr,srpa177,153.2211,-29.6389,0,0,0,0,0,0,0,0
sr,srpa172,153.2314,-29.6388,0,0,0,0,0,0,0,0
sr,srpa699,152.3677,-29.652,0,0,1,0,0,0,0,0
sr,srpa857,152.1734,-29.6545,0,0,0,0,0,0,0,0
sr,srpa704,152.3635,-29.6556,0,0,1,0,0,0,0,0
sr,srpa711,152.3552,-29.6609,0,0,1,0,0,0,0,0
sr,srpa848,152.1775,-29.6618,0,0,0,0,0,0,0,0
sr,srpa849,152.1774,-29.6708,0,0,0,0,0,1,0,0
sr,srpa854,152.1753,-29.6798,0,0,0,0,0,0,0,0
sr,srpa150,153.2667,-29.6821,0,0,0,0,0,0,0,0
sr,srpa145,153.2749,-29.6821,0,0,0,0,0,0,1,0
sr,srpa840,152.1794,-29.6852,0,0,0,0,0,0,0,0
sr,srpa155,153.2605,-29.6875,0,0,0,0,0,0,0,0
sr,srpa740,152.3261,-29.6915,0,0,1,0,0,0,0,0
sr,srpa722,152.3405,-29.6933,0,0,1,0,0,0,0,0
sr,srpa729,152.3364,-29.6951,0,0,1,0,0,0,0,0
sr,srpa543,152.5824,-29.6979,0,0,1,0,0,0,0,0
sr,srpa535,152.5906,-29.7034,0,0,1,0,0,0,0,0
sr,srpa762,152.3053,-29.704,0,0,1,0,0,0,1,0
sr,srpa531,152.5968,-29.7052,0,0,1,0,0,0,0,0
sr,srpa768,152.2991,-29.7094,0,0,1,0,0,0,0,0
sr,srpa520,152.6361,-29.7107,0,0,0,0,0,0,0,0
sr,srpa521,152.6257,-29.7125,0,0,0,0,0,0,0,0
sr,srpa183,153.2088,-29.7129,0,0,0,0,0,0,0,0
sr,srpa179,153.2192,-29.7129,0,0,0,0,0,0,0,0
sr,srpa173,153.2316,-29.7164,0,0,0,0,0,0,0,0
sr,srpa936,152.0654,-29.717,0,0,0,0,0,0,0,0
sr,srpa764,152.3011,-29.7166,0,0,1,0,0,0,0,0
sr,srpa517,152.6402,-29.718,0,0,0,0,0,0,0,0
sr,srpa937,152.0654,-29.7188,0,0,0,0,0,0,0,0
sr,srpa556,152.5595,-29.7213,0,0,1,0,0,0,0,0
sr,srpa116,153.2978,-29.7217,0,0,0,0,0,0,0,0
sr,srpa944,152.055,-29.7223,0,0,0,0,0,0,0,0
sr,srpa550,152.5699,-29.7232,0,0,0,0,0,0,0,0
sr,srpa946,152.0528,-29.7295,0,0,0,0,0,0,1,0
sr,srpa896,152.1292,-29.7463,0,0,0,0,0,0,0,0
sr,srpa922,152.0837,-29.7496,0,0,0,0,0,0,0,0
sr,srpa904,152.1126,-29.7498,0,0,0,0,0,0,0,0
sr,srpa948,152.0381,-29.7565,0,0,0,0,1,0,0,0
sr,srpa313,152.9648,-29.76,0,0,0,0,0,0,0,0
sr,srpa247,153.0869,-29.7617,0,0,0,0,0,0,0,0
sr,srpa318,152.9607,-29.7654,0,0,0,0,0,0,0,0
sr,srpa933,152.069,-29.7675,0,0,0,0,0,0,0,0
sr,srpa123,153.2896,-29.7687,0,0,0,0,0,0,0,0
sr,srpa124,153.2897,-29.7723,0,0,0,0,0,0,0,1
sr,srpa934,152.0669,-29.7783,0,0,0,0,0,0,0,0
sr,srpa141,153.2793,-29.7777,0,0,0,0,0,0,0,0
sr,srpa147,153.2711,-29.7832,0,0,0,0,0,0,0,0
sr,srpa157,153.2587,-29.785,0,0,0,0,0,0,0,0
sr,srpa941,152.0585,-29.7873,0,0,0,0,0,0,0,0
sr,srpa901,152.1226,-29.7895,0,0,0,0,0,0,1,0
sr,srpa189,153.178,-29.7905,0,0,0,0,0,0,0,0
sr,srpa927,152.075,-29.7946,0,0,0,0,0,1,0,0
sr,srpa938,152.0646,-29.7982,0,0,0,0,0,1,0,0
sr,srpa174,153.2318,-29.7977,0,0,0,0,0,0,0,0
sr,srpa160,153.2546,-29.8012,0,0,0,0,0,0,0,0
sr,srpa346,152.8944,-29.8141,0,0,0,0,0,0,0,0
sr,srpa279,153.0435,-29.8159,0,0,0,0,0,0,0,0
sr,srpa151,153.265,-29.8247,0,0,0,0,0,0,0,0
sr,srpa277,153.0497,-29.8267,0,0,0,0,0,0,0,0
sr,srpa163,153.2505,-29.8319,0,0,0,0,0,0,0,0
sr,srpa133,153.2857,-29.8319,0,0,0,0,0,0,0,0
sr,srpa270,153.06,-29.834,0,0,0,0,0,0,0,0
sr,srpa148,153.2691,-29.8337,0,0,0,0,0,0,0,0
sr,srpa152,153.265,-29.8373,0,0,0,0,0,0,0,0
sr,srpa154,153.2629,-29.8409,0,0,0,0,0,0,0,0
sr,srpa806,152.2422,-29.8426,0,0,0,0,0,0,0,0
sr,srpa158,153.2588,-29.8427,0,0,0,0,0,0,0,0
sr,srpa817,152.2008,-29.8442,0,0,0,0,0,0,0,0
sr,srpa807,152.236,-29.8444,0,0,0,0,0,0,0,0
sr,srpa808,152.2298,-29.848,0,0,0,0,0,0,0,0
sr,srpa365,152.8406,-29.8555,0,0,0,0,0,0,0,0
sr,srpa809,152.2214,-29.8569,0,0,0,0,0,0,0,0
sr,srpa919,152.0865,-29.894,0,0,0,0,0,0,0,0
sr,srpa914,152.0948,-29.8958,0,0,0,0,0,0,0,0
sr,srpa733,152.3288,-29.8972,0,0,0,0,0,1,0,0
sr,srpa921,152.0844,-29.8976,0,0,0,0,0,0,0,0
sr,srpa918,152.0885,-29.8976,0,0,0,0,0,0,0,0
sr,srpa916,152.0905,-29.9066,0,0,0,0,0,0,0,0
sr,srpa863,152.1671,-29.9126,0,0,0,0,0,0,0,0
sr,srpa741,152.3246,-29.9135,0,0,0,0,0,0,0,0
sr,srpa911,152.0987,-29.9248,0,0,0,0,0,0,0,0
sr,srpa823,152.194,-29.9254,0,0,0,0,0,0,0,0
sr,srpa812,152.2085,-29.9255,0,0,0,0,0,0,0,0
sr,srpa754,152.3161,-29.9351,0,0,0,0,0,0,0,0
sr,srpa664,152.4053,-29.9355,0,0,1,0,0,0,0,0
sr,srpa682,152.3887,-29.9372,0,0,1,0,0,0,0,0
sr,srpa562,152.5524,-29.9379,0,0,1,0,0,0,0,0
sr,srpa200,153.1554,-29.9422,0,0,0,0,0,0,0,0
sr,srpa161,153.2549,-29.942,0,0,0,0,0,0,0,0
sr,srpa560,152.5544,-29.9433,0,0,1,0,0,0,0,0
sr,srpa162,153.2549,-29.9438,0,0,0,0,0,0,0,0
sr,srpa194,153.1679,-29.9458,0,0,0,0,0,0,0,0
sr,srpa571,152.5295,-29.9468,0,0,1,0,0,0,0,0
sr,srpa558,152.5565,-29.9469,0,0,1,0,0,1,0,0
sr,srpa164,153.2487,-29.9475,0,0,0,0,0,0,0,0
sr,srpa554,152.5606,-29.9488,0,0,1,0,0,0,0,0
sr,srpa180,153.2197,-29.9493,0,0,0,0,0,0,0,0
sr,srpa745,152.3223,-29.9496,0,0,0,0,0,1,0,0
sr,srpa175,153.2301,-29.9511,0,0,0,0,0,0,0,0
sr,srpa742,152.3243,-29.9514,0,0,0,0,0,0,0,0
sr,srpa654,152.4114,-29.9518,0,0,1,0,0,0,0,0
sr,srpa167,153.2404,-29.9529,0,0,0,0,0,0,0,1
sr,srpa166,153.2446,-29.9529,0,0,0,0,0,0,0,0
sr,srpa577,152.5212,-29.954,0,0,0,0,0,0,0,0
sr,srpa573,152.5274,-29.9541,0,0,0,0,0,0,0,0
sr,srpa210,153.1347,-29.9548,0,0,0,0,0,0,0,0
sr,srpa532,152.5937,-29.9561,0,1,1,0,0,0,0,0
sr,srpa959,151.9491,-29.9597,0,0,0,0,0,0,0,0
sr,srpa954,151.9719,-29.9599,0,0,0,0,0,0,1,0
sr,srpa569,152.5315,-29.9613,0,0,0,0,0,0,0,0
sr,srpa746,152.3222,-29.9622,0,0,0,0,0,0,0,0
sr,srpa743,152.3242,-29.964,0,0,0,0,0,0,0,0
sr,srpa575,152.5232,-29.9649,0,0,1,0,0,0,0,0
sr,srpa568,152.5357,-29.9649,0,0,1,0,0,0,0,0
sr,srpa169,153.2384,-29.9673,0,0,0,0,0,0,0,0
sr,srpa527,152.6144,-29.9706,0,0,1,0,0,0,0,0
sr,srpa723,152.3387,-29.9713,0,0,0,0,0,0,0,0
sr,srpa545,152.5791,-29.9777,0,0,1,0,0,0,1,0
sr,srpa964,151.922,-29.9794,0,0,0,0,0,0,0,0
sr,srpa952,151.9738,-29.9798,0,0,0,0,0,0,0,0
sr,srpa813,152.208,-29.9814,0,0,0,0,0,0,0,0
sr,srpa178,153.2218,-29.9836,0,0,0,0,0,0,0,0
sr,srpa957,151.953,-29.9886,0,0,0,0,0,0,1,0
sr,srpa965,151.9156,-29.9901,0,0,0,0,0,0,0,0
sr,srpa815,152.2059,-29.9904,0,0,0,0,0,0,0,0
sr,srpa549,152.5749,-29.9903,0,0,1,0,0,0,0,0
sr,srpa958,151.9508,-29.9922,0,0,0,0,0,0,1,0
sr,srpa576,152.5231,-29.9956,0,0,1,0,0,0,0,0
sr,srpa962,151.9258,-30.0065,0,0,0,0,0,0,0,0
sr,srpa810,152.214,-30.0067,0,0,0,0,0,0,0,0
sr,srpa578,152.521,-30.0064,0,0,1,0,0,0,0,0
sr,srpa655,152.411,-30.0095,0,0,0,0,0,0,0,0
sr,srpa586,152.5106,-30.0099,0,0,1,0,0,1,0,0
sr,srpa536,152.5873,-30.0192,0,0,1,0,0,0,0,0
sr,srpa587,152.5084,-30.0208,0,0,1,0,0,0,0,0
sr,srpa656,152.4109,-30.024,0,0,1,0,0,0,0,0
sr,srpa546,152.5789,-30.0246,0,0,1,0,0,0,0,0
sr,srpa603,152.4898,-30.0261,0,0,1,0,0,0,0,0
sr,srpa590,152.5043,-30.028,0,0,1,0,0,0,0,0
sr,srpa967,151.8986,-30.0297,0,0,0,0,0,0,0,0
sr,srpa598,152.4918,-30.0315,0,0,1,0,0,0,0,0
sr,srpa612,152.4814,-30.0333,0,0,1,0,0,0,0,0
sr,srpa537,152.5872,-30.0337,0,0,1,0,0,0,0,0
sr,srpa396,152.7905,-30.0342,0,0,0,0,0,0,0,0
sr,srpa547,152.5789,-30.0355,0,0,1,0,0,0,0,0
sr,srpa385,152.8029,-30.036,0,0,0,0,0,0,0,0
sr,srpa538,152.5872,-30.0373,0,0,1,0,0,0,0,0
sr,srpa512,152.6515,-30.0375,0,0,1,0,0,0,1,0
sr,srpa505,152.6702,-30.0375,0,0,1,0,0,0,0,0
sr,srpa614,152.4793,-30.0387,0,0,1,0,0,0,0,0
sr,srpa970,151.8923,-30.0405,0,0,0,0,0,0,0,0
sr,srpa971,151.8922,-30.0423,0,0,0,0,0,0,1,0
sr,srpa599,152.4917,-30.0442,0,0,1,0,0,0,0,0
sr,srpa819,152.1971,-30.0463,0,0,0,0,0,0,0,0
sr,srpa510,152.6598,-30.0465,0,0,1,0,0,0,1,0
sr,srpa858,152.1702,-30.0479,0,0,0,0,0,0,0,0
sr,srpa499,152.6764,-30.0484,0,0,1,0,0,0,1,0
sr,srpa973,151.8859,-30.0513,0,0,0,0,0,0,0,0
sr,srpa389,152.7967,-30.0522,0,0,1,0,0,0,0,0
sr,srpa864,152.1659,-30.0606,0,0,0,0,0,0,0,0
sr,srpa362,152.8485,-30.0631,0,0,0,0,0,0,0,0
sr,srpa371,152.8361,-30.0649,0,0,0,0,0,0,0,0
sr,srpa242,153.0996,-30.0668,0,0,0,0,0,0,0,0
sr,srpa201,153.1536,-30.0667,0,0,0,0,0,0,0,0
sr,srpa198,153.1598,-30.0667,0,0,0,0,0,0,0,0
sr,srpa237,153.1079,-30.0704,0,0,0,0,0,0,0,0
sr,srpa202,153.1515,-30.0703,0,0,0,0,0,0,0,0
sr,srpa360,152.8568,-30.0721,0,0,1,0,0,0,0,0
sr,srpa355,152.8755,-30.0722,0,1,0,0,0,0,0,0
sr,srpa351,152.8796,-30.0722,0,1,0,0,0,0,0,0
sr,srpa204,153.1494,-30.0721,0,0,0,0,0,0,0,0
sr,srpa872,152.1575,-30.0731,0,0,0,0,0,0,0,0
sr,srpa291,153.0249,-30.074,0,0,0,0,0,0,0,0
sr,srpa287,153.0291,-30.074,0,0,0,0,0,0,0,0
sr,srpa203,153.1515,-30.0757,0,0,0,0,0,0,0,0
sr,srpa358,152.8672,-30.0776,0,0,1,0,0,1,0,0
sr,srpa885,152.1408,-30.0802,0,0,0,0,0,0,0,0
sr,srpa533,152.5932,-30.0806,0,1,1,0,0,1,0,0
sr,srpa240,153.1058,-30.0812,0,0,0,0,0,0,0,0
sr,srpa888,152.1346,-30.082,0,0,1,0,0,0,0,0
sr,srpa542,152.5829,-30.0824,0,0,0,0,0,1,0,0
sr,srpa432,152.7509,-30.09,0,0,0,0,0,0,0,0
sr,srpa296,153.0208,-30.0903,0,0,1,0,0,0,0,0
sr,srpa288,153.0291,-30.0903,0,0,0,0,0,0,0,0
sr,srpa283,153.0332,-30.0903,0,0,0,0,0,0,0,0
sr,srpa892,152.1304,-30.091,0,0,0,0,0,0,0,0
sr,srpa539,152.587,-30.0914,0,0,1,0,0,0,0,0
sr,srpa444,152.7426,-30.0936,0,0,0,0,0,0,0,0
sr,srpa873,152.1552,-30.0948,0,0,0,0,0,0,0,0
sr,srpa551,152.5683,-30.095,0,0,1,0,0,0,0,0
sr,srpa850,152.1739,-30.1003,0,0,0,0,0,0,0,0
sr,srpa544,152.5807,-30.1022,0,0,1,0,0,0,0,0
sr,srpa647,152.4188,-30.1034,0,0,0,0,0,0,0,0
sr,srpa448,152.7405,-30.1063,0,0,1,0,0,0,0,0
sr,srpa211,153.1349,-30.1064,0,0,0,0,0,1,0,0
sr,srpa657,152.4105,-30.107,0,0,0,0,0,1,0,0
sr,srpa209,153.137,-30.1101,0,0,0,0,0,0,0,0
sr,srpa639,152.4291,-30.1125,0,0,0,0,0,1,0,0
sr,srpa264,153.0644,-30.1137,0,1,0,0,0,0,0,0
sr,srpa215,153.1329,-30.1137,0,0,0,0,0,0,0,0
sr,srpa249,153.081,-30.1155,0,0,0,0,0,0,0,0
sr,srpa276,153.0519,-30.1173,0,0,0,0,0,0,0,0
sr,srpa221,153.1308,-30.1173,0,0,0,0,0,0,0,0
sr,srpa226,153.1266,-30.1191,0,0,0,0,0,0,0,0
sr,srpa638,152.4311,-30.1251,0,0,0,0,0,0,0,0
sr,srpa651,152.4145,-30.1323,0,0,0,0,0,0,0,0
sr,srpa645,152.4207,-30.1377,0,0,0,0,0,0,0,0
sr,srpa628,152.4434,-30.1487,0,0,0,0,0,0,0,0
sr,srpa620,152.4662,-30.1542,0,0,0,0,0,1,0,0
sr,srpa622,152.4579,-30.165,0,0,0,0,0,0,0,0
sr,srpa419,152.7653,-30.1677,0,0,1,0,0,0,1,0
sr,srpa402,152.7777,-30.1731,0,1,0,0,0,0,0,0
sr,srpa319,152.9585,-30.1733,0,0,1,0,0,0,0,0
sr,srpa316,152.9626,-30.1733,0,0,0,0,0,0,0,0
sr,srpa308,152.9688,-30.1733,0,1,1,0,0,0,0,0
sr,srpa304,152.9709,-30.1751,0,0,1,0,0,0,0,0
sr,srpa271,153.0602,-30.1751,0,0,0,0,0,1,0,0
sr,srpa397,152.7902,-30.1767,0,0,1,0,0,0,0,0
sr,srpa274,153.0561,-30.1769,0,0,0,0,0,1,0,0
sr,srpa267,153.0623,-30.1769,0,0,0,0,0,0,0,0
sr,srpa275,153.054,-30.1787,0,1,0,1,0,0,0,0
sr,srpa268,153.0623,-30.1823,0,0,0,0,0,0,0,0
sr,srpa196,153.1662,-30.1949,0,0,0,0,0,0,0,0
sr,srpa199,153.16,-30.2039,0,0,0,0,0,0,0,0
sr,srpa427,152.7568,-30.2399,0,0,0,0,0,1,0,0
sr,srpa401,152.7797,-30.2399,0,0,0,0,0,0,0,0
sr,srpa328,152.9293,-30.2401,0,0,0,0,0,0,0,0
sr,srpa329,152.9293,-30.2437,0,0,0,0,0,0,0,0
sr,srpa336,152.921,-30.2455,0,0,0,0,0,0,0,0
sr,srpa408,152.7693,-30.2471,0,0,0,0,0,1,0,0
sr,srpa333,152.9252,-30.2473,0,0,0,0,0,1,0,0
sr,srpa339,152.9168,-30.2491,0,0,0,0,0,1,0,0
sr,srpa399,152.7856,-30.3572,0,0,0,0,0,1,0,0
sr,srpa393,152.7919,-30.3608,0,0,0,0,0,1,0,0
sr,srpa473,152.7252,-30.3788,0,0,0,0,0,1,0,0
sr,srpa471,152.7273,-30.3824,0,0,0,0,0,1,0,0
sr,srpa463,152.7335,-30.3824,0,0,0,0,0,1,0,0
sr,srpa436,152.7481,-30.3987,0,0,0,0,0,0,0,0
sr,srpa442,152.7439,-30.4023,0,0,0,0,0,0,0,0
sr,srpa424,152.7584,-30.4185,0,0,0,0,0,0,0,0
sr,srpa534,152.5894,-30.5047,0,0,0,0,0,1,0,0
sr,srpa541,152.5831,-30.5083,0,0,0,0,0,0,0,1
sr,srpa548,152.5769,-30.5101,0,0,0,0,0,0,0,0
sr,srpa678,152.3872,-30.5112,0,0,0,0,0,0,0,0
sr,srpa522,152.6206,-30.5157,0,0,0,0,0,1,0,0
sr,srpa674,152.3892,-30.5202,0,0,0,0,0,0,0,0
sr,srpa680,152.3871,-30.5238,0,0,0,0,0,0,0,0
sr,srpa526,152.6164,-30.5247,0,0,0,0,0,0,0,0
sr,srpa523,152.6206,-30.5247,0,0,0,0,0,0,0,0
sr,srpa480,152.7186,-30.5285,0,0,0,0,1,0,0,0
sr,srpa481,152.7185,-30.5358,0,0,0,0,0,0,0,0
sr,srpa482,152.7185,-30.5412,0,0,0,0,0,0,0,0
sr,srpa478,152.7206,-30.543,0,0,0,0,0,1,0,0
sr,srpa714,152.3453,-30.5434,0,0,0,0,0,0,0,0
sr,srpa721,152.3369,-30.547,0,0,0,0,0,0,0,0
sr,srpa731,152.3286,-30.5488,0,0,0,0,0,0,0,0
sr,srpa781,152.2722,-30.5557,0,0,0,0,0,0,0,0
sr,srpa708,152.3535,-30.5579,0,0,0,0,0,0,0,0
sr,srpa700,152.3619,-30.558,0,0,0,0,0,0,0,0
sr,srpa783,152.2701,-30.5593,0,0,0,0,0,0,0,0
sr,srpa786,152.2638,-30.5647,0,0,0,0,0,1,0,0
sr,srpa713,152.3472,-30.5651,0,0,0,0,0,0,0,0
sr,srpa747,152.3177,-30.6137,0,0,0,0,0,1,0,0
sr,srpa735,152.3218,-30.6155,0,0,0,0,0,0,0,0
sr,srpa732,152.3281,-30.6192,0,0,0,0,0,1,0,0
sr,srpa730,152.3301,-30.63,0,0,0,0,0,0,0,0
sr,srpa727,152.3321,-30.6372,0,0,0,0,0,0,0,0
sr,srpa728,152.3321,-30.6408,0,0,0,0,0,0,0,0
sr,srpa903,152.1073,-30.8073,0,0,0,0,0,0,0,0
sr,srpa902,152.1114,-30.8091,0,0,0,0,0,0,0,0
sr,srpa899,152.1177,-30.8092,0,0,0,0,0,0,0,0
sr,srpa893,152.1239,-30.811,0,0,0,0,0,0,0,0
sr,srpa942,152.0487,-30.8123,0,0,0,0,0,0,0,0
sr,srpa947,152.0361,-30.8158,0,0,0,0,0,0,0,0
sr,srpa889,152.1281,-30.8165,0,0,0,0,0,0,0,0
sr,srpa935,152.057,-30.8178,0,0,0,0,0,0,0,0
sr,srpa886,152.1343,-30.8201,0,0,0,0,0,0,0,0
sr,srpa474,152.7239,-30.8354,0,0,0,0,0,0,0,0
sr,srpa475,152.7239,-30.8426,0,0,0,0,0,0,0,0
sr,srpa782,152.27,-30.8462,0,0,0,0,0,0,0,0
sr,srpa464,152.7323,-30.8462,0,0,0,0,0,0,0,0
sr,srpa409,152.7678,-30.8481,0,0,0,0,0,0,0,0
sr,srpa420,152.7636,-30.8535,0,0,0,0,0,0,0,0
sr,srpa410,152.7678,-30.8553,0,0,0,0,0,0,0,0
sr,srpa926,152.067,-30.8576,0,0,0,0,0,0,0,0
sr,srpa777,152.272,-30.8571,0,0,0,0,0,0,0,0
sr,srpa929,152.0628,-30.8593,0,0,0,0,0,0,0,0
sr,srpa784,152.2637,-30.8588,0,0,0,0,0,0,0,0
sr,srpa406,152.7699,-30.8625,0,0,0,0,0,0,0,0
sr,srpa920,152.0773,-30.8793,0,0,0,0,0,0,0,0
sr,srpa923,152.0689,-30.8846,0,0,0,0,0,0,0,0
sr,srpa796,152.2467,-30.884,0,0,0,0,0,0,0,0
sr,srpa928,152.0646,-30.8918,0,0,0,0,0,0,0,0
sr,srpa802,152.2383,-30.8948,0,0,0,0,0,0,0,0
sr,srpa349,152.8828,-30.897,0,0,0,0,0,0,0,0
sr,srpa691,152.3701,-30.9009,0,0,0,0,0,1,0,0
sr,srpa797,152.2466,-30.902,0,0,0,0,0,0,0,0
sr,srpa353,152.8765,-30.9078,0,0,0,0,0,0,0,0
sr,srpa692,152.37,-30.9099,0,0,0,0,0,0,0,0
sr,srpa357,152.8681,-30.9114,0,0,0,1,0,0,0,0
sr,srpa765,152.2925,-30.9149,0,0,0,0,0,0,0,0
sr,srpa695,152.3679,-30.9153,0,0,0,0,0,0,0,0
sr,srpa668,152.393,-30.9154,0,0,0,0,0,1,0,0
sr,srpa931,152.0602,-30.9189,0,0,0,0,0,0,0,0
sr,srpa669,152.3909,-30.9226,0,0,0,0,0,0,0,1
sr,srpa760,152.2987,-30.924,0,0,0,0,0,0,0,0
sr,srpa917,152.081,-30.9262,0,0,0,0,0,0,0,0
sr,srpa924,152.0685,-30.9279,0,0,0,0,0,0,0,0
sr,srpa684,152.3825,-30.928,0,0,0,0,0,0,0,0
sr,srpa766,152.2924,-30.9294,0,0,0,0,0,0,0,0
sr,srpa930,152.0621,-30.9315,0,0,0,0,0,0,0,0
sr,srpa905,152.1019,-30.9336,0,0,0,0,0,0,0,0
sr,srpa666,152.3948,-30.9606,0,0,0,0,0,0,0,0
sr,srpa685,152.3822,-30.9623,0,0,0,0,0,1,0,0
sr,srpa582,152.5119,-30.999,0,0,0,0,0,0,0,0
sr,srpa580,152.514,-31.0008,0,0,0,0,0,0,0,0
sr,srpa572,152.5244,-31.008,0,0,0,0,0,0,0,0
sr,srpa715,152.3412,-31.139,0,0,0,0,0,1,0,0
sr,srpa352,152.8783,-31.1406,0,0,0,0,0,0,0,0
sr,srpa540,152.5825,-31.1418,0,0,0,0,0,0,0,0
sr,srpa356,152.872,-31.1532,0,0,0,0,0,0,0,0
sr,srpa529,152.5971,-31.1599,0,0,0,0,0,0,0,0
sr,srpa350,152.8825,-31.1604,0,0,0,0,0,0,0,0
sr,srpa640,152.4208,-31.161,0,0,0,0,0,0,0,0
sr,srpa648,152.4103,-31.1664,0,0,0,0,0,0,0,0
sr,srpa662,152.3998,-31.1681,0,0,0,0,0,0,0,0
sr,srpa530,152.597,-31.1725,0,0,0,0,0,0,0,0
sr,srpa724,152.3304,-31.1822,0,0,0,0,0,0,0,0
sr,srpa736,152.3178,-31.1839,0,0,0,0,0,0,0,0
sr,srpa720,152.3367,-31.1877,0,0,0,0,0,0,0,0
sr,srpa697,152.3618,-31.1932,0,0,0,0,0,1,0,0
sr,srpa816,152.196,-31.1959,0,0,0,0,0,1,0,0
sr,srpa693,152.3681,-31.1968,0,0,0,0,0,1,0,0
sr,srpa488,152.7061,-31.1962,0,0,0,0,0,0,0,0
sr,srpa821,152.1854,-31.2012,0,0,0,0,0,0,0,0
sr,srpa485,152.7124,-31.2053,0,0,0,0,0,0,0,0
sr,srpa555,152.5549,-31.212,0,0,0,0,0,0,0,0
sr,srpa581,152.5129,-31.2155,0,0,0,0,0,0,0,0
sr,srpa486,152.7123,-31.2161,0,0,0,0,0,0,0,0
sr,srpa563,152.5443,-31.2192,0,0,0,0,0,0,0,0
sr,srpa553,152.559,-31.2193,0,0,0,0,0,0,0,0
sr,srpa552,152.5611,-31.2247,0,0,0,0,0,0,0,0
sr,srpa574,152.5191,-31.2264,0,0,0,0,0,0,0,0
sr,srpa855,152.1621,-31.2281,0,0,0,0,0,1,0,0
sr,srpa557,152.5527,-31.2301,0,0,0,0,0,0,0,0
sr,srpa425,152.7564,-31.2324,0,0,0,0,0,0,0,0
sr,srpa851,152.1642,-31.2336,0,0,0,0,0,0,0,0
sr,srpa842,152.1663,-31.2336,0,0,0,0,0,0,0,0
sr,srpa843,152.1663,-31.2354,0,0,0,0,0,1,0,0
sr,srpa437,152.7459,-31.2469,0,0,0,0,0,0,0,0
sr,srpa414,152.7648,-31.2469,0,0,0,0,0,0,0,0
sr,srpa1058,151.1826,-31.283,0,0,0,0,0,0,0,0
sr,srpa975,151.8422,-31.2852,0,0,0,0,0,0,0,0
sr,srpa974,151.8591,-31.2853,0,0,0,0,0,0,0,0
sr,srpa976,151.8317,-31.2887,0,0,0,0,0,0,0,0
sr,srpa869,152.149,-31.2894,0,0,0,0,0,0,0,0
sr,srpa860,152.1573,-31.2949,0,0,0,0,0,0,0,0
sr,srpa844,152.1657,-31.2985,0,0,0,0,0,0,0,0
sr,srpa1063,151.1192,-31.3001,0,0,0,0,0,0,0,0
sr,srpa1064,151.098,-31.3106,0,0,0,0,0,0,0,0
sr,srpa1065,151.0937,-31.316,0,0,0,0,0,0,0,0
sr,srpa1067,151.0874,-31.3177,0,0,0,0,0,0,0,0
sr,srpa1066,151.0937,-31.3178,0,0,0,0,0,0,0,0
sr,srpa1056,151.188,-31.33,0,0,0,0,0,0,0,0
sr,srpa1003,151.6018,-31.3478,0,0,0,0,0,0,0,0
sr,srpa966,151.9004,-31.3471,0,0,0,0,0,1,0,1
sr,srpa963,151.9087,-31.3489,0,0,0,0,0,1,0,0
sr,srpa1001,151.6038,-31.3568,0,0,0,0,0,0,0,0
sr,srpa961,151.9233,-31.3599,0,0,0,0,0,1,0,0
sr,srpa1002,151.6036,-31.3712,0,0,0,0,0,0,0,0
sr,srpa972,151.8766,-31.3974,0,0,0,0,0,1,0,0
sr,srpa968,151.8829,-31.3974,0,0,0,0,0,0,0,0
sr,srpa969,151.8786,-31.4046,0,0,0,0,0,1,0,0
sr,srpa887,152.1246,-31.43,0,0,0,0,0,0,0,0
sr,srpa894,152.1182,-31.4317,0,0,0,0,0,1,0,0
sr,srpa900,152.1098,-31.4335,0,0,0,0,0,0,0,0
sr,srpa870,152.1475,-31.4482,0,0,0,0,0,1,0,0
sr,srpa867,152.1496,-31.4554,0,0,0,0,0,1,0,1
sr,srpa1021,151.4966,-31.4873,0,0,0,0,0,0,0,0
sr,srpa1018,151.505,-31.4874,0,0,0,0,0,0,0,0
sr,srpa1020,151.4986,-31.4927,0,0,0,0,0,0,0,0
sr,srpa1012,151.5468,-31.5059,0,0,0,0,0,0,0,0
sr,srpa824,152.1805,-31.5242,0,0,0,0,0,1,0,0
sr,srpa814,152.1953,-31.5261,0,0,0,0,0,0,1,1
sr,srpa818,152.1868,-31.5278,0,0,0,0,0,1,0,0
sr,srpa1006,151.5675,-31.5296,0,0,0,0,0,1,0,0
sr,srpa788,152.2478,-31.5499,0,0,0,0,0,0,0,0
sr,srpa1013,151.5461,-31.5528,0,0,0,0,0,1,0,0
sr,srpa789,152.2477,-31.5553,0,0,0,0,0,1,0,0
sr,srpa792,152.2435,-31.5607,0,0,0,0,0,1,0,0
sr,srpa799,152.2392,-31.5624,0,0,0,0,0,0,0,0
sr,srpa1011,151.5501,-31.5655,0,0,0,0,0,1,0,0
sr,srpa1009,151.5605,-31.5764,0,0,0,0,0,0,0,0
sr,srpa999,151.6068,-31.5806,0,0,0,0,0,1,0,0
sr,srpa1025,151.4843,-31.5972,0,0,0,0,0,1,0,0
sr,srpa881,152.1292,-31.6068,0,0,0,0,0,0,0,0
sr,srpa1057,151.1783,-31.6149,0,0,0,0,0,0,0,0
sr,srpa826,152.1776,-31.6162,0,0,0,0,0,1,0,0
sr,srpa882,152.1291,-31.6177,0,0,0,0,0,1,0,0
sr,srpa838,152.165,-31.6197,0,0,0,0,0,0,0,0
sr,srpa1055,151.1866,-31.6222,0,0,0,0,0,0,0,0
sr,srpa883,152.1291,-31.6231,0,0,0,0,0,0,0,0
sr,srpa1060,151.1676,-31.6237,0,0,0,0,0,0,0,0
sr,srpa837,152.167,-31.6233,0,0,0,0,0,1,0,0
sr,srpa1061,151.1632,-31.6291,0,0,0,0,0,0,0,0
sr,srpa1059,151.1696,-31.6292,0,0,0,0,0,0,0,0
sr,srpa1062,151.1632,-31.6327,0,0,0,0,0,0,0,0
sr,srpa667,152.3904,-31.6481,0,0,0,0,0,0,0,0
sr,srpa675,152.3819,-31.6534,0,0,0,0,0,1,0,0
sr,srpa996,151.6162,-31.6582,0,0,0,0,0,0,1,0
sr,srpa658,152.4008,-31.6662,0,0,0,0,0,1,0,0
sr,srpa997,151.616,-31.6709,0,0,0,0,0,0,0,0
sr,srpa1007,151.5653,-31.6757,0,0,0,0,0,0,0,0
sr,srpa989,151.7151,-31.6755,0,0,0,0,0,0,0,0
sr,srpa991,151.6854,-31.6824,0,0,0,0,0,0,0,0
sr,srpa990,151.7002,-31.6844,0,0,0,0,0,0,0,0
sr,srpa993,151.6516,-31.6875,0,0,0,0,0,0,0,0
sr,srpa1005,151.567,-31.7028,0,0,0,0,0,0,0,0
sr,srpa1000,151.6026,-31.7158,0,0,0,0,0,1,0,0
sr,srpa995,151.6282,-31.8442,0,0,0,0,0,1,0,0
sr,srpa994,151.6386,-31.8515,0,0,0,0,0,0,0,0
sr,srpa998,151.6048,-31.853,0,0,0,0,0,0,0,0
sr,srpa1004,151.5773,-31.8545,0,0,0,0,0,0,0,0
sr,srpa1008,151.5624,-31.8597,0,0,0,0,0,0,0,0
sr,srpa992,151.6511,-31.8661,0,0,0,0,0,0,0,0
sr,srpa1010,151.5555,-31.8975,0,0,0,0,0,0,0,0
sr,srpa1019,151.4983,-31.9023,0,0,0,0,0,0,0,0
sr,srpa1039,151.3925,-31.9046,0,0,0,0,0,0,0,0
sr,srpa1030,151.4432,-31.9124,0,0,0,0,0,0,0,0
sr,srpa1016,151.515,-31.9151,0,0,0,0,0,0,0,0
sr,srpa1038,151.3987,-31.9155,0,0,0,0,0,0,0,0
sr,srpa1026,151.4769,-31.9165,0,0,0,0,0,0,0,0
sr,srpa1041,151.3879,-31.928,0,0,0,0,0,0,0,1
sr,srpa1032,151.4406,-31.9377,0,0,0,0,0,0,0,0
sr,srpa1043,151.3516,-31.9456,0,0,0,0,0,0,0,0
sr,srpa1031,151.4426,-31.9485,0,0,0,0,0,0,0,0
sr,srpa1040,151.3917,-31.9551,0,0,0,0,0,0,0,0
sr,srpa1042,151.3768,-31.9567,0,0,0,0,0,0,0,0
sr,srpa643,152.4137,-31.9639,0,0,0,0,0,0,0,0
sr,srpa634,152.4243,-31.964,0,0,0,0,0,0,0,0
sr,srpa630,152.4306,-31.9658,0,0,0,0,0,0,0,0
sr,srpa703,152.3498,-32.025,0,0,0,0,0,1,0,0
sr,srpa632,152.426,-32.0271,0,0,0,0,0,0,0,0
sr,srpa629,152.4324,-32.029,0,0,0,0,0,0,0,0
sr,srpa625,152.4408,-32.029,0,0,0,0,0,0,0,0
sr,srpa709,152.3434,-32.0303,0,0,0,0,0,1,0,0
sr,srpa717,152.3328,-32.0321,0,0,0,0,0,1,0,0
sr,srpa986,151.7219,-32.0978,0,0,0,0,0,0,0,0
sr,srpa982,151.7622,-32.0982,0,0,0,0,0,0,0,0
sr,srpa981,151.7642,-32.1072,0,0,0,0,0,0,0,0
sr,srpa1035,151.4335,-32.109,0,0,0,0,0,0,0,0
sr,srpa988,151.7154,-32.1103,0,0,0,0,0,1,0,0
sr,srpa980,151.7683,-32.1145,0,0,0,0,0,0,0,0
sr,srpa1036,151.4249,-32.1161,0,0,0,0,0,0,0,0
sr,srpa1037,151.4248,-32.1179,0,0,0,0,0,0,0,0
sr,srpa1053,151.2762,-32.134,0,0,0,0,0,0,0,0
sr,srpa1034,151.4351,-32.136,0,0,0,0,0,0,0,0
sr,srpa1033,151.4373,-32.1361,0,0,0,0,0,0,0,0
sr,srpa1051,151.2803,-32.1376,0,0,0,0,0,0,0,0
sr,srpa1024,151.4775,-32.1384,0,0,0,0,0,0,0,0
sr,srpa985,151.7446,-32.1395,0,0,0,0,0,0,0,0
sr,srpa1052,151.2781,-32.143,0,0,0,0,0,0,0,0
sr,srpa984,151.751,-32.1432,0,0,0,0,0,0,0,0
sr,srpa1017,151.5113,-32.1442,0,0,0,0,0,0,0,0
sr,srpa1054,151.2738,-32.1448,0,0,0,0,0,0,0,0
sr,srpa1049,151.2908,-32.145,0,0,0,0,0,0,0,0
sr,srpa1029,151.454,-32.1471,0,0,0,0,0,0,0,0
sr,srpa1023,151.4795,-32.1474,0,0,0,0,0,0,0,0
sr,srpa983,151.7551,-32.1468,0,0,0,0,0,1,0,0
sr,srpa1015,151.5197,-32.1479,0,0,0,0,0,0,0,0
sr,srpa1022,151.4815,-32.1528,0,0,0,0,0,1,0,0
sr,srpa1014,151.5281,-32.157,0,0,0,0,0,0,0,0
sr,srpa1028,151.4559,-32.1598,0,0,0,0,0,0,0,0
sr,srpa1047,151.3117,-32.1615,0,0,0,0,0,0,0,0
sr,srpa1027,151.4622,-32.1634,0,0,0,0,0,0,0,0
sr,srpa1048,151.3072,-32.1741,0,0,0,0,0,0,0,0
sr,srpa1046,151.339,-32.1781,0,0,0,0,0,0,0,0
sr,srpa1050,151.288,-32.1792,0,0,0,0,0,0,0,0
sr,srpa1044,151.343,-32.189,0,0,0,0,0,0,0,0
sr,srpa1045,151.3428,-32.2016,0,0,0,0,0,0,0,0
sr,srpa877,152.1295,-32.4765,0,0,0,0,0,0,0,0
sr,srpa884,152.1205,-32.527,0,0,0,0,0,0,0,1
sr,srpa879,152.1267,-32.5378,0,0,0,0,0,0,1,0
sr,srpa856,152.1501,-32.5416,0,0,0,0,0,0,0,0
sr,srpa960,151.9196,-32.5867,0,0,0,0,0,0,0,0
sr,srpa955,151.9366,-32.5887,0,0,0,0,0,0,0,0
sr,srpa956,151.9258,-32.5994,0,0,0,0,0,0,0,0
sr,srpa977,151.8022,-32.6019,0,0,0,0,0,0,0,0
sr,srpa953,151.9449,-32.605,0,0,0,0,0,0,0,0
sr,srpa978,151.7956,-32.6163,0,0,0,0,0,0,0,0
sr,srpa979,151.7869,-32.6252,0,0,0,0,0,0,0,0