group,siteid,x,y,nsw08,nsw09,nsw10,nsw11,nsw12,nsw13,nsw14,nsw15
db,dbpa3,153.492,-28.166,0,0,0,0,0,0,0,0
db,dbpa4,153.493,-28.1678,0,0,0,0,0,0,0,0
db,dbpa8,153.5492,-28.1974,0,0,0,0,0,0,0,0
db,dbpa10,153.5512,-28.201,0,0,0,0,0,0,0,0
db,dbpa11,153.562,-28.302,0,0,0,0,0,0,1,0
db,dbpa12,153.5559,-28.303,0,0,0,0,0,0,1,0
db,dbpa13,153.5549,-28.3102,0,0,0,0,0,0,1,0
db,dbpa14,153.5672,-28.321,0,0,0,0,0,0,0,0
db,dbpa15,153.5651,-28.3228,1,0,0,0,0,0,1,0
db,dbpa16,153.5621,-28.3255,0,0,0,0,0,0,1,0
db,dbpa17,153.5489,-28.3301,0,0,0,0,0,0,1,0
db,dbpa18,153.0765,-28.3718,0,0,0,0,0,0,0,0
db,dbpa19,153.0643,-28.3736,0,0,0,0,0,0,0,0
db,dbpa20,153.2358,-28.3797,0,0,0,0,0,0,1,0
db,dbpa21,153.2317,-28.3824,0,0,0,0,0,1,1,0
db,dbpa22,153.2327,-28.3906,0,0,0,0,0,0,1,0
db,dbpa23,153.0561,-28.398,0,0,0,0,0,0,0,0
db,dbpa24,152.6764,-28.3985,0,0,0,0,0,1,0,0
db,dbpa25,152.6897,-28.4003,0,0,0,0,0,0,0,0
db,dbpa26,152.6794,-28.4021,0,0,0,0,0,1,0,0
db,dbpa27,153.1164,-28.4051,0,0,0,0,0,0,1,0
db,dbpa28,153.0347,-28.407,0,0,0,0,0,0,1,0
db,dbpa29,153.0214,-28.4115,0,1,0,0,0,0,0,0
db,dbpa31,152.4609,-28.4132,0,0,0,0,0,0,0,0
db,dbpa30,153.0306,-28.4133,0,0,0,0,0,0,1,0
db,dbpa32,153.0276,-28.4142,0,0,0,0,1,0,1,0
db,dbpa33,153.1195,-28.4169,0,0,0,0,0,0,0,0
db,dbpa34,152.4629,-28.4258,0,0,0,0,0,0,0,0
db,dbpa35,153.1276,-28.4358,0,0,0,0,0,0,0,0
db,dbpa36,153.1399,-28.4376,0,0,0,0,0,0,0,0
db,dbpa37,152.4587,-28.4402,0,0,0,0,0,0,0,0
db,dbpa38,153.193,-28.4466,0,0,0,0,0,1,0,0
db,dbpa39,153.1736,-28.4493,0,0,0,0,0,0,1,0
db,dbpa41,153.1777,-28.4574,0,0,0,0,0,0,1,0
db,dbpa40,153.1358,-28.4575,0,0,0,0,0,0,0,0
db,dbpa44,152.6496,-28.4616,0,0,0,0,1,1,0,0
db,dbpa42,153.1267,-28.4611,0,0,0,0,0,0,0,0
db,dbpa43,153.1318,-28.4611,0,0,0,0,0,0,0,0
db,dbpa46,153.19,-28.4637,0,0,0,0,1,0,1,0
db,dbpa45,153.1645,-28.4638,0,0,0,0,0,0,1,0
db,dbpa48,152.6404,-28.4661,0,0,0,0,0,0,0,0
db,dbpa47,153.142,-28.4656,0,0,0,0,0,0,0,0
db,dbpa49,152.4004,-28.4734,0,0,0,0,0,0,0,0
db,dbpa50,152.3973,-28.4752,0,0,0,0,0,0,0,0
db,dbpa51,153.1808,-28.4782,0,0,0,0,0,1,1,0
db,dbpa53,152.6649,-28.4806,0,0,0,0,0,1,0,0
db,dbpa52,153.1798,-28.48,0,0,0,0,0,0,1,0
db,dbpa55,152.4003,-28.4815,0,0,0,0,0,0,0,0
db,dbpa54,153.14,-28.4818,0,0,0,0,0,0,0,0
db,dbpa56,153.1727,-28.4827,0,0,0,0,0,0,1,0
db,dbpa57,152.6741,-28.4842,0,0,0,0,0,1,0,0
db,dbpa58,153.1318,-28.4882,0,0,0,0,0,0,0,0
db,dbpa59,152.6833,-28.4897,0,0,0,0,0,0,0,0
db,dbpa60,153.1247,-28.4954,0,0,0,0,0,1,0,0
db,dbpa63,153.5274,-28.5333,0,0,0,0,0,0,0,0
db,dbpa64,153.5448,-28.535,0,0,0,0,0,0,0,0
db,dbpa65,153.552,-28.5359,1,0,0,0,0,0,0,0
db,dbpa66,153.5367,-28.5413,0,0,0,0,0,0,1,0
db,dbpa67,152.3366,-28.5471,0,0,0,0,0,0,0,0
db,dbpa68,153.5418,-28.5485,0,0,0,0,0,0,0,0
db,dbpa71,152.3294,-28.5534,0,0,0,0,1,0,1,0
db,dbpa70,153.5551,-28.553,1,0,0,0,0,0,0,0
db,dbpa73,152.5369,-28.5579,0,0,0,0,0,1,0,0
db,dbpa74,152.3252,-28.5588,1,0,0,0,1,1,1,0
db,dbpa76,152.4979,-28.5767,0,0,0,0,0,0,0,0
db,dbpa77,152.4908,-28.5775,0,0,0,0,0,1,0,0
db,dbpa78,153.3262,-28.5853,0,0,0,0,0,0,0,0
db,dbpa79,152.4969,-28.5884,0,0,0,0,0,1,0,0
db,dbpa80,153.3201,-28.589,0,0,0,0,0,0,0,0
db,dbpa81,153.3252,-28.5989,0,0,0,0,0,0,0,0
db,dbpa82,153.5687,-28.599,0,0,0,0,0,0,0,0
db,dbpa83,153.3774,-28.6005,0,0,0,0,1,0,0,0
db,dbpa84,152.686,-28.6034,0,0,0,0,0,0,0,0
db,dbpa85,153.5717,-28.6035,0,0,0,0,0,0,0,0
db,dbpa86,153.5718,-28.6071,0,0,0,0,0,0,1,0
db,dbpa87,152.7013,-28.6098,0,0,0,0,0,1,1,0
db,dbpa88,153.3468,-28.6124,0,0,0,0,0,0,0,0
db,dbpa89,153.3621,-28.6123,0,0,0,0,1,0,0,0
db,dbpa90,152.7044,-28.6206,0,0,0,0,0,0,0,0
db,dbpa91,152.7054,-28.626,0,0,0,0,0,0,0,0
db,dbpa92,152.7135,-28.6278,0,0,0,0,0,0,0,0
db,dbpa93,152.7217,-28.6324,0,0,0,0,0,0,1,0
db,dbpa94,153.3243,-28.635,0,0,0,0,1,0,0,0
db,dbpa95,152.778,-28.6361,0,0,0,0,1,0,1,0
db,dbpa96,153.3264,-28.6377,0,0,0,0,0,0,0,0
db,dbpa98,152.4945,-28.6444,0,0,0,0,0,1,0,0
db,dbpa99,153.6027,-28.6476,0,0,0,0,0,0,0,0
db,dbpa100,152.4853,-28.6488,0,0,0,0,0,1,0,0
db,dbpa101,152.4924,-28.6579,0,0,0,0,0,1,0,0
db,dbpa102,153.6071,-28.6999,1,0,0,0,0,0,1,0
db,dbpa103,153.6091,-28.6999,0,0,0,0,0,0,1,0
db,dbpa104,152.3663,-28.7052,0,0,0,0,0,0,0,0
db,dbpa105,153.6123,-28.7107,0,0,0,0,0,0,1,0
db,dbpa106,152.4123,-28.7126,0,0,0,0,0,0,1,0
db,dbpa107,152.3897,-28.7179,0,0,0,0,0,0,0,0
db,dbpa108,153.6113,-28.7206,1,0,0,0,0,0,1,0
db,dbpa109,153.6123,-28.7215,0,0,0,0,0,0,1,0
db,dbpa110,152.3291,-28.752,0,0,0,0,0,0,0,0
db,dbpa111,153.5982,-28.7523,0,0,0,0,0,0,0,0
db,dbpa112,152.2646,-28.7552,0,1,0,0,0,0,1,0
db,dbpa113,153.5961,-28.7568,0,0,0,0,0,0,1,0
db,dbpa114,153.5777,-28.7578,0,0,0,0,0,0,1,0
db,dbpa115,153.5787,-28.7578,0,0,0,0,0,0,0,0
db,dbpa116,153.5828,-28.7587,0,0,0,0,0,0,1,0
db,dbpa117,152.2922,-28.7644,0,0,0,0,0,0,0,0
db,dbpa118,153.5798,-28.7686,0,0,0,0,0,0,0,0
db,dbpa120,152.3024,-28.7717,0,0,0,0,0,0,0,0
db,dbpa121,153.5798,-28.7722,0,0,0,0,0,0,0,0
db,dbpa123,152.7326,-28.7777,0,0,0,0,0,1,0,0
db,dbpa125,153.3309,-28.7794,1,0,0,0,1,0,1,0
db,dbpa126,152.3248,-28.7835,0,0,0,0,0,0,0,0
db,dbpa128,152.3105,-28.7862,0,0,0,0,0,0,0,0
db,dbpa127,152.7264,-28.7867,0,0,0,0,0,0,0,0
db,dbpa129,152.3156,-28.788,0,0,0,0,0,0,0,0
db,dbpa131,152.1824,-28.79,0,0,0,0,0,0,0,0
db,dbpa132,152.1843,-28.8071,0,0,0,0,0,0,0,1
db,dbpa136,152.062,-28.8406,0,0,0,0,0,0,0,0
db,dbpa135,152.0774,-28.8398,0,0,0,0,0,0,0,0
db,dbpa134,152.7376,-28.8409,0,0,0,0,0,0,1,0
db,dbpa139,152.1717,-28.8422,0,0,0,0,0,0,0,0
db,dbpa137,152.7201,-28.8436,0,0,0,0,0,0,0,0
db,dbpa138,152.7314,-28.8436,0,0,0,0,1,0,1,0
db,dbpa140,152.0855,-28.8507,0,0,0,0,0,0,0,0
db,dbpa141,152.1531,-28.8584,0,1,0,0,0,0,0,1
db,dbpa142,152.1921,-28.8586,0,0,0,0,0,0,0,0
db,dbpa143,152.1961,-28.865,0,0,0,0,0,0,0,0
db,dbpa144,153.5712,-28.8842,1,0,0,0,0,0,0,0
db,dbpa145,152.7446,-28.8978,0,0,0,0,0,0,1,0
db,dbpa146,152.7559,-28.8978,0,0,0,0,1,0,1,0
db,dbpa147,153.4093,-28.9046,0,0,0,0,0,0,0,0
db,dbpa148,152.0163,-28.9071,0,0,0,0,0,0,0,0
db,dbpa150,152.3312,-28.9099,0,0,0,0,0,0,0,0
db,dbpa149,152.7466,-28.9104,0,0,0,0,0,0,0,0
db,dbpa152,152.0193,-28.9143,0,0,0,0,0,0,0,0
db,dbpa151,152.2634,-28.915,0,0,0,0,0,0,0,0
db,dbpa153,152.3168,-28.9171,0,0,0,0,0,0,0,0
db,dbpa154,152.3311,-28.918,0,0,0,0,0,0,1,0
db,dbpa155,152.2613,-28.9258,0,0,0,0,0,0,0,0
db,dbpa156,152.1392,-28.9305,0,1,0,0,0,0,0,0
db,dbpa158,152.2705,-28.934,0,1,0,0,0,0,0,0
db,dbpa157,152.7425,-28.9348,0,0,0,0,0,0,1,0
db,dbpa160,152.1032,-28.9366,0,0,0,0,0,0,0,0
db,dbpa159,152.762,-28.9375,0,0,0,0,0,0,0,0
db,dbpa161,152.6245,-28.939,0,0,0,0,0,0,1,0
db,dbpa162,153.274,-28.9402,0,0,0,0,0,0,1,0
db,dbpa164,152.1422,-28.9449,0,0,0,0,0,0,0,0
db,dbpa163,152.6172,-28.9453,0,0,0,0,0,0,1,0
db,dbpa167,152.7681,-28.9493,0,0,0,0,0,0,0,0
db,dbpa169,152.294,-28.9503,0,0,0,0,0,0,0,1
db,dbpa171,152.3258,-28.9559,0,0,0,0,0,0,1,1
db,dbpa170,153.3828,-28.9562,0,0,0,0,0,0,1,0
db,dbpa172,152.6234,-28.9598,0,0,0,0,0,0,1,0
db,dbpa173,152.3288,-28.9641,0,0,0,0,0,0,0,1
db,dbpa174,153.4454,-28.9668,0,0,0,0,0,0,0,0
db,dbpa175,153.4321,-28.9695,0,0,0,0,0,0,1,0
db,dbpa176,153.4321,-28.9723,0,0,0,0,0,0,1,0
db,dbpa177,153.4373,-28.9722,0,0,0,0,0,0,0,0
db,dbpa178,153.4383,-28.974,0,0,0,0,0,0,0,0
db,dbpa179,152.2606,-29.026,0,0,0,0,0,0,0,0
db,dbpa182,152.2606,-29.0332,0,1,0,0,0,0,0,0
db,dbpa180,152.9723,-29.0334,0,0,0,0,0,0,0,0
db,dbpa181,152.9764,-29.0343,0,0,0,0,0,0,1,0
db,dbpa183,152.2544,-29.035,0,1,0,0,0,0,0,0
db,dbpa184,152.9702,-29.037,0,0,0,0,0,0,1,0
db,dbpa186,152.9753,-29.0434,0,0,0,0,0,0,0,0
db,dbpa187,153.4293,-29.0445,0,0,0,0,0,0,0,0
db,dbpa188,152.9425,-29.046,0,0,0,0,0,0,0,0
db,dbpa189,152.9384,-29.0497,0,0,0,0,0,0,0,0
db,dbpa190,152.9476,-29.0515,0,0,0,0,0,0,0,0
db,dbpa191,152.9548,-29.0524,0,0,0,0,0,0,0,0
db,dbpa192,152.9538,-29.0533,0,0,0,0,0,0,0,0
db,dbpa193,152.9918,-29.0551,0,0,0,0,0,0,1,0
db,dbpa194,152.7493,-29.0675,0,0,0,0,0,0,0,0
db,dbpa195,153.3966,-29.0726,0,0,0,0,0,0,0,0
db,dbpa196,153.2661,-29.0756,1,0,0,0,0,0,1,0
db,dbpa197,153.4315,-29.0761,0,0,0,0,0,0,0,0
db,dbpa198,152.7483,-29.0774,0,0,0,0,0,0,0,0
db,dbpa199,153.3935,-29.0807,0,0,0,0,0,0,0,0
db,dbpa200,153.001,-29.0867,0,0,0,0,0,0,1,0
db,dbpa201,152.7616,-29.0901,0,0,0,0,0,0,0,0
db,dbpa205,152.4389,-29.0999,0,0,0,0,0,0,0,0
db,dbpa206,152.4419,-29.1081,0,0,0,0,0,0,0,0
db,dbpa207,152.4491,-29.1117,0,0,0,0,0,0,0,1
db,dbpa208,152.4624,-29.119,0,0,0,0,0,0,0,1
db,dbpa209,152.2825,-29.1209,0,0,0,0,0,0,0,0
db,dbpa210,153.4215,-29.1302,0,0,0,0,0,0,0,0
db,dbpa211,152.302,-29.1318,0,1,0,0,0,0,0,0
db,dbpa212,153.4143,-29.1357,0,1,0,0,0,0,1,0
db,dbpa216,152.2948,-29.1372,0,0,0,0,0,0,0,1
db,dbpa214,153.4215,-29.1366,0,0,0,0,0,0,0,0
db,dbpa217,153.3794,-29.1403,0,0,0,0,0,0,1,0
db,dbpa218,152.4294,-29.1432,0,0,0,0,0,0,0,0
db,dbpa220,152.2927,-29.1444,0,1,0,0,0,0,0,1
db,dbpa219,152.3266,-29.1437,0,0,0,0,0,0,0,0
db,dbpa221,152.4314,-29.1487,0,0,0,0,0,0,0,0
db,dbpa222,152.3307,-29.15,0,1,0,0,0,0,0,0
db,dbpa223,152.1096,-29.1523,0,0,0,0,0,0,0,0
db,dbpa225,152.4365,-29.155,0,0,0,0,0,0,0,0
db,dbpa224,153.1769,-29.1552,0,0,0,0,0,0,1,0
db,dbpa228,152.1054,-29.1604,0,0,0,0,0,0,0,0
db,dbpa229,152.1126,-29.1614,0,1,0,0,0,0,0,1
db,dbpa226,152.9671,-29.1616,0,0,0,0,0,0,0,0
db,dbpa227,153.1697,-29.1624,1,0,0,0,0,0,1,0
db,dbpa230,152.963,-29.1688,0,1,0,0,0,0,0,0
db,dbpa231,153.3867,-29.1683,0,1,0,0,0,0,1,0
db,dbpa232,152.9691,-29.1751,0,0,0,0,0,0,1,0
db,dbpa233,153.4001,-29.1772,0,0,0,0,0,0,0,0
db,dbpa234,153.3898,-29.1791,1,0,0,0,0,0,1,0
db,dbpa235,152.4426,-29.183,0,0,0,0,0,0,0,0
db,dbpa236,153.3816,-29.1836,0,0,0,0,0,0,1,0
db,dbpa237,152.4394,-29.1893,0,0,0,0,0,0,0,0
db,dbpa238,152.1278,-29.1912,0,0,0,0,0,0,0,1
db,dbpa239,152.3643,-29.1935,0,0,0,0,0,0,0,0
db,dbpa240,152.3715,-29.1953,0,0,0,0,0,0,0,0
db,dbpa241,152.3797,-29.1999,0,1,0,0,0,0,0,0
db,dbpa242,152.1318,-29.2048,0,0,0,0,0,0,0,0
db,dbpa243,153.2582,-29.2128,0,0,0,0,0,0,1,0
db,dbpa245,152.1327,-29.2138,0,0,0,0,0,0,0,0
db,dbpa244,153.2459,-29.2137,0,0,0,0,0,0,1,0
db,dbpa246,152.7994,-29.2174,0,0,0,0,0,0,1,0
db,dbpa247,152.7932,-29.2219,0,1,0,0,0,0,1,0
db,dbpa248,153.2233,-29.2219,0,0,0,0,0,0,1,0
db,dbpa249,152.7922,-29.2273,0,0,0,0,0,0,0,0
db,dbpa250,152.7932,-29.2318,0,0,0,0,0,0,0,0
db,dbpa253,152.3846,-29.2351,0,0,0,0,0,0,0,0
db,dbpa251,153.1749,-29.2346,0,0,0,0,0,0,1,0
db,dbpa252,153.1863,-29.2346,0,0,0,0,0,0,1,0
db,dbpa254,153.1626,-29.2382,0,0,0,0,0,0,1,0
db,dbpa256,152.3805,-29.2396,0,0,0,0,0,0,0,0
db,dbpa257,152.1644,-29.2402,0,0,0,0,0,0,0,0
db,dbpa255,152.7973,-29.24,0,0,0,0,0,0,0,0
db,dbpa258,152.1664,-29.2429,0,0,0,0,0,0,0,1
db,dbpa260,152.3774,-29.2468,0,0,0,0,0,0,0,0
db,dbpa262,153.3612,-29.2478,0,0,0,0,0,0,1,0
db,dbpa265,152.365,-29.2485,0,0,0,0,0,0,0,1
db,dbpa266,152.3691,-29.2486,0,0,0,0,0,0,0,1
db,dbpa264,153.3581,-29.2487,0,0,0,0,0,0,0,0
db,dbpa267,152.3619,-29.2494,0,0,0,0,0,0,0,1
db,dbpa263,152.7962,-29.249,0,1,0,0,0,0,1,0
db,dbpa269,152.3557,-29.2512,0,0,0,0,0,0,0,1
db,dbpa268,152.8003,-29.2517,0,0,0,0,0,0,1,0
db,dbpa270,153.2954,-29.2542,0,0,0,0,0,0,1,0
db,dbpa271,153.3633,-29.2559,1,0,0,0,0,0,0,0
db,dbpa273,152.8075,-29.258,0,0,0,0,0,0,1,0
db,dbpa274,153.3489,-29.2595,0,0,0,0,0,0,0,0
db,dbpa277,153.3284,-29.265,0,0,0,0,0,0,0,0
db,dbpa276,152.8034,-29.2652,0,0,0,0,0,0,1,0
db,dbpa278,153.3438,-29.2677,0,0,0,0,0,0,0,0
db,dbpa280,153.3449,-29.2785,0,0,0,0,0,0,0,0
db,dbpa281,153.278,-29.2868,0,0,0,0,0,0,1,0
db,dbpa282,153.278,-29.2931,0,1,0,0,0,0,0,0
db,dbpa283,153.3305,-29.293,0,0,0,0,0,0,0,0
db,dbpa285,152.1927,-29.3099,0,0,0,0,0,0,0,1
db,dbpa286,152.1803,-29.3107,0,0,0,0,0,0,0,0
db,dbpa287,153.2956,-29.3165,0,0,0,0,0,0,1,0
db,dbpa289,152.1411,-29.3177,0,0,0,0,0,0,0,0
db,dbpa288,153.2976,-29.3192,0,0,0,0,0,0,1,0
db,dbpa290,152.1194,-29.3239,0,1,0,0,0,0,0,0
db,dbpa292,152.1605,-29.3377,0,0,0,0,0,0,0,0
db,dbpa294,153.3183,-29.3544,0,0,0,0,0,0,1,0
db,dbpa295,153.3328,-29.3597,0,0,0,0,0,0,1,0
db,dbpa297,153.3678,-29.3696,1,0,0,0,0,0,0,0
db,dbpa298,153.3462,-29.3778,0,0,0,0,0,0,0,0
db,dbpa299,153.3576,-29.3795,1,0,0,0,1,0,1,0
db,dbpa302,152.2713,-29.406,0,0,0,0,0,0,1,0
db,dbpa303,152.2816,-29.4088,0,1,0,0,0,0,0,1
db,dbpa305,152.2836,-29.4133,0,1,0,0,0,0,0,0
db,dbpa306,152.2815,-29.4214,0,0,0,0,0,0,0,1
db,dbpa308,153.3434,-29.4518,1,0,0,0,0,0,0,0
db,dbpa309,153.3516,-29.4517,0,0,0,0,0,0,0,0
db,dbpa310,153.3537,-29.4535,0,0,0,0,0,1,0,0
db,dbpa311,153.3537,-29.4554,0,0,0,0,0,0,0,0
db,dbpa312,153.3578,-29.4553,0,0,0,0,0,0,0,0
db,dbpa313,153.3578,-29.4562,1,0,0,0,0,0,0,0
db,dbpa314,152.2812,-29.4584,0,0,0,0,0,0,0,0
db,dbpa315,152.2905,-29.4603,0,1,0,0,0,0,0,0
db,dbpa316,152.2729,-29.462,0,0,0,0,0,0,0,0
db,dbpa319,152.3482,-29.4669,0,0,0,0,0,0,0,1
db,dbpa318,153.3517,-29.4671,0,0,0,0,0,0,0,0
db,dbpa320,153.3527,-29.4689,0,0,0,0,0,0,0,0
db,dbpa321,152.3481,-29.475,0,0,0,0,0,0,0,0
db,dbpa322,153.3517,-29.4761,0,0,0,0,0,0,0,0
db,dbpa324,152.1728,-29.4785,0,0,0,0,0,0,0,1
db,dbpa323,152.3399,-29.4786,0,0,0,0,0,0,0,1
db,dbpa325,152.1872,-29.4804,0,0,0,0,0,0,0,0
db,dbpa327,152.1583,-29.4857,0,0,0,0,0,0,0,0
db,dbpa326,153.3538,-29.4869,0,0,0,0,0,0,0,0
db,dbpa329,152.152,-29.4919,0,1,0,0,0,0,0,1
db,dbpa330,152.1592,-29.5037,0,1,0,0,0,0,0,0
db,dbpa331,152.1901,-29.5084,0,0,0,0,0,0,0,0
db,dbpa332,152.1715,-29.5119,0,1,0,0,0,0,0,0
db,dbpa333,152.3118,-29.5163,0,0,0,0,0,0,0,0
db,dbpa334,152.062,-29.5175,0,0,0,0,0,0,0,0
db,dbpa335,152.0599,-29.5283,0,0,0,0,0,0,0,0
db,dbpa336,152.0639,-29.5446,0,0,0,0,0,0,0,1
db,dbpa337,152.4158,-29.5484,0,1,0,0,0,0,0,1
db,dbpa338,152.4219,-29.5566,0,0,0,0,0,0,0,1
db,dbpa339,152.4167,-29.561,0,0,0,0,0,0,0,1
db,dbpa340,152.4136,-29.5673,0,0,0,0,0,0,0,0
db,dbpa341,153.3324,-29.5691,0,0,0,0,0,0,0,0
db,dbpa342,153.3294,-29.5818,0,0,0,0,0,0,0,0
db,dbpa343,152.4032,-29.5881,0,0,0,0,0,0,0,0
db,dbpa344,152.4125,-29.589,0,0,0,0,0,0,0,0
db,dbpa346,152.4186,-29.5953,0,0,0,0,0,0,0,1
db,dbpa347,152.4753,-29.6091,0,0,0,0,0,0,0,1
db,dbpa349,152.4691,-29.6127,0,0,0,0,0,0,0,1
db,dbpa350,153.3181,-29.6134,0,0,0,0,0,0,0,0
db,dbpa351,152.4619,-29.6154,0,0,0,0,0,0,0,1
db,dbpa352,153.2211,-29.6379,0,0,0,0,0,0,1,0
db,dbpa353,153.2314,-29.6379,0,0,0,0,0,0,1,0
db,dbpa354,153.2139,-29.6389,0,0,0,0,0,0,1,0
db,dbpa355,152.3635,-29.6547,0,0,0,0,0,0,0,0
db,dbpa356,153.3172,-29.6576,0,0,0,0,0,0,0,0
db,dbpa357,152.3437,-29.6753,0,0,0,0,0,0,0,0
db,dbpa358,153.3235,-29.6765,0,0,0,0,0,0,0,0
db,dbpa359,153.2677,-29.6812,0,0,0,0,0,0,0,0
db,dbpa360,153.2749,-29.6812,0,1,0,0,0,0,1,0
db,dbpa361,153.276,-29.6821,0,1,0,0,0,0,1,0
db,dbpa362,152.3271,-29.6906,0,0,0,0,0,0,0,0
db,dbpa363,152.3416,-29.6925,0,0,0,0,0,0,0,0
db,dbpa364,152.3364,-29.6942,0,0,0,0,0,0,0,0
db,dbpa366,152.3064,-29.7031,0,0,0,0,0,0,0,0
db,dbpa365,152.5906,-29.7034,0,0,0,0,0,0,0,0
db,dbpa367,152.2991,-29.7085,0,0,0,0,0,0,0,0
db,dbpa368,152.6268,-29.7116,0,0,0,0,0,0,0,0
db,dbpa369,153.2099,-29.7129,0,1,0,0,0,0,1,0
db,dbpa370,153.2192,-29.7129,0,0,0,0,0,0,0,0
db,dbpa371,153.2316,-29.7155,0,0,0,0,0,0,1,0
db,dbpa372,152.6402,-29.7171,0,0,0,0,0,0,0,0
db,dbpa373,152.5606,-29.7204,0,1,0,0,0,0,0,0
db,dbpa376,152.055,-29.7214,0,0,0,0,0,0,0,0
db,dbpa374,153.2988,-29.7217,0,0,0,0,0,0,0,0
db,dbpa375,152.5699,-29.7232,0,0,0,0,0,0,0,0
db,dbpa377,152.0539,-29.7295,0,0,0,0,0,0,0,0
db,dbpa378,152.0847,-29.7496,0,0,0,0,0,0,0,0
db,dbpa380,152.0391,-29.7565,0,0,0,0,0,0,0,1
db,dbpa379,152.9648,-29.7591,0,0,0,0,0,0,0,0
db,dbpa381,153.0869,-29.7608,0,0,0,0,0,0,1,0
db,dbpa382,152.9617,-29.7645,0,0,0,0,0,0,0,0
db,dbpa384,152.0701,-29.7666,0,0,0,0,0,0,0,0
db,dbpa383,153.2907,-29.7678,0,0,0,0,0,0,0,0
db,dbpa385,153.2907,-29.7714,0,0,0,0,0,0,0,0
db,dbpa386,153.2659,-29.7732,0,0,0,0,0,0,0,0
db,dbpa387,152.0679,-29.7774,0,1,0,0,0,0,0,0
db,dbpa388,153.2711,-29.7823,0,0,0,0,0,0,1,0
db,dbpa389,153.2597,-29.7841,0,0,0,0,0,0,1,0
db,dbpa390,152.0585,-29.7873,0,1,0,0,0,0,0,0
db,dbpa392,152.0492,-29.789,0,1,0,1,0,0,0,0
db,dbpa391,153.178,-29.7905,0,0,0,0,0,0,1,0
db,dbpa395,152.076,-29.7946,0,0,0,0,0,0,0,0
db,dbpa393,153.2349,-29.795,0,0,0,0,0,0,1,0
db,dbpa394,153.2318,-29.7968,0,1,0,0,0,0,1,0
db,dbpa397,152.0646,-29.7982,0,1,0,0,0,0,0,1
db,dbpa396,153.2556,-29.8003,0,0,0,0,0,0,0,0
db,dbpa398,152.8944,-29.8132,0,0,0,0,0,0,0,0
db,dbpa399,153.0445,-29.8159,0,0,0,0,0,0,0,0
db,dbpa400,153.265,-29.8238,0,0,0,0,0,0,0,0
db,dbpa401,153.0507,-29.8267,0,0,0,0,0,0,0,0
db,dbpa402,153.0559,-29.8313,0,0,0,0,0,0,0,0
db,dbpa403,153.2495,-29.831,0,1,0,0,0,0,1,0
db,dbpa404,153.2795,-29.831,0,0,0,0,0,0,0,0
db,dbpa405,153.2464,-29.8319,0,0,0,0,0,0,1,0
db,dbpa406,153.2867,-29.8319,0,0,0,0,0,0,0,0
db,dbpa407,153.2691,-29.8328,0,0,0,0,0,0,0,0
db,dbpa408,153.06,-29.834,1,1,0,0,0,0,0,0
db,dbpa409,153.266,-29.8373,0,0,0,0,0,0,0,0
db,dbpa410,153.2526,-29.84,0,0,0,0,0,0,1,0
db,dbpa411,153.2629,-29.8409,0,0,0,0,0,0,0,0
db,dbpa412,153.264,-29.8409,0,1,0,0,0,0,0,0
db,dbpa413,153.2588,-29.8418,0,1,0,0,0,0,1,0
db,dbpa414,153.2619,-29.8418,0,0,0,0,0,0,0,0
db,dbpa415,152.2019,-29.8442,0,0,0,0,0,0,0,0
db,dbpa416,153.2516,-29.8473,0,1,0,0,0,0,1,0
db,dbpa417,152.8416,-29.8546,0,0,0,0,0,0,0,0
db,dbpa418,152.853,-29.8546,0,0,0,0,0,0,0,0
db,dbpa419,152.2225,-29.857,0,0,0,1,0,0,0,1
db,dbpa420,152.2131,-29.8587,0,0,0,0,0,0,0,0
db,dbpa422,152.0948,-29.8958,0,0,0,0,0,0,0,0
db,dbpa421,152.3288,-29.8963,0,0,0,0,0,0,0,1
db,dbpa423,152.1537,-29.9053,0,1,0,1,0,0,0,0
db,dbpa424,152.0905,-29.9066,0,0,0,1,0,0,0,1
db,dbpa425,152.1682,-29.9117,0,0,0,0,0,0,0,0
db,dbpa426,152.3256,-29.9126,0,0,0,0,0,0,0,1
db,dbpa427,152.0997,-29.9239,0,0,0,0,0,0,0,0
db,dbpa428,152.2095,-29.9246,0,1,0,0,0,0,0,0
db,dbpa429,152.194,-29.9254,0,0,0,0,0,0,0,0
db,dbpa430,152.4053,-29.9346,0,0,0,0,0,0,0,0
db,dbpa431,152.3161,-29.9351,0,0,0,0,0,0,0,1
db,dbpa432,152.3897,-29.9363,0,0,0,0,0,0,0,0
db,dbpa433,152.5534,-29.937,0,0,0,0,0,0,0,1
db,dbpa434,153.2549,-29.9411,0,0,0,0,0,0,0,0
db,dbpa435,153.2549,-29.9429,1,0,0,0,0,0,0,0
db,dbpa437,152.5295,-29.9468,0,1,0,0,0,0,0,0
db,dbpa438,152.5575,-29.9469,0,0,0,0,0,0,0,0
db,dbpa442,153.2549,-29.951,0,0,0,0,0,0,0,0
db,dbpa444,152.4114,-29.9518,0,1,0,0,0,0,0,0
db,dbpa447,152.573,-29.9533,0,1,0,0,0,0,0,0
db,dbpa449,153.2456,-29.9538,1,1,0,0,0,1,1,0
db,dbpa451,152.5937,-29.9552,0,0,0,0,0,0,0,0
db,dbpa452,151.9719,-29.959,0,0,0,1,0,0,0,0
db,dbpa453,152.5232,-29.964,0,0,0,0,0,0,0,0
db,dbpa454,152.5367,-29.9649,0,0,0,0,0,0,0,0
db,dbpa457,152.6144,-29.9706,0,0,0,0,0,0,0,1
db,dbpa458,152.5802,-29.9768,0,0,0,0,0,0,0,0
db,dbpa460,151.922,-29.9794,0,0,0,0,0,0,0,0
db,dbpa461,151.9748,-29.9798,0,0,0,0,0,0,0,0
db,dbpa459,152.208,-29.9805,0,0,0,0,0,0,0,0
db,dbpa462,153.2177,-29.9836,0,0,0,0,1,0,0,0
db,dbpa465,151.954,-29.9887,0,0,0,0,0,0,0,0
db,dbpa467,151.9156,-29.9901,0,0,0,0,0,0,0,0
db,dbpa466,152.2059,-29.9904,0,0,0,0,0,0,0,0
db,dbpa464,152.576,-29.9903,0,0,0,0,0,0,0,0
db,dbpa468,152.2141,-30.0058,0,0,0,1,0,0,0,0
db,dbpa470,151.9258,-30.0065,0,1,0,1,0,0,0,0
db,dbpa469,152.411,-30.0086,0,1,0,0,0,0,0,0
db,dbpa471,151.9361,-30.0093,0,1,0,0,0,0,0,0
db,dbpa472,152.4109,-30.024,0,0,0,0,0,0,0,0
db,dbpa473,152.3881,-30.0257,0,1,0,0,0,0,0,0
db,dbpa474,151.8986,-30.0297,0,1,0,0,0,0,0,1
db,dbpa475,152.7915,-30.0342,0,0,0,0,0,0,1,0
db,dbpa476,152.8029,-30.036,0,0,0,0,0,0,1,0
db,dbpa477,151.8923,-30.0396,0,0,0,0,0,0,0,0
db,dbpa478,152.1982,-30.0463,0,0,0,0,0,0,0,0
db,dbpa479,152.1702,-30.047,0,0,0,0,0,0,0,1
db,dbpa481,151.887,-30.0504,0,0,0,0,0,0,0,1
db,dbpa480,152.7977,-30.0513,0,0,0,0,0,0,1,0
db,dbpa482,152.1669,-30.0606,0,0,0,0,0,0,0,0
db,dbpa483,152.8485,-30.0631,0,0,0,0,0,0,1,0
db,dbpa484,152.8371,-30.064,0,0,0,0,0,0,1,0
db,dbpa485,153.0996,-30.0659,0,0,0,0,0,0,1,0
db,dbpa486,153.1089,-30.0704,0,0,0,0,1,0,1,0
db,dbpa487,152.8579,-30.0721,0,0,0,0,0,0,1,0
db,dbpa488,152.8755,-30.0722,0,0,0,0,0,0,1,1
db,dbpa489,152.8807,-30.0722,0,0,0,0,0,0,0,0
db,dbpa490,152.1585,-30.074,0,1,0,1,0,0,0,0
db,dbpa491,152.8682,-30.0767,0,0,0,0,0,0,1,1
db,dbpa493,152.1356,-30.0811,0,0,0,0,0,0,0,0
db,dbpa492,153.1069,-30.0812,0,0,0,0,0,0,1,0
db,dbpa494,152.8682,-30.0848,0,0,0,0,0,0,0,0
db,dbpa495,153.027,-30.0858,0,0,0,0,0,0,0,0
db,dbpa496,152.752,-30.09,0,0,0,0,0,0,0,0
db,dbpa497,152.7426,-30.0927,0,1,0,0,0,0,0,0
db,dbpa498,152.1563,-30.0948,0,0,0,1,0,0,0,0
db,dbpa499,152.1749,-30.0994,0,0,0,0,0,0,0,0
db,dbpa502,152.4115,-30.1061,0,0,0,0,0,0,0,1
db,dbpa501,152.7405,-30.1063,0,0,0,0,0,0,0,0
db,dbpa503,152.4301,-30.1116,0,0,0,0,0,0,0,0
db,dbpa504,153.0644,-30.1137,0,0,0,0,0,0,1,0
db,dbpa505,153.082,-30.1155,0,0,0,0,0,0,1,0
db,dbpa506,153.0529,-30.1164,0,1,0,0,0,0,1,0
db,dbpa508,152.4311,-30.1251,0,0,0,0,0,0,0,1
db,dbpa507,152.8464,-30.1254,0,1,0,0,0,0,0,1
db,dbpa509,152.4155,-30.1314,0,0,0,0,0,0,0,1
db,dbpa510,152.4217,-30.1377,0,0,0,0,0,0,0,1
db,dbpa511,152.4144,-30.1413,0,0,0,0,0,0,0,1
db,dbpa512,152.4434,-30.1487,0,0,0,0,0,0,0,1
db,dbpa513,152.4662,-30.1542,0,0,0,0,0,0,0,1
db,dbpa514,152.7238,-30.1586,0,0,0,0,0,0,0,1
db,dbpa515,152.4589,-30.1641,0,0,0,0,0,0,0,0
db,dbpa516,152.7653,-30.1668,0,0,0,0,0,0,0,0
db,dbpa517,152.7788,-30.1722,0,0,0,0,0,0,0,0
db,dbpa518,153.1673,-30.1948,0,0,0,0,0,0,0,0
db,dbpa519,153.161,-30.203,0,0,0,0,0,0,0,0
db,dbpa520,152.7578,-30.2399,0,0,0,0,0,0,0,0
db,dbpa521,152.7807,-30.2399,0,0,0,0,0,0,0,0
db,dbpa522,152.7703,-30.2471,0,0,0,0,0,0,0,0
db,dbpa523,152.7867,-30.3563,0,0,0,0,0,1,0,0
db,dbpa524,152.7836,-30.359,0,0,0,0,0,1,0,0
db,dbpa525,152.7919,-30.3599,0,0,0,0,1,0,0,0
db,dbpa526,152.7263,-30.3779,0,0,0,0,0,1,0,0
db,dbpa527,152.7335,-30.3815,0,0,0,0,0,0,0,0
db,dbpa528,152.7273,-30.3824,0,0,0,0,0,1,0,1
db,dbpa529,152.7584,-30.4176,0,0,0,0,0,1,0,0
db,dbpa530,152.5904,-30.5038,0,0,0,0,0,0,0,0
db,dbpa531,152.5831,-30.5083,0,0,0,0,0,0,0,0
db,dbpa533,152.3872,-30.5103,0,0,0,0,0,0,0,0
db,dbpa532,152.5769,-30.5101,0,0,0,0,0,0,1,0
db,dbpa534,152.6206,-30.5148,0,0,0,0,1,0,1,0
db,dbpa535,152.3872,-30.5166,0,0,0,0,0,0,0,0
db,dbpa536,152.3882,-30.5229,0,0,0,0,0,0,0,1
db,dbpa537,152.7196,-30.5285,0,0,0,0,0,0,1,0
db,dbpa538,152.6039,-30.5291,0,0,0,0,0,0,0,0
db,dbpa539,152.7196,-30.5349,0,0,0,0,0,0,0,0
db,dbpa540,152.7185,-30.5403,0,0,0,0,0,0,0,0
db,dbpa541,152.7206,-30.5421,0,0,0,0,0,0,1,0
db,dbpa542,152.3463,-30.5435,0,0,0,0,0,0,0,0
db,dbpa543,152.338,-30.547,0,0,0,0,0,0,0,1
db,dbpa544,152.3296,-30.5488,0,0,0,0,0,0,0,1
db,dbpa545,152.2733,-30.5557,0,0,0,0,0,0,0,0
db,dbpa546,152.3619,-30.5571,0,0,0,0,0,0,0,1
db,dbpa547,152.3546,-30.5579,0,0,0,0,0,0,0,1
db,dbpa548,152.3052,-30.6037,0,1,0,1,0,0,0,0
db,dbpa549,152.3177,-30.6137,0,0,0,0,0,0,0,1
db,dbpa550,152.3218,-30.6155,0,0,0,0,0,0,0,1
db,dbpa551,152.3281,-30.6192,0,0,0,0,0,0,0,1
db,dbpa552,152.2341,-30.6304,0,1,0,0,0,0,0,0
db,dbpa553,152.3321,-30.6363,0,0,0,0,0,0,0,1
db,dbpa554,152.3332,-30.6399,0,0,0,0,0,0,0,1
db,dbpa555,152.1073,-30.8073,0,0,0,0,1,0,0,0
db,dbpa557,152.0487,-30.8114,0,0,0,0,0,0,0,0
db,dbpa558,152.1291,-30.8156,0,0,0,0,0,0,0,0
db,dbpa559,152.057,-30.8169,0,0,0,0,0,0,0,0
db,dbpa560,152.1343,-30.8201,0,0,0,0,0,0,0,1
db,dbpa561,152.725,-30.8354,0,0,0,0,0,0,0,0
db,dbpa562,152.725,-30.8417,0,0,0,0,1,0,1,0
db,dbpa563,152.7333,-30.8453,0,0,0,0,0,0,1,0
db,dbpa565,152.27,-30.8462,0,1,0,0,0,0,0,0
db,dbpa564,152.7678,-30.8472,0,0,0,0,0,0,1,0
db,dbpa566,152.7636,-30.8535,0,0,0,0,0,0,1,0
db,dbpa567,152.7689,-30.8544,0,0,0,0,0,0,1,0
db,dbpa569,152.0639,-30.8593,0,0,0,0,0,0,0,0
db,dbpa568,152.2637,-30.8588,0,0,0,0,0,0,0,0
db,dbpa570,152.7709,-30.8625,0,0,0,0,0,0,1,0
db,dbpa572,152.0773,-30.8793,0,0,0,0,0,0,0,0
db,dbpa571,152.7782,-30.8815,1,0,0,0,1,0,1,1
db,dbpa573,152.2478,-30.8831,0,0,0,0,0,0,0,0
db,dbpa574,152.0699,-30.8846,0,0,0,0,0,0,0,1
db,dbpa575,152.0646,-30.8918,0,0,0,0,0,0,0,0
db,dbpa576,152.2383,-30.8939,0,0,0,0,0,0,0,0
db,dbpa577,152.3701,-30.9009,0,0,0,0,0,0,0,1
db,dbpa578,152.2466,-30.902,0,0,0,0,0,0,0,0
db,dbpa579,152.2884,-30.9041,0,0,0,0,0,0,0,1
db,dbpa580,152.8776,-30.9069,0,0,0,0,0,0,1,0
db,dbpa581,152.8692,-30.9114,0,0,0,0,0,0,0,0
db,dbpa582,152.2936,-30.9149,0,0,0,0,0,0,0,0
db,dbpa583,152.3689,-30.9153,0,0,0,0,0,0,0,0
db,dbpa584,152.394,-30.9154,0,1,0,0,1,0,0,0
db,dbpa585,152.0612,-30.9189,0,1,0,0,0,0,0,0
db,dbpa586,152.3909,-30.9226,0,0,0,0,0,0,0,0
db,dbpa587,152.2998,-30.924,0,0,0,0,0,0,0,0
db,dbpa588,152.0821,-30.9253,0,0,0,0,0,0,0,0
db,dbpa590,152.0685,-30.927,0,0,0,0,1,0,0,0
db,dbpa589,152.3835,-30.928,0,0,0,0,0,0,0,1
db,dbpa591,152.2935,-30.9294,0,0,0,0,0,0,0,1
db,dbpa592,152.0632,-30.9306,0,0,0,0,0,0,0,0
db,dbpa593,152.0599,-30.9414,0,0,0,1,0,0,0,1
db,dbpa594,152.4702,-30.9546,0,0,0,0,0,0,0,0
db,dbpa595,152.3948,-30.9597,0,0,0,0,0,0,0,0
db,dbpa596,152.3833,-30.9623,0,0,0,0,0,0,0,0
db,dbpa597,152.3906,-30.966,0,0,0,0,0,0,0,1
db,dbpa598,152.3633,-30.9794,0,0,0,0,0,0,0,1
db,dbpa599,152.5119,-30.999,0,1,0,0,0,0,0,0
db,dbpa600,152.5244,-31.0071,0,0,0,0,0,0,0,0
db,dbpa602,152.3423,-31.139,0,0,0,0,0,0,0,0
db,dbpa601,152.8783,-31.1397,0,0,0,0,0,0,1,0
db,dbpa603,152.5825,-31.1418,0,0,0,0,0,0,1,1
db,dbpa604,152.8091,-31.1486,0,0,0,0,0,0,1,0
db,dbpa605,152.872,-31.1523,0,1,0,0,0,0,1,0
db,dbpa606,152.5971,-31.1599,0,0,0,0,0,0,0,0
db,dbpa607,152.8825,-31.1604,0,0,0,0,0,0,1,0
db,dbpa608,152.4208,-31.161,0,0,0,0,0,0,0,1
db,dbpa609,152.4113,-31.1655,0,0,1,0,0,0,0,1
db,dbpa610,152.4008,-31.1681,0,0,0,0,0,0,0,1
db,dbpa611,152.5981,-31.1725,0,0,0,0,0,0,0,0
db,dbpa612,152.3304,-31.1813,0,0,0,0,0,0,0,1
db,dbpa613,152.3189,-31.183,0,0,1,0,0,0,0,0
db,dbpa614,152.3367,-31.1877,0,0,1,0,0,0,0,0
db,dbpa615,152.3629,-31.1923,0,0,0,0,0,0,0,0
db,dbpa616,152.1666,-31.1939,0,0,0,0,0,0,0,0
db,dbpa618,152.197,-31.1959,0,1,0,0,0,0,0,0
db,dbpa619,152.3576,-31.1968,0,0,0,0,0,0,0,0
db,dbpa620,152.3692,-31.1968,0,0,0,0,0,0,0,1
db,dbpa617,152.7071,-31.1962,0,0,0,0,0,0,1,1
db,dbpa621,152.3964,-31.1988,0,0,0,0,0,0,0,0
db,dbpa622,152.1854,-31.2012,0,0,0,0,0,0,0,1
db,dbpa623,152.7124,-31.2044,0,0,0,0,0,0,1,0
db,dbpa624,152.5318,-31.2084,0,0,0,0,1,0,1,1
db,dbpa625,152.5549,-31.2111,0,1,0,0,0,0,1,1
db,dbpa626,152.5129,-31.2146,0,1,0,0,0,0,1,1
db,dbpa627,152.7123,-31.2152,0,0,0,0,0,0,0,0
db,dbpa628,152.5443,-31.2192,0,0,0,0,0,0,0,0
db,dbpa629,152.5202,-31.2255,0,1,0,0,0,0,1,1
db,dbpa631,152.1632,-31.2281,0,0,0,0,0,0,0,0
db,dbpa630,152.5537,-31.2292,0,0,0,0,0,0,1,0
db,dbpa634,152.1642,-31.2327,0,0,0,0,0,0,0,0
db,dbpa632,152.5537,-31.2319,0,1,0,0,0,0,0,0
db,dbpa633,152.7564,-31.2324,0,0,0,0,0,0,1,0
db,dbpa636,152.1663,-31.2336,0,0,0,0,0,0,0,1
db,dbpa635,152.5705,-31.2347,0,0,0,0,0,0,1,0
db,dbpa637,152.7459,-31.2469,0,0,0,0,0,0,1,0
db,dbpa638,152.7648,-31.2469,0,0,0,0,0,0,1,0
db,dbpa642,151.1826,-31.283,0,0,0,0,0,0,0,0
db,dbpa639,151.8433,-31.2843,0,0,0,0,0,0,0,1
db,dbpa641,151.8328,-31.2878,0,0,0,0,0,0,0,0
db,dbpa640,152.149,-31.2885,0,0,0,0,0,0,0,0
db,dbpa643,152.1573,-31.294,0,0,0,0,0,0,0,0
db,dbpa644,152.1668,-31.2976,0,1,0,0,0,0,0,0
db,dbpa645,151.1203,-31.3001,0,0,0,0,0,0,0,0
db,dbpa646,151.098,-31.3106,0,0,0,0,0,0,0,0
db,dbpa647,151.0884,-31.3168,0,0,0,0,0,0,0,0
db,dbpa649,151.189,-31.33,0,0,0,0,0,0,0,0
db,dbpa648,151.869,-31.3305,0,0,0,0,0,0,0,0
db,dbpa652,151.6018,-31.3469,0,0,0,1,0,0,0,1
db,dbpa650,151.9004,-31.3471,0,0,0,0,0,0,1,1
db,dbpa653,151.873,-31.3495,0,0,0,0,0,0,0,1
db,dbpa651,151.9098,-31.3489,0,0,0,0,0,0,0,0
db,dbpa654,151.9233,-31.3599,0,0,0,0,0,0,0,1
db,dbpa655,151.6036,-31.3712,0,0,0,0,0,0,0,0
db,dbpa656,151.8766,-31.3965,0,0,0,0,0,0,0,0
db,dbpa657,151.883,-31.3965,0,0,0,0,0,0,0,1
db,dbpa658,151.8797,-31.4046,0,0,0,0,0,0,0,1
db,dbpa659,151.6871,-31.4145,0,0,0,0,0,0,0,0
db,dbpa660,152.1246,-31.4291,0,0,0,0,0,0,0,1
db,dbpa661,152.1108,-31.4335,0,0,0,0,0,0,0,1
db,dbpa662,152.1475,-31.4482,0,0,0,0,0,0,0,1
db,dbpa663,152.1496,-31.4554,0,0,0,0,0,0,0,1
db,dbpa666,151.4976,-31.4873,0,0,0,1,0,0,0,0
db,dbpa665,151.5061,-31.4865,0,0,0,0,0,0,0,0
db,dbpa664,152.1861,-31.4881,0,1,0,0,1,0,0,1
db,dbpa667,151.4965,-31.4918,0,0,0,1,0,0,0,0
db,dbpa668,151.4986,-31.4927,0,0,0,0,0,0,0,0
db,dbpa669,152.1806,-31.5233,0,1,0,0,0,0,0,1
db,dbpa670,152.1963,-31.5252,0,1,0,0,0,0,0,0
db,dbpa671,152.1879,-31.5278,0,0,0,0,0,0,0,0
db,dbpa672,152.1394,-31.5302,0,1,0,1,0,0,0,1
db,dbpa673,152.2478,-31.549,0,0,0,0,0,0,0,0
db,dbpa676,151.5461,-31.5528,0,0,0,1,0,0,0,0
db,dbpa674,152.2488,-31.5544,0,0,0,0,0,0,0,0
db,dbpa675,152.2561,-31.5544,0,0,0,0,0,0,0,0
db,dbpa677,152.2435,-31.5598,0,0,0,0,0,0,0,1
db,dbpa678,152.2392,-31.5624,0,0,0,0,0,0,0,0
db,dbpa679,151.5501,-31.5646,0,0,0,0,0,0,0,0
db,dbpa680,151.5615,-31.5765,0,0,0,0,0,0,0,1
db,dbpa681,151.6068,-31.5797,0,0,0,0,0,0,0,1
db,dbpa682,152.201,-31.592,0,0,0,0,1,0,0,1
db,dbpa683,152.1292,-31.6068,0,0,0,0,0,0,0,1
db,dbpa684,152.1776,-31.6162,0,0,0,0,0,0,0,0
db,dbpa685,152.1291,-31.6177,0,0,0,0,0,0,0,1
db,dbpa686,152.1665,-31.6197,0,0,0,0,0,0,0,1
db,dbpa687,152.1291,-31.6222,0,0,0,0,0,0,0,0
db,dbpa688,152.1681,-31.6233,0,0,0,0,0,0,0,0
db,dbpa689,152.3904,-31.6481,0,0,0,0,0,0,0,1
db,dbpa690,152.3819,-31.6525,0,0,0,0,0,0,0,0
db,dbpa691,151.6162,-31.6582,0,0,0,0,0,0,0,0
db,dbpa692,152.4019,-31.6653,0,0,0,0,0,0,0,0
db,dbpa693,151.617,-31.67,0,0,0,0,0,0,0,0
db,dbpa695,151.5653,-31.6748,0,1,0,0,0,0,0,0
db,dbpa694,151.7161,-31.6746,0,0,0,0,0,0,0,0
db,dbpa696,151.7012,-31.6844,0,0,0,0,0,0,0,0
db,dbpa697,151.6516,-31.6866,0,0,0,0,0,0,0,0
db,dbpa698,151.5914,-31.6914,0,1,0,0,0,0,0,0
db,dbpa699,151.567,-31.7028,0,1,0,0,0,0,0,0
db,dbpa700,151.6027,-31.7149,0,0,0,0,0,0,0,0
db,dbpa701,151.6282,-31.8442,0,0,0,0,0,0,0,0
db,dbpa702,151.6397,-31.8506,0,0,0,0,0,0,0,0
db,dbpa703,151.6059,-31.853,0,0,0,0,0,0,0,0
db,dbpa704,151.5773,-31.8536,0,0,0,0,0,0,0,1
db,dbpa705,151.5624,-31.8588,0,0,0,0,0,0,0,0
db,dbpa706,151.5698,-31.8589,0,1,0,0,0,0,0,0
db,dbpa707,151.6522,-31.8661,0,0,0,0,0,0,0,1
db,dbpa708,151.5565,-31.8975,0,0,0,0,0,0,0,1
db,dbpa709,151.4994,-31.9023,0,0,0,0,0,0,0,1
db,dbpa710,151.3936,-31.9046,0,0,0,0,0,0,0,0
db,dbpa711,151.4442,-31.9116,0,0,1,1,0,0,0,0
db,dbpa712,151.515,-31.9151,0,0,0,0,0,0,0,1
db,dbpa714,151.3997,-31.9155,0,0,0,1,0,0,0,0
db,dbpa713,151.4769,-31.9156,0,0,0,1,0,0,0,0
db,dbpa715,151.3879,-31.9271,0,0,0,0,0,0,0,0
db,dbpa716,151.4406,-31.9377,0,0,0,0,0,0,0,0
db,dbpa717,151.3527,-31.9456,0,0,0,0,0,0,0,0
db,dbpa718,151.3917,-31.9551,0,0,0,0,0,0,0,0
db,dbpa719,151.3768,-31.9567,0,0,0,0,0,0,0,0
db,dbpa720,151.4359,-31.9656,0,0,1,0,0,0,0,0
db,dbpa721,152.3573,-32.0151,0,1,0,0,1,0,1,0
db,dbpa722,152.426,-32.0269,0,0,0,0,0,0,1,0
db,dbpa724,152.4336,-32.0276,0,0,0,0,0,0,1,0
db,dbpa723,152.4425,-32.0274,0,0,0,0,0,0,1,0
db,dbpa725,152.3438,-32.0298,0,0,0,0,1,0,1,0
db,dbpa726,152.3344,-32.0306,0,0,0,0,0,0,1,0
db,dbpa727,152.3355,-32.0306,0,0,0,0,0,0,1,0
db,dbpa728,151.7622,-32.0982,0,0,0,0,0,0,0,1
db,dbpa729,151.4345,-32.109,0,0,0,0,0,0,0,1
db,dbpa730,151.2762,-32.1331,0,0,0,0,0,0,0,0
db,dbpa731,151.4351,-32.1351,0,0,0,0,0,0,0,1
db,dbpa733,151.4775,-32.1375,0,0,0,0,0,0,0,0
db,dbpa732,151.7457,-32.1395,0,0,0,0,0,0,0,0
db,dbpa736,151.2781,-32.1421,0,0,0,0,0,0,0,0
db,dbpa734,151.751,-32.1423,0,0,0,0,0,0,0,0
db,dbpa735,151.5124,-32.1433,0,0,0,0,0,0,0,1
db,dbpa739,151.2738,-32.1448,0,0,0,0,0,0,0,0
db,dbpa737,151.4551,-32.1462,0,0,0,0,0,0,0,0
db,dbpa738,151.5198,-32.147,0,0,0,0,0,0,0,0
db,dbpa740,151.5281,-32.1561,0,0,0,0,0,0,0,0
db,dbpa741,151.457,-32.1589,0,0,0,0,0,0,0,0
db,dbpa742,151.3128,-32.1615,0,0,0,0,0,0,0,0
db,dbpa743,151.3083,-32.1741,0,0,0,0,0,0,0,1
db,dbpa744,151.339,-32.1781,0,0,0,0,0,0,0,1
db,dbpa745,151.2891,-32.1793,0,0,1,0,0,0,0,0
db,dbpa746,151.3441,-32.189,0,0,0,0,0,0,0,0
db,dbpa747,151.3428,-32.2007,0,0,0,0,0,0,0,0
db,dbpa748,151.3078,-32.2021,0,0,0,0,0,0,0,1
db,dbpa749,151.7435,-32.2243,0,0,0,0,0,0,0,1
db,dbpa750,152.1205,-32.527,0,0,0,0,0,0,1,0
db,dbpa751,152.1278,-32.5378,0,0,0,0,0,0,1,0
db,dbpa752,152.1501,-32.5407,0,0,0,0,0,0,1,0
db,dbpa753,151.9206,-32.5867,0,0,0,0,0,0,0,0
db,dbpa754,151.9377,-32.5878,0,0,0,0,0,0,0,0
db,dbpa755,151.8022,-32.601,0,0,0,0,0,0,1,0
db,dbpa756,151.9449,-32.605,0,0,0,0,0,0,1,0
db,dbpa757,151.7967,-32.6154,0,0,0,0,0,0,0,0
db,dbpa758,151.8862,-32.6171,0,0,0,0,0,0,1,0
db,dbpa759,151.788,-32.6243,0,0,0,0,0,0,0,0