group,siteid,x,y,nsw26,nsw27,nsw28,nsw29,nsw30,nsw31,nsw32,nsw33
ou,oupa796,152.4701,-28.2805,0,1,0,0,1,1,0,0
ou,oupa248,152.4769,-28.2823,0,0,0,0,1,0,0,0
ou,oupa1042,152.4455,-28.3021,0,1,0,0,0,0,0,0
ou,oupa1156,152.4618,-28.3075,0,0,0,0,1,0,0,0
ou,oupa594,152.4383,-28.3147,0,1,0,0,1,0,0,1
ou,oupa245,152.4204,-28.3218,0,0,1,0,1,1,0,1
ou,oupa12,152.4362,-28.3219,0,1,1,0,1,0,0,1
ou,oupa249,152.5134,-28.3258,0,1,0,0,1,0,0,0
ou,oupa1079,152.5348,-28.3313,0,0,0,0,0,0,0,0
ou,oupa511,152.672,-28.3317,0,1,0,0,1,0,0,1
ou,oupa123,152.5878,-28.3333,0,0,0,0,1,0,0,0
ou,oupa1244,152.5592,-28.3386,0,0,0,0,0,0,0,0
ou,oupa493,152.6704,-28.3533,0,1,0,0,1,1,0,1
ou,oupa1084,152.5416,-28.3674,0,1,0,0,1,1,0,0
ou,oupa968,152.5421,-28.3728,0,0,0,0,0,0,0,0
ou,oupa234,152.5324,-28.3764,0,0,0,0,0,0,0,0
ou,oupa902,153.3644,-28.3785,0,0,0,0,1,1,0,1
ou,oupa1224,152.6958,-28.3823,0,1,0,0,0,0,0,0
ou,oupa1295,152.6764,-28.4003,0,0,0,0,0,0,0,0
ou,oupa845,152.3395,-28.4045,0,0,0,0,1,1,0,0
ou,oupa1194,152.34,-28.4045,0,0,0,0,1,0,0,0
ou,oupa1144,152.6889,-28.4094,0,1,0,0,1,0,0,1
ou,oupa931,152.8224,-28.4096,0,0,0,0,0,0,0,0
ou,oupa155,152.6804,-28.4166,0,1,0,0,1,0,0,0
ou,oupa812,152.6804,-28.4184,0,0,0,0,0,0,0,0
ou,oupa1143,152.6789,-28.4238,0,0,0,0,0,0,0,0
ou,oupa766,152.6967,-28.4274,0,1,0,0,1,0,0,0
ou,oupa710,152.7149,-28.4347,0,0,0,0,1,0,0,1
ou,oupa1090,153.1573,-28.4457,0,0,0,0,1,0,0,0
ou,oupa391,152.6752,-28.4472,0,0,0,0,0,0,0,0
ou,oupa1073,152.6619,-28.4508,0,0,0,0,0,0,0,0
ou,oupa247,152.6551,-28.4526,0,1,0,0,1,1,0,1
ou,oupa973,152.667,-28.4526,0,0,0,0,0,0,0,1
ou,oupa1041,152.6888,-28.4563,0,1,0,0,0,0,0,0
ou,oupa635,152.6351,-28.4598,0,1,1,0,0,0,0,1
ou,oupa642,152.4413,-28.4645,0,0,0,0,1,0,0,1
ou,oupa322,152.4402,-28.4663,0,0,0,0,0,0,0,0
ou,oupa901,152.2063,-28.4706,0,0,0,1,0,1,0,1
ou,oupa1142,153.381,-28.4706,0,0,0,0,0,0,0,0
ou,oupa548,152.4024,-28.4716,0,0,0,0,0,0,0,0
ou,oupa1172,152.4351,-28.4735,0,0,0,0,0,0,0,0
ou,oupa1299,152.6435,-28.4796,0,0,0,0,0,0,0,0
ou,oupa1321,153.3392,-28.4851,0,0,0,0,1,0,0,1
ou,oupa126,152.2787,-28.4854,0,0,0,1,0,1,0,1
ou,oupa552,152.2818,-28.4872,0,0,0,0,1,1,0,1
ou,oupa160,152.4003,-28.4914,0,0,0,0,1,0,0,0
ou,oupa498,152.4074,-28.4933,0,1,0,0,1,0,0,1
ou,oupa1314,152.0824,-28.5005,0,0,0,0,0,0,0,1
ou,oupa308,152.093,-28.5006,0,0,0,0,0,1,0,0
ou,oupa147,152.4135,-28.5005,0,1,0,0,1,1,0,0
ou,oupa886,152.3368,-28.5038,0,1,1,0,0,0,0,1
ou,oupa817,152.4237,-28.5042,0,1,0,0,0,0,0,1
ou,oupa591,152.4257,-28.5042,0,0,0,0,1,1,0,1
ou,oupa1161,152.6636,-28.505,0,0,0,0,0,0,0,0
ou,oupa987,152.0909,-28.506,0,0,0,0,0,0,0,1
ou,oupa43,152.4165,-28.5059,0,0,0,0,1,1,0,1
ou,oupa928,152.4247,-28.506,0,1,0,1,1,0,0,1
ou,oupa1039,152.3305,-28.5074,0,1,0,0,0,0,0,0
ou,oupa934,152.5739,-28.5083,0,0,0,0,1,1,0,1
ou,oupa1254,152.4185,-28.5132,0,0,0,0,1,0,0,1
ou,oupa409,152.5657,-28.5137,0,0,0,0,1,1,0,1
ou,oupa954,152.6883,-28.5141,0,1,0,0,1,0,0,1
ou,oupa331,152.6963,-28.5141,0,0,0,0,1,0,0,0
ou,oupa231,152.4195,-28.515,0,1,0,0,1,1,0,1
ou,oupa644,152.5646,-28.5155,0,0,0,0,0,0,0,1
ou,oupa608,152.6934,-28.5159,0,1,0,0,1,0,0,1
ou,oupa154,152.5697,-28.5173,0,1,0,0,0,0,0,0
ou,oupa1274,152.7041,-28.5177,0,1,0,0,1,0,0,1
ou,oupa243,152.7785,-28.5197,0,1,0,0,1,0,0,1
ou,oupa210,152.5666,-28.5264,0,0,0,0,0,0,0,0
ou,oupa841,152.7593,-28.5268,0,0,0,0,0,0,0,0
ou,oupa428,152.3632,-28.5346,0,0,0,0,0,0,0,1
ou,oupa732,152.5727,-28.5372,0,0,0,0,1,1,0,1
ou,oupa960,152.5758,-28.5372,0,0,0,0,0,0,0,1
ou,oupa481,152.3642,-28.5382,0,1,0,0,1,1,0,0
ou,oupa474,152.5086,-28.5406,0,1,0,0,0,0,0,0
ou,oupa242,152.5102,-28.5406,0,1,0,0,0,0,1,0
ou,oupa11,152.7588,-28.5413,0,1,0,0,1,1,0,1
ou,oupa1136,152.3379,-28.5489,0,1,0,0,1,0,0,1
ou,oupa194,152.3539,-28.549,0,0,0,0,1,1,0,1
ou,oupa440,153.411,-28.5499,0,1,0,0,1,0,1,0
ou,oupa20,152.3324,-28.5525,0,0,0,0,0,0,0,0
ou,oupa597,153.412,-28.5535,0,1,0,0,0,0,1,0
ou,oupa475,152.359,-28.5544,0,1,0,0,1,0,0,0
ou,oupa842,152.7781,-28.5612,0,0,0,0,1,1,0,1
ou,oupa421,152.3855,-28.5654,0,0,0,0,0,0,0,0
ou,oupa286,152.4887,-28.5766,0,0,0,0,0,0,0,0
ou,oupa779,152.4969,-28.5803,0,0,0,0,0,0,0,0
ou,oupa1043,152.6963,-28.5827,0,1,0,0,0,0,0,0
ou,oupa685,152.6901,-28.5863,0,0,0,0,1,1,0,1
ou,oupa603,153.3252,-28.5862,0,0,0,0,0,0,0,0
ou,oupa1023,152.6993,-28.5881,0,0,0,0,1,1,0,1
ou,oupa592,153.3201,-28.5899,0,0,0,0,0,0,0,1
ou,oupa39,152.7065,-28.5953,0,0,0,0,0,0,0,1
ou,oupa1060,152.7075,-28.5971,0,0,0,0,0,0,0,0
ou,oupa923,152.6952,-28.5989,0,0,0,0,0,0,0,0
ou,oupa1117,153.3252,-28.5989,0,0,0,0,0,0,0,0
ou,oupa612,152.6881,-28.6007,0,0,0,0,1,1,0,1
ou,oupa1203,152.6911,-28.6007,0,0,0,0,1,1,0,1
ou,oupa382,152.6809,-28.6043,0,0,0,0,1,1,0,1
ou,oupa313,153.3539,-28.6078,0,0,0,0,0,0,0,1
ou,oupa174,152.7013,-28.6116,0,0,0,0,0,0,0,0
ou,oupa82,152.7034,-28.6134,0,0,0,0,0,0,0,0
ou,oupa870,153.3621,-28.6132,0,0,0,0,0,0,0,0
ou,oupa919,152.4895,-28.6182,0,0,0,0,1,0,0,0
ou,oupa1166,152.5093,-28.62,0,0,0,0,1,0,0,1
ou,oupa863,152.7696,-28.6225,0,0,0,0,1,1,0,1
ou,oupa1059,152.4495,-28.6397,0,0,0,0,0,0,0,0
ou,oupa1044,152.7104,-28.6621,0,0,0,0,1,0,0,0
ou,oupa24,152.1624,-28.6635,0,0,0,0,0,1,0,0
ou,oupa359,152.695,-28.6657,0,0,0,0,1,1,0,1
ou,oupa1069,152.6899,-28.6693,0,0,0,0,1,1,0,1
ou,oupa334,152.4832,-28.6705,0,0,0,0,0,0,0,0
ou,oupa394,152.7022,-28.6711,0,0,0,0,1,1,0,1
ou,oupa206,152.697,-28.6729,0,0,0,0,1,1,0,1
ou,oupa35,152.4627,-28.674,0,0,0,0,0,0,0,1
ou,oupa873,152.4826,-28.6759,0,0,0,0,0,0,0,1
ou,oupa380,152.4636,-28.6849,0,0,0,0,1,0,0,0
ou,oupa728,152.4682,-28.6939,0,1,0,0,1,0,0,1
ou,oupa541,152.4799,-28.7174,0,0,0,0,1,0,0,1
ou,oupa657,152.3317,-28.7529,0,1,0,0,1,0,0,1
ou,oupa660,152.3975,-28.764,0,0,0,0,1,0,0,1
ou,oupa402,152.3464,-28.7746,0,0,0,0,0,0,0,0
ou,oupa105,152.3423,-28.7764,0,0,0,0,1,0,0,0
ou,oupa1298,152.2634,-28.7778,0,0,0,0,1,0,0,0
ou,oupa1019,152.0634,-28.7838,0,0,0,1,1,1,0,1
ou,oupa545,152.0651,-28.7874,0,0,0,0,1,0,0,0
ou,oupa798,152.1852,-28.7972,0,1,1,0,1,1,0,1
ou,oupa615,152.1807,-28.8062,0,1,0,0,0,1,0,1
ou,oupa899,152.7407,-28.8066,0,0,0,0,0,0,0,0
ou,oupa431,152.1909,-28.8099,0,1,0,0,1,0,0,1
ou,oupa979,152.1825,-28.8116,0,0,1,0,1,1,0,1
ou,oupa617,152.1771,-28.8134,0,1,1,0,1,1,1,1
ou,oupa29,152.7407,-28.8138,0,0,0,1,1,1,0,1
ou,oupa305,152.2831,-28.8212,0,1,0,0,1,1,0,1
ou,oupa1174,152.7397,-28.8211,0,0,0,0,1,0,0,1
ou,oupa1095,152.1729,-28.826,0,1,1,0,1,1,1,1
ou,oupa958,152.4803,-28.8257,0,0,0,0,1,1,0,1
ou,oupa91,152.1785,-28.8296,0,1,0,0,0,0,0,0
ou,oupa1113,152.4772,-28.8293,0,0,0,0,1,0,0,1
ou,oupa559,152.7376,-28.8301,0,1,0,0,1,1,0,1
ou,oupa1106,152.2761,-28.832,0,0,0,0,1,0,0,1
ou,oupa982,152.7335,-28.8319,0,0,0,0,0,0,0,1
ou,oupa339,152.7366,-28.8337,0,0,0,0,0,0,0,1
ou,oupa175,152.2589,-28.8391,0,0,0,0,0,0,0,1
ou,oupa586,152.0692,-28.8398,0,1,0,0,0,0,0,0
ou,oupa395,152.7304,-28.8427,0,0,0,0,0,0,0,0
ou,oupa729,152.3073,-28.8466,0,1,0,0,0,1,1,0
ou,oupa753,152.4843,-28.8492,0,0,0,0,1,1,0,0
ou,oupa785,152.2165,-28.8515,0,0,1,0,1,1,0,0
ou,oupa742,152.4545,-28.8599,0,0,0,0,1,0,0,1
ou,oupa500,152.5724,-28.8658,0,0,0,0,0,0,0,0
ou,oupa136,152.1569,-28.8963,0,1,1,0,0,0,1,0
ou,oupa338,152.2236,-28.8967,0,1,1,0,1,1,0,1
ou,oupa152,152.3413,-28.9064,0,1,0,0,0,1,0,0
ou,oupa103,152.3871,-28.9084,0,0,0,0,1,0,0,1
ou,oupa405,152.7507,-28.9131,0,0,0,0,0,0,0,0
ou,oupa5,152.1516,-28.9161,0,0,1,0,1,1,0,0
ou,oupa144,152.3804,-28.9156,0,0,0,0,0,1,0,1
ou,oupa314,152.3835,-28.9156,0,0,0,0,1,0,0,1
ou,oupa181,152.1814,-28.9163,0,1,0,0,0,0,1,0
ou,oupa63,152.2952,-28.917,0,0,0,0,1,1,0,1
ou,oupa614,152.1377,-28.9215,0,1,1,0,0,0,0,0
ou,oupa749,152.1711,-28.9235,0,1,0,0,1,1,1,1
ou,oupa100,152.2822,-28.9241,0,1,0,0,1,0,0,1
ou,oupa1186,152.1828,-28.9253,0,1,1,0,1,1,1,1
ou,oupa630,152.1187,-28.9267,0,1,0,0,1,1,0,1
ou,oupa1045,152.5988,-28.9272,0,1,0,0,1,1,0,1
ou,oupa567,152.7517,-28.9294,0,0,0,0,1,0,0,1
ou,oupa532,152.141,-28.9305,0,1,1,0,1,0,0,0
ou,oupa145,152.3351,-28.9316,0,1,0,0,1,1,0,1
ou,oupa526,152.3362,-28.9316,0,1,0,0,1,1,0,1
ou,oupa1102,152.604,-28.9327,0,1,0,0,1,1,0,1
ou,oupa791,152.6255,-28.9327,0,0,0,0,1,0,0,1
ou,oupa558,152.7476,-28.933,0,1,0,0,1,1,0,0
ou,oupa529,152.7425,-28.9348,0,1,0,0,1,1,0,1
ou,oupa41,152.1374,-28.9431,0,0,0,0,0,1,0,1
ou,oupa1006,152.175,-28.9452,0,1,0,0,1,1,0,0
ou,oupa787,152.1606,-28.9487,0,1,0,0,1,1,0,1
ou,oupa1310,152.2753,-28.9493,0,0,0,0,1,0,0,1
ou,oupa278,152.2917,-28.9512,0,1,0,0,0,0,0,1
ou,oupa303,152.8728,-28.9512,0,1,0,0,1,0,0,1
ou,oupa120,152.1359,-28.9539,0,1,0,0,0,0,1,0
ou,oupa1251,152.3196,-28.9586,0,0,0,0,0,0,0,0
ou,oupa516,152.2983,-28.9603,0,0,0,0,1,1,0,1
ou,oupa528,152.1379,-28.9612,0,0,0,0,1,1,0,1
ou,oupa725,152.3247,-28.964,0,0,0,0,0,0,1,1
ou,oupa462,152.2533,-28.9709,0,0,0,0,1,1,0,1
ou,oupa625,152.307,-28.973,0,1,0,0,1,0,0,0
ou,oupa760,152.3126,-28.973,0,0,0,0,1,0,0,0
ou,oupa232,152.3218,-28.973,0,0,0,0,1,1,0,1
ou,oupa199,152.4698,-28.9827,0,0,0,0,1,0,0,0
ou,oupa1048,152.8357,-28.9873,0,1,0,0,1,1,0,0
ou,oupa1046,152.4564,-28.9881,0,0,0,0,1,0,0,1
ou,oupa332,152.4508,-28.9899,0,0,0,0,0,0,0,1
ou,oupa1316,152.9107,-29,0,0,0,0,1,1,0,0
ou,oupa536,152.7125,-29.0069,0,0,1,0,1,1,0,1
ou,oupa912,152.695,-29.0087,0,0,0,0,0,0,0,0
ou,oupa430,152.7269,-29.0124,0,0,0,0,0,0,0,1
ou,oupa165,152.2593,-29.0341,0,0,0,0,1,1,1,1
ou,oupa1303,152.3037,-29.0379,0,0,0,0,0,0,0,0
ou,oupa72,152.2528,-29.0413,0,1,1,0,1,1,1,1
ou,oupa85,152.2839,-29.0432,0,1,0,0,0,0,0,0
ou,oupa264,152.9733,-29.047,0,0,0,0,1,1,0,1
ou,oupa46,152.9753,-29.047,0,0,0,0,1,1,0,1
ou,oupa220,152.9774,-29.0488,0,0,0,0,1,1,0,0
ou,oupa397,152.0446,-29.067,0,0,0,0,1,1,0,0
ou,oupa944,152.0487,-29.0671,0,0,0,0,0,0,0,0
ou,oupa1176,152.2865,-29.0703,0,0,0,0,0,0,0,0
ou,oupa683,152.4195,-29.0818,0,1,0,0,1,1,0,1
ou,oupa571,152.3141,-29.0867,0,1,0,0,0,0,1,0
ou,oupa1063,152.256,-29.0936,0,1,0,0,0,0,0,0
ou,oupa1158,152.4204,-29.0981,0,1,0,0,1,1,0,0
ou,oupa810,152.4954,-29.111,0,1,0,0,0,1,0,0
ou,oupa223,152.4665,-29.1181,0,0,0,0,0,0,0,1
ou,oupa363,152.301,-29.1228,0,1,0,0,0,0,0,0
ou,oupa1277,153.2118,-29.1262,0,1,0,0,1,1,0,0
ou,oupa1189,152.1329,-29.1272,0,1,1,0,1,1,0,1
ou,oupa456,152.7327,-29.1352,0,0,0,0,1,1,0,0
ou,oupa853,152.127,-29.1362,0,0,0,0,0,0,0,1
ou,oupa37,152.7296,-29.1478,0,1,0,0,0,0,0,0
ou,oupa914,152.1248,-29.1524,0,1,0,0,1,1,0,1
ou,oupa974,152.7717,-29.1551,0,1,0,0,1,1,0,1
ou,oupa44,152.8098,-29.1587,0,0,0,0,1,0,0,0
ou,oupa384,153.1851,-29.1624,0,0,0,0,0,0,0,0
ou,oupa218,153.2766,-29.1622,0,1,0,0,1,0,0,1
ou,oupa920,152.1033,-29.1667,0,0,0,0,1,0,0,0
ou,oupa191,152.9825,-29.1715,0,0,0,0,1,1,0,1
ou,oupa222,153.3054,-29.1712,0,0,0,0,1,0,0,1
ou,oupa188,152.5012,-29.1724,0,0,0,0,1,1,0,0
ou,oupa1030,152.9825,-29.1733,0,0,0,0,1,0,0,0
ou,oupa972,153.3147,-29.1802,0,1,0,0,1,0,0,1
ou,oupa240,153.3055,-29.182,0,0,0,0,1,1,0,0
ou,oupa610,152.3603,-29.1862,0,1,0,0,1,1,0,1
ou,oupa1082,152.4384,-29.1866,0,1,0,0,0,0,0,1
ou,oupa969,153.3045,-29.1874,0,1,0,0,0,0,0,0
ou,oupa289,152.495,-29.1904,0,0,0,0,1,1,0,1
ou,oupa290,153.1934,-29.1912,0,0,0,0,1,0,0,0
ou,oupa1313,153.0257,-29.1914,0,0,0,0,1,1,0,0
ou,oupa146,152.7326,-29.1929,0,0,1,0,1,1,0,1
ou,oupa1118,152.7572,-29.193,0,0,0,0,0,1,0,1
ou,oupa631,152.4548,-29.1939,0,0,0,0,1,0,0,0
ou,oupa1307,152.0156,-29.1986,0,0,1,0,1,1,0,1
ou,oupa1141,152.3777,-29.199,0,1,0,0,1,1,0,1
ou,oupa562,152.3756,-29.2026,0,0,0,0,0,0,0,0
ou,oupa149,153.2459,-29.2128,0,0,0,0,1,1,0,1
ou,oupa678,153.1327,-29.213,0,0,0,0,1,0,0,0
ou,oupa826,153.1008,-29.2148,0,0,0,0,1,0,0,0
ou,oupa74,152.7994,-29.2165,0,0,0,0,0,1,0,1
ou,oupa519,152.0684,-29.217,0,0,1,0,0,0,0,0
ou,oupa1022,152.7932,-29.2219,0,0,0,0,0,0,0,0
ou,oupa88,153.2233,-29.2219,0,1,0,0,0,0,0,1
ou,oupa866,152.8724,-29.222,0,1,0,0,1,0,0,0
ou,oupa1173,152.788,-29.2273,0,1,0,0,1,1,0,1
ou,oupa694,153.1914,-29.2273,0,1,0,0,1,0,0,0
ou,oupa925,152.7932,-29.2309,0,0,0,0,1,1,0,1
ou,oupa993,152.1892,-29.2322,0,0,1,0,1,1,1,1
ou,oupa598,153.1657,-29.2328,0,0,0,0,0,0,0,0
ou,oupa525,153.1749,-29.2346,0,0,0,0,1,0,0,0
ou,oupa369,153.1863,-29.2346,0,0,0,0,0,1,0,0
ou,oupa569,153.1708,-29.2364,0,0,0,0,0,1,0,1
ou,oupa352,152.1845,-29.2376,0,1,1,0,1,1,0,1
ou,oupa172,153.1626,-29.2382,0,0,0,0,0,0,0,1
ou,oupa1187,152.7973,-29.24,0,1,0,0,1,1,0,1
ou,oupa1210,153.1111,-29.2455,0,1,0,0,1,1,0,1
ou,oupa61,152.7962,-29.249,0,0,0,0,1,1,0,1
ou,oupa501,152.8003,-29.2508,0,0,0,0,1,1,0,1
ou,oupa135,153.2954,-29.2542,0,1,0,0,1,0,0,0
ou,oupa348,153.1894,-29.2544,0,1,0,0,0,1,0,0
ou,oupa959,152.8075,-29.258,0,0,0,0,1,1,0,1
ou,oupa1050,153.2398,-29.2598,0,1,0,0,1,0,0,1
ou,oupa1074,153.0906,-29.2636,0,0,0,0,1,0,0,1
ou,oupa408,153.1997,-29.2634,0,0,0,0,1,0,0,0
ou,oupa961,152.8034,-29.2652,0,0,0,0,1,0,0,1
ou,oupa495,152.1377,-29.2662,0,0,0,0,0,1,0,0
ou,oupa67,152.1147,-29.2733,0,1,0,0,0,0,0,1
ou,oupa1052,153.278,-29.2868,0,1,1,0,1,1,0,1
ou,oupa546,152.1213,-29.2896,0,1,1,0,1,1,0,1
ou,oupa370,153.1071,-29.2906,0,0,0,0,1,0,0,0
ou,oupa310,153.278,-29.2922,0,1,0,0,1,1,0,1
ou,oupa1318,153.068,-29.3051,0,0,0,0,1,1,0,1
ou,oupa1292,152.158,-29.3079,0,0,1,0,1,1,0,1
ou,oupa911,152.8476,-29.3086,0,0,0,0,1,1,0,0
ou,oupa1164,153.2451,-29.3121,0,1,0,0,1,1,0,0
ou,oupa129,152.1478,-29.3132,0,1,1,0,1,1,0,1
ou,oupa633,153.2503,-29.3175,0,1,0,0,1,0,0,1
ou,oupa132,152.0834,-29.3218,0,1,1,0,0,1,0,1
ou,oupa780,153.2472,-29.3265,0,0,1,0,1,0,0,1
ou,oupa770,153.2287,-29.3302,0,1,0,0,1,0,0,0
ou,oupa835,152.1578,-29.3313,0,0,1,0,1,1,0,1
ou,oupa502,153.0247,-29.3376,0,1,0,0,1,1,0,1
ou,oupa1133,152.0511,-29.3396,0,1,1,0,1,1,0,0
ou,oupa839,152.1103,-29.34,0,1,1,0,0,0,0,1
ou,oupa579,152.1659,-29.344,0,0,1,0,1,1,0,1
ou,oupa197,153.0711,-29.3466,0,0,0,0,1,0,0,1
ou,oupa816,153.0731,-29.3466,0,1,0,0,0,0,0,0
ou,oupa1293,152.1681,-29.3512,0,1,1,0,1,1,0,1
ou,oupa1152,152.1077,-29.3527,0,1,1,0,0,1,0,1
ou,oupa423,153.0814,-29.3556,0,0,0,0,0,0,0,1
ou,oupa513,153.3214,-29.3553,0,0,0,0,1,0,0,0
ou,oupa49,152.1057,-29.3617,0,1,1,0,0,0,0,0
ou,oupa811,153.0144,-29.3647,0,1,0,0,1,0,0,1
ou,oupa1120,152.1086,-29.3653,0,1,1,0,0,1,0,1
ou,oupa424,153.372,-29.3678,0,0,0,0,0,0,0,0
ou,oupa701,152.9763,-29.3845,0,1,0,0,0,1,0,1
ou,oupa632,152.9784,-29.3845,0,0,0,0,1,1,0,1
ou,oupa646,152.0158,-29.3881,0,1,1,0,0,0,0,0
ou,oupa478,152.0169,-29.3881,0,0,1,0,1,0,0,0
ou,oupa746,152.1786,-29.4,0,0,1,0,0,0,0,0
ou,oupa1276,152.1629,-29.4018,0,1,1,0,1,1,0,1
ou,oupa1206,152.1727,-29.4018,0,0,1,0,1,0,0,1
ou,oupa214,152.1664,-29.4108,0,0,1,0,1,1,0,0
ou,oupa1020,152.8597,-29.4603,0,0,0,0,1,1,0,0
ou,oupa219,152.8618,-29.4639,0,0,0,0,0,0,0,0
ou,oupa786,153.3311,-29.487,0,0,0,0,0,0,0,0
ou,oupa1289,152.191,-29.4886,0,0,1,0,0,1,0,0
ou,oupa170,153.3291,-29.4888,0,0,0,0,1,1,0,1
ou,oupa605,153.3332,-29.4888,0,0,0,0,0,0,0,0
ou,oupa1320,152.1763,-29.4939,0,0,1,0,1,1,0,1
ou,oupa999,152.1543,-29.4992,0,0,1,0,0,1,0,0
ou,oupa388,152.1461,-29.5009,0,0,0,0,0,0,0,0
ou,oupa789,152.5491,-29.5011,0,0,0,0,0,0,0,0
ou,oupa800,153.3301,-29.5014,0,1,0,0,1,1,0,1
ou,oupa889,152.5481,-29.5065,0,1,0,0,1,1,0,1
ou,oupa855,153.3291,-29.5069,0,1,0,0,1,1,0,1
ou,oupa436,153.3312,-29.5069,0,1,0,0,1,0,0,0
ou,oupa1076,152.2447,-29.516,0,0,0,0,0,0,0,0
ou,oupa522,153.3168,-29.5195,0,0,0,0,1,0,0,0
ou,oupa353,152.0288,-29.5236,0,1,0,0,0,0,0,0
ou,oupa1091,152.0509,-29.5328,0,0,0,0,0,1,0,1
ou,oupa793,152.2412,-29.5358,0,0,1,0,1,1,0,1
ou,oupa312,152.2342,-29.5376,0,0,0,0,0,1,0,1
ou,oupa420,153.3158,-29.5376,0,0,0,0,1,0,0,0
ou,oupa751,153.3138,-29.5394,0,0,0,0,0,0,0,0
ou,oupa107,152.06,-29.5455,0,0,1,0,1,1,0,0
ou,oupa28,153.3231,-29.5448,0,0,0,0,1,1,0,1
ou,oupa1315,153.3324,-29.5484,0,0,0,0,1,0,0,1
ou,oupa291,152.423,-29.5548,0,0,0,0,0,0,0,0
ou,oupa1011,153.3035,-29.5593,0,0,0,0,1,0,0,1
ou,oupa849,152.4147,-29.5655,0,1,0,0,0,0,1,0
ou,oupa227,152.2245,-29.57,0,1,0,0,0,1,0,1
ou,oupa109,153.3262,-29.57,0,1,0,0,1,1,0,0
ou,oupa846,152.4166,-29.5908,0,1,0,0,0,0,0,1
ou,oupa885,152.183,-29.5932,0,1,1,0,1,1,0,1
ou,oupa864,152.1966,-29.5969,0,0,0,0,0,0,0,0
ou,oupa679,152.4207,-29.5963,0,1,0,0,0,0,0,1
ou,oupa267,152.212,-29.6006,0,0,1,0,1,1,0,0
ou,oupa55,152.1722,-29.6058,0,0,1,0,0,0,0,0
ou,oupa781,152.4691,-29.6109,0,0,0,0,0,1,0,1
ou,oupa639,153.2097,-29.6118,0,0,1,0,0,1,0,1
ou,oupa1302,152.2057,-29.6168,0,1,1,0,1,1,0,0
ou,oupa124,153.2562,-29.6171,0,1,0,0,1,1,0,1
ou,oupa977,153.2809,-29.6171,0,1,0,0,1,0,0,1
ou,oupa1179,153.2655,-29.6189,0,1,0,0,1,1,0,1
ou,oupa698,152.4608,-29.6217,0,0,0,0,0,0,0,0
ou,oupa102,152.1427,-29.6236,0,0,0,0,0,0,0,0
ou,oupa708,152.1373,-29.6254,0,0,0,0,0,0,0,0
ou,oupa1188,153.2779,-29.6279,0,1,0,0,1,0,0,0
ou,oupa824,152.1994,-29.6294,0,1,0,0,0,0,0,0
ou,oupa735,153.251,-29.6298,0,1,0,0,1,0,0,0
ou,oupa387,152.256,-29.6333,0,1,1,0,1,0,0,0
ou,oupa166,152.1896,-29.6366,0,1,0,0,0,1,0,0
ou,oupa604,153.2211,-29.637,0,1,0,0,1,0,0,0
ou,oupa935,153.2262,-29.637,0,1,0,0,0,1,0,0
ou,oupa362,153.2314,-29.637,0,1,0,0,1,0,0,0
ou,oupa454,151.8409,-29.6376,0,0,1,1,0,1,0,0
ou,oupa484,153.2139,-29.6389,0,1,1,0,1,0,0,0
ou,oupa825,151.8316,-29.6411,0,0,1,1,0,0,0,0
ou,oupa1263,152.2497,-29.6423,0,0,0,0,0,0,0,0
ou,oupa717,152.1786,-29.6473,0,0,0,0,0,1,0,1
ou,oupa731,153.3069,-29.6531,0,0,0,0,0,0,0,0
ou,oupa183,152.1,-29.6594,0,0,1,0,1,1,0,0
ou,oupa574,152.1009,-29.6739,0,0,1,0,1,1,0,0
ou,oupa461,152.1138,-29.6758,0,1,1,0,1,0,0,0
ou,oupa1223,152.0802,-29.6774,0,1,1,0,1,1,0,0
ou,oupa344,153.2925,-29.6784,0,1,0,0,0,0,0,0
ou,oupa655,153.2677,-29.6803,0,0,0,0,0,0,0,0
ou,oupa1070,153.2367,-29.6839,0,0,0,0,1,1,0,0
ou,oupa356,153.2005,-29.6876,0,1,0,0,1,1,0,1
ou,oupa777,153.2605,-29.6875,0,0,0,0,0,0,0,0
ou,oupa186,152.0956,-29.6901,0,0,0,0,0,1,0,0
ou,oupa663,152.1059,-29.6902,0,1,0,0,0,1,0,1
ou,oupa673,152.2008,-29.6962,0,1,0,0,0,0,0,0
ou,oupa868,152.5834,-29.6961,0,0,1,0,1,1,0,0
ou,oupa137,152.5896,-29.6998,0,0,1,0,1,1,0,0
ou,oupa271,151.9745,-29.7019,0,0,0,0,1,1,0,0
ou,oupa255,152.2004,-29.7016,0,0,1,0,1,1,0,0
ou,oupa1322,152.5906,-29.7016,0,0,1,0,1,0,0,1
ou,oupa438,152.5927,-29.7016,0,0,0,0,1,1,0,0
ou,oupa941,152.2043,-29.7052,0,0,0,0,0,0,0,0
ou,oupa437,152.5978,-29.7088,0,0,1,0,1,1,0,0
ou,oupa1235,152.6268,-29.7107,0,0,0,0,0,1,0,0
ou,oupa435,153.2099,-29.7129,0,0,0,0,1,0,0,0
ou,oupa1162,153.2192,-29.7129,0,1,0,0,1,0,0,0
ou,oupa744,152.5999,-29.7142,0,0,1,0,0,0,0,0
ou,oupa1182,152.6009,-29.7142,0,0,1,0,1,1,0,1
ou,oupa1233,152.6402,-29.7144,0,0,0,0,1,1,0,1
ou,oupa803,153.2316,-29.7146,0,1,1,0,0,0,0,0
ou,oupa813,152.5575,-29.7159,0,0,0,0,1,1,0,1
ou,oupa1214,152.604,-29.7161,0,0,0,0,1,1,0,1
ou,oupa1279,152.6423,-29.7162,0,0,0,0,1,1,0,1
ou,oupa1012,153.2037,-29.7165,0,1,0,0,1,1,0,0
ou,oupa670,153.2368,-29.7164,0,0,0,0,1,0,0,0
ou,oupa619,152.6081,-29.7179,0,0,0,0,1,1,0,1
ou,oupa939,152.1985,-29.7196,0,0,0,0,0,0,0,0
ou,oupa336,152.5616,-29.7195,0,0,1,0,1,1,0,1
ou,oupa859,152.5709,-29.7232,0,0,1,0,1,1,0,1
ou,oupa386,153.2078,-29.7237,0,0,0,0,1,0,0,0
ou,oupa459,153.2223,-29.7345,0,1,0,0,1,1,0,0
ou,oupa721,153.2234,-29.7363,0,0,1,0,1,1,0,1
ou,oupa554,153.1954,-29.7364,0,1,0,0,0,0,0,0
ou,oupa684,152.5346,-29.7429,0,0,1,0,0,0,0,1
ou,oupa568,152.5729,-29.743,0,0,0,0,1,1,0,0
ou,oupa392,153.1975,-29.7436,0,1,0,0,1,0,0,0
ou,oupa1227,152.5729,-29.7448,0,0,1,0,1,0,0,0
ou,oupa724,153.1955,-29.749,0,1,0,0,0,0,0,0
ou,oupa730,152.0774,-29.7549,0,1,0,0,0,0,0,0
ou,oupa1005,153.2876,-29.7615,0,1,0,0,1,1,0,0
ou,oupa50,153.2762,-29.7633,0,0,0,0,0,0,0,0
ou,oupa643,153.2814,-29.7633,0,0,0,0,0,0,0,0
ou,oupa778,153.2834,-29.7669,0,0,0,0,0,0,0,0
ou,oupa487,152.0993,-29.7677,0,0,1,0,1,1,0,1
ou,oupa1122,153.2276,-29.7724,0,1,0,0,1,1,0,0
ou,oupa497,152.092,-29.7749,0,0,1,0,1,1,0,0
ou,oupa379,152.1087,-29.7877,0,0,1,0,1,0,0,0
ou,oupa1317,153.0217,-29.7888,0,0,0,0,1,0,0,1
ou,oupa534,153.0103,-29.7907,0,0,0,0,1,0,0,1
ou,oupa1068,153.0135,-29.7907,0,0,0,0,1,0,0,1
ou,oupa96,153.0238,-29.7907,0,0,0,0,1,0,0,1
ou,oupa477,153.2825,-29.7904,0,0,0,0,1,0,0,0
ou,oupa354,153.2845,-29.7903,0,0,0,0,1,0,0,0
ou,oupa1290,153.2887,-29.7903,0,0,0,0,1,0,0,0
ou,oupa521,152.076,-29.7946,0,1,1,0,1,1,0,1
ou,oupa184,153.2194,-29.7959,0,0,0,0,0,0,0,0
ou,oupa426,153.2763,-29.7958,0,0,0,0,0,0,0,0
ou,oupa450,152.1084,-29.7967,0,0,0,0,0,1,0,1
ou,oupa819,152.0781,-29.7983,0,1,1,0,1,1,0,1
ou,oupa921,153.2173,-29.7977,0,1,0,0,1,1,0,1
ou,oupa156,153.1997,-29.7995,0,1,0,0,1,1,0,1
ou,oupa836,153.2846,-29.7994,0,0,0,0,1,0,0,0
ou,oupa666,152.1127,-29.8003,0,0,1,0,1,0,0,0
ou,oupa14,153.2225,-29.8031,0,1,0,0,0,0,0,0
ou,oupa636,153.2432,-29.8031,0,0,0,0,0,0,0,0
ou,oupa1001,152.6254,-29.8082,0,0,1,0,0,1,0,1
ou,oupa515,152.6326,-29.8082,0,0,1,0,0,1,0,1
ou,oupa189,153.0455,-29.8087,0,0,0,0,1,1,0,1
ou,oupa250,152.2032,-29.8099,0,1,1,0,1,0,0,0
ou,oupa195,152.0811,-29.8109,0,0,1,0,1,1,0,0
ou,oupa566,153.2122,-29.8121,0,1,0,0,1,1,0,0
ou,oupa957,152.6285,-29.8136,0,0,1,0,1,1,0,1
ou,oupa447,152.5105,-29.8168,0,0,1,0,1,0,0,1
ou,oupa1132,153.2546,-29.8175,0,0,0,0,0,1,0,0
ou,oupa581,152.1141,-29.8184,0,0,0,0,1,1,0,1
ou,oupa734,152.6502,-29.8191,0,1,0,0,0,1,0,0
ou,oupa284,152.6523,-29.8191,0,0,0,0,0,1,0,0
ou,oupa368,153.2815,-29.8192,0,0,0,0,1,0,0,0
ou,oupa73,153.2825,-29.8192,0,1,0,0,0,0,0,0
ou,oupa711,153.2836,-29.8192,0,1,0,0,0,0,0,0
ou,oupa937,152.6222,-29.8208,0,0,1,0,1,1,0,1
ou,oupa844,153.236,-29.8229,0,0,0,0,0,0,0,0
ou,oupa215,153.2463,-29.8229,0,0,0,0,0,0,0,1
ou,oupa343,153.2846,-29.8228,0,0,0,0,0,0,0,0
ou,oupa1184,152.1006,-29.8255,0,1,1,0,1,1,0,1
ou,oupa1009,152.1047,-29.8255,0,0,1,0,0,1,0,1
ou,oupa1170,152.6243,-29.8262,0,0,1,0,1,1,0,1
ou,oupa455,153.0621,-29.8267,0,0,0,0,1,0,0,1
ou,oupa381,152.0871,-29.8272,0,1,1,0,1,0,0,1
ou,oupa138,152.2072,-29.828,0,0,1,0,1,1,0,1
ou,oupa1309,153.1915,-29.8284,0,0,0,0,1,0,0,1
ou,oupa504,152.1006,-29.8291,0,1,1,0,1,1,0,1
ou,oupa419,152.2118,-29.8298,0,0,1,0,1,1,0,0
ou,oupa950,153.2412,-29.8301,0,0,0,0,1,1,0,1
ou,oupa1308,153.059,-29.8322,0,0,0,0,1,0,0,0
ou,oupa637,152.0819,-29.8326,0,0,1,0,1,1,0,0
ou,oupa225,152.6532,-29.8335,0,0,1,0,0,1,0,0
ou,oupa1062,152.6584,-29.8335,0,0,1,0,0,1,0,1
ou,oupa600,152.6429,-29.8353,0,0,0,0,0,1,0,1
ou,oupa216,153.1656,-29.8357,0,0,0,0,0,0,0,0
ou,oupa193,153.2495,-29.8355,0,0,0,0,1,0,0,0
ou,oupa688,152.0725,-29.8379,0,1,1,0,1,1,0,1
ou,oupa589,152.2262,-29.8371,0,0,1,0,0,0,0,0
ou,oupa754,152.2143,-29.8389,0,0,1,0,1,1,0,0
ou,oupa703,152.4151,-29.8417,0,0,0,0,1,0,0,1
ou,oupa555,152.2308,-29.8462,0,0,1,0,1,0,0,1
ou,oupa620,152.2588,-29.8463,0,1,1,0,0,0,0,0
ou,oupa131,152.2114,-29.8497,0,0,1,0,1,1,0,1
ou,oupa1165,152.2244,-29.8497,0,1,1,0,1,1,0,0
ou,oupa618,153.2568,-29.8518,0,0,0,0,1,1,0,0
ou,oupa1252,152.2598,-29.8536,0,0,1,0,1,0,0,0
ou,oupa1058,152.2155,-29.8551,0,1,1,0,1,0,0,0
ou,oupa758,153.1449,-29.8574,0,0,0,0,1,0,0,1
ou,oupa404,152.1966,-29.8586,0,0,1,0,1,1,0,1
ou,oupa6,152.2173,-29.8587,0,0,1,0,0,0,0,0
ou,oupa518,152.2202,-29.8587,0,0,0,0,0,0,0,1
ou,oupa355,152.1997,-29.8604,0,1,1,0,1,1,0,0
ou,oupa736,152.6769,-29.8679,0,0,0,0,1,0,0,1
ou,oupa867,152.678,-29.8697,0,0,0,0,1,1,0,1
ou,oupa1239,152.1409,-29.8709,0,0,1,0,1,1,0,0
ou,oupa51,152.1706,-29.8747,0,1,1,0,1,1,0,1
ou,oupa588,152.1451,-29.8799,0,1,1,0,1,1,0,0
ou,oupa17,152.3883,-29.8813,0,1,0,0,1,0,0,0
ou,oupa707,152.1356,-29.8835,0,0,1,0,1,1,0,0
ou,oupa253,153.0611,-29.8863,0,0,0,0,0,0,0,0
ou,oupa992,152.143,-29.8889,0,0,1,0,0,0,0,0
ou,oupa564,152.3437,-29.8901,0,0,1,0,1,1,0,1
ou,oupa1109,152.3827,-29.8939,0,0,0,0,1,0,0,0
ou,oupa296,152.3618,-29.8956,0,1,0,0,1,1,0,0
ou,oupa1101,152.3941,-29.8958,0,0,0,0,0,0,0,0
ou,oupa577,153.1543,-29.9007,0,0,0,0,1,0,0,1
ou,oupa163,152.4665,-29.9051,0,0,0,0,1,0,0,1
ou,oupa1128,152.1796,-29.9054,0,0,1,0,1,1,0,0
ou,oupa143,152.3576,-29.9082,0,1,0,0,1,1,0,0
ou,oupa507,152.3746,-29.9083,0,0,1,0,1,1,0,0
ou,oupa689,152.1951,-29.9091,0,0,1,0,1,1,0,0
ou,oupa1035,152.2013,-29.9092,0,1,1,0,1,1,0,1
ou,oupa479,152.0677,-29.9101,0,1,1,0,1,1,0,1
ou,oupa840,152.342,-29.9136,0,0,0,0,0,1,0,1
ou,oupa801,153.0829,-29.9152,0,1,0,0,1,0,0,0
ou,oupa858,153.2694,-29.9167,0,0,0,0,1,0,0,1
ou,oupa378,152.2021,-29.9182,0,0,1,0,1,1,0,0
ou,oupa169,152.329,-29.9189,0,1,0,0,0,0,0,0
ou,oupa891,152.5887,-29.92,0,0,0,0,0,1,0,1
ou,oupa814,153.2569,-29.924,0,0,0,0,1,0,0,0
ou,oupa936,152.5193,-29.9252,0,0,0,0,0,0,0,0
ou,oupa239,153.2538,-29.9258,0,0,0,0,0,0,0,0
ou,oupa1208,152.096,-29.9283,0,0,1,0,1,1,0,0
ou,oupa8,152.3323,-29.9279,0,0,0,0,0,0,0,0
ou,oupa875,152.3035,-29.935,0,1,0,0,0,0,0,0
ou,oupa1004,152.5534,-29.9361,0,0,1,0,0,1,0,0
ou,oupa601,152.3418,-29.937,0,0,0,0,0,0,0,1
ou,oupa699,152.1472,-29.9395,0,0,1,0,0,0,0,0
ou,oupa649,152.325,-29.9387,0,1,0,0,0,0,0,1
ou,oupa702,152.1679,-29.9414,0,0,0,0,0,1,0,0
ou,oupa506,152.3125,-29.9423,0,0,1,0,1,0,0,0
ou,oupa850,152.3356,-29.9424,0,0,1,0,0,1,0,0
ou,oupa772,152.5295,-29.9468,0,0,0,0,1,1,0,1
ou,oupa1057,152.5575,-29.9469,0,0,1,0,0,0,0,1
ou,oupa943,153.2311,-29.9493,0,1,0,0,1,1,0,1
ou,oupa830,152.3088,-29.9495,0,1,1,0,1,0,0,1
ou,oupa645,153.2301,-29.9511,0,1,0,0,1,1,0,0
ou,oupa1291,153.2487,-29.9511,0,0,0,0,0,0,0,0
ou,oupa659,152.0894,-29.9518,0,0,1,0,1,1,0,0
ou,oupa695,152.3057,-29.9513,0,1,1,0,1,1,0,1
ou,oupa159,153.229,-29.9529,0,1,0,0,1,1,0,0
ou,oupa918,152.0922,-29.9554,0,0,1,0,1,1,0,0
ou,oupa1250,153.2332,-29.9565,0,1,0,0,1,0,0,1
ou,oupa722,152.5232,-29.9631,0,0,1,0,1,1,0,1
ou,oupa251,152.5367,-29.9649,0,0,0,0,0,1,0,0
ou,oupa18,151.9726,-29.9689,0,1,1,0,1,0,0,1
ou,oupa68,152.6144,-29.9706,0,1,1,0,0,1,0,1
ou,oupa938,152.5729,-29.9741,0,0,1,0,1,1,0,0
ou,oupa638,152.5615,-29.9758,0,0,1,0,0,1,0,1
ou,oupa116,152.575,-29.9759,0,0,0,0,1,1,0,1
ou,oupa311,152.0992,-29.9771,0,1,1,0,1,1,0,1
ou,oupa898,152.5657,-29.9777,0,0,1,0,1,1,0,1
ou,oupa1266,152.5729,-29.9777,0,0,1,0,0,1,0,1
ou,oupa847,152.4029,-29.9788,0,0,1,0,0,1,0,1
ou,oupa351,151.9471,-29.9796,0,1,1,0,1,1,0,1
ou,oupa704,152.604,-29.9796,0,1,1,0,0,0,0,1
ou,oupa1237,153.2312,-29.98,0,0,0,0,1,0,0,0
ou,oupa327,152.5646,-29.9831,0,0,1,0,1,1,0,1
ou,oupa1193,151.9167,-29.9865,0,0,1,0,1,1,0,0
ou,oupa302,152.5749,-29.9921,0,0,1,0,1,1,0,0
ou,oupa1024,151.9073,-29.9937,0,0,1,0,1,1,0,1
ou,oupa823,151.933,-29.9939,0,1,1,0,0,0,0,0
ou,oupa1183,152.6807,-29.9978,0,0,0,0,0,0,0,0
ou,oupa706,151.9329,-29.9993,0,1,1,0,0,1,0,0
ou,oupa575,152.6817,-29.9996,0,0,0,0,0,0,0,0
ou,oupa275,151.9404,-30.0012,0,1,0,0,0,1,0,0
ou,oupa491,151.9279,-30.0029,0,0,1,0,1,1,0,0
ou,oupa401,151.9256,-30.0047,0,0,1,0,1,1,0,0
ou,oupa662,151.9313,-30.0047,0,1,1,0,1,1,0,1
ou,oupa570,151.9391,-30.0048,0,0,0,0,0,0,0,0
ou,oupa827,152.5749,-30.0048,0,1,1,0,1,1,0,1
ou,oupa375,152.5749,-30.0066,0,1,1,0,1,1,0,0
ou,oupa1300,152.4379,-30.0223,0,0,0,0,1,0,0,0
ou,oupa468,152.4389,-30.0277,0,1,1,0,1,0,0,1
ou,oupa372,152.3912,-30.0293,0,0,1,0,0,0,0,0
ou,oupa269,152.4358,-30.0295,0,0,0,0,1,0,0,0
ou,oupa916,152.4871,-30.0297,0,0,1,0,1,1,0,1
ou,oupa1123,152.5789,-30.03,1,0,1,0,0,1,0,1
ou,oupa325,152.1039,-30.0367,0,0,0,0,1,1,0,0
ou,oupa1026,152.4819,-30.0369,0,0,1,0,1,1,0,0
ou,oupa621,152.5903,-30.0373,0,1,1,0,1,1,0,1
ou,oupa1115,152.6536,-30.0375,0,0,1,0,1,1,0,1
ou,oupa903,152.0945,-30.0384,0,0,0,0,1,1,0,0
ou,oupa97,151.8933,-30.0387,0,0,1,0,1,1,0,0
ou,oupa1231,152.0987,-30.0385,0,0,0,1,0,1,0,0
ou,oupa924,152.4057,-30.0402,0,0,1,0,1,0,0,1
ou,oupa1294,152.2086,-30.041,0,0,0,0,0,0,0,0
ou,oupa740,152.4801,-30.0405,0,0,1,0,1,1,0,0
ou,oupa1272,152.1982,-30.0445,0,0,0,0,1,1,0,1
ou,oupa458,153.055,-30.0451,0,0,0,0,0,0,0,0
ou,oupa1099,153.0685,-30.0469,0,1,0,0,0,0,0,0
ou,oupa282,153.0529,-30.0488,0,0,0,0,0,0,0,1
ou,oupa66,151.8849,-30.0494,0,1,1,0,1,1,0,1
ou,oupa582,151.889,-30.0495,0,0,1,0,0,1,0,1
ou,oupa33,152.4066,-30.0546,0,0,1,0,1,1,0,1
ou,oupa1245,152.4097,-30.0547,0,0,1,0,1,0,0,1
ou,oupa1036,152.4502,-30.0584,0,1,0,0,1,1,0,0
ou,oupa99,152.4522,-30.0584,0,0,0,0,1,0,0,0
ou,oupa273,153.055,-30.0614,0,1,0,0,1,1,0,1
ou,oupa1268,152.1628,-30.0623,0,0,1,0,0,1,0,0
ou,oupa416,152.4501,-30.0621,0,0,1,0,1,1,0,0
ou,oupa162,152.4626,-30.0621,0,0,0,0,1,0,0,0
ou,oupa1190,152.4647,-30.0621,0,0,1,0,1,0,0,1
ou,oupa1098,152.4844,-30.0622,0,0,0,0,1,0,0,1
ou,oupa113,153.0996,-30.065,0,1,0,0,0,0,0,0
ou,oupa991,153.1089,-30.0704,0,0,0,0,0,0,0,0
ou,oupa962,152.4034,-30.0709,0,0,0,0,1,0,0,0
ou,oupa549,152.4314,-30.071,0,0,0,0,0,0,0,0
ou,oupa882,153.0322,-30.0776,0,0,0,0,0,0,0,0
ou,oupa1159,152.6399,-30.0808,1,0,1,0,1,1,0,1
ou,oupa1037,153.1069,-30.0812,0,0,0,0,1,0,0,0
ou,oupa686,152.5694,-30.0842,0,0,0,0,0,1,0,1
ou,oupa427,152.3784,-30.0888,0,0,1,0,1,1,0,0
ou,oupa922,152.4106,-30.089,0,0,0,0,0,0,0,1
ou,oupa664,153.1577,-30.092,0,0,0,0,0,0,0,1
ou,oupa252,152.4261,-30.098,0,1,1,0,1,1,0,0
ou,oupa1114,153.0477,-30.1029,0,1,0,0,1,1,0,0
ou,oupa675,152.7447,-30.1045,0,1,0,0,1,0,0,0
ou,oupa1281,152.5205,-30.1111,1,0,1,0,1,1,0,0
ou,oupa1287,153.0519,-30.1137,0,0,0,0,0,0,0,0
ou,oupa157,153.0644,-30.1137,0,0,0,0,0,0,0,0
ou,oupa465,152.0731,-30.1141,0,0,1,0,0,1,0,0
ou,oupa1081,153.054,-30.1155,0,1,0,0,0,0,0,0
ou,oupa34,153.082,-30.1155,0,0,0,0,0,0,0,0
ou,oupa1103,153.1484,-30.1155,0,0,0,0,0,0,0,0
ou,oupa947,152.7218,-30.1189,0,0,0,0,0,0,0,0
ou,oupa4,152.727,-30.1243,0,1,1,0,1,1,0,0
ou,oupa503,152.7363,-30.1243,0,1,1,0,1,1,0,0
ou,oupa1209,152.7394,-30.1243,0,0,1,0,1,0,0,0
ou,oupa1146,152.8796,-30.1245,0,0,0,0,0,0,0,0
ou,oupa509,152.4093,-30.1305,0,1,1,0,0,1,0,1
ou,oupa59,152.4529,-30.1306,0,1,1,0,1,1,0,1
ou,oupa161,152.7311,-30.1315,0,1,1,0,1,1,0,0
ou,oupa230,152.7799,-30.1316,0,1,1,0,1,1,0,1
ou,oupa1139,152.4549,-30.1325,0,0,0,0,1,1,0,1
ou,oupa1150,152.9626,-30.1336,0,0,1,0,1,1,0,0
ou,oupa1199,152.4487,-30.1342,0,0,0,0,0,1,0,1
ou,oupa1185,152.8889,-30.1353,0,1,0,0,1,1,0,0
ou,oupa804,152.4539,-30.1361,0,0,1,0,1,1,0,1
ou,oupa1178,151.9659,-30.1367,0,0,1,0,0,0,0,0
ou,oupa81,152.457,-30.1379,0,0,1,0,1,1,0,1
ou,oupa1305,152.9014,-30.139,0,0,0,0,0,0,0,0
ou,oupa881,152.7145,-30.1405,0,0,1,0,1,1,0,0
ou,oupa1051,152.7955,-30.1407,0,0,0,0,0,0,0,0
ou,oupa115,152.6532,-30.1422,0,0,1,0,1,1,0,0
ou,oupa1092,152.9522,-30.1426,0,0,0,0,1,0,0,0
ou,oupa880,152.4393,-30.1432,0,1,0,0,0,0,0,1
ou,oupa448,152.7986,-30.1443,0,0,1,0,1,0,0,0
ou,oupa76,152.4559,-30.1451,0,1,1,0,1,1,0,1
ou,oupa1204,152.6988,-30.1603,0,1,0,0,0,0,0,0
ou,oupa1100,152.9626,-30.1643,0,1,1,0,1,0,0,0
ou,oupa1116,153.0395,-30.1643,0,0,0,0,0,1,0,0
ou,oupa299,153.054,-30.1661,0,0,0,0,1,1,0,1
ou,oupa576,153.1194,-30.1678,0,0,0,0,0,0,0,0
ou,oupa466,152.4142,-30.1684,0,1,1,0,0,1,0,1
ou,oupa713,152.7071,-30.1694,0,0,1,0,1,1,0,0
ou,oupa622,153.0395,-30.1697,0,0,0,0,1,0,0,1
ou,oupa1111,152.9647,-30.1751,0,0,0,0,0,0,0,0
ou,oupa624,152.7237,-30.1784,0,0,0,0,0,0,0,1
ou,oupa831,152.7403,-30.1803,0,0,0,0,0,0,0,0
ou,oupa956,152.7029,-30.1856,0,0,1,0,1,1,0,0
ou,oupa665,152.6863,-30.1892,0,0,1,0,1,0,0,1
ou,oupa326,152.6915,-30.1928,0,0,0,0,0,0,0,0
ou,oupa971,152.4369,-30.1956,0,1,1,0,1,1,0,1
ou,oupa578,152.6779,-30.1964,0,0,0,0,1,1,0,0
ou,oupa422,152.8587,-30.1967,0,0,0,0,0,0,0,1
ou,oupa93,152.4431,-30.1992,0,1,1,0,0,1,0,1
ou,oupa415,152.6914,-30.2018,0,1,0,0,1,1,0,0
ou,oupa1016,152.7444,-30.2019,0,0,0,0,0,0,1,1
ou,oupa560,152.4389,-30.2082,0,0,1,0,1,1,0,1
ou,oupa945,152.6665,-30.2144,0,0,0,0,0,0,1,0
ou,oupa221,152.4379,-30.2172,0,0,1,0,1,0,0,0
ou,oupa900,152.443,-30.2208,0,0,1,0,1,1,0,0
ou,oupa1278,152.6654,-30.227,0,0,0,0,0,0,0,1
ou,oupa287,152.8046,-30.2273,0,0,0,0,0,0,0,1
ou,oupa1149,152.4523,-30.2281,0,0,0,0,1,0,0,0
ou,oupa990,152.8161,-30.2291,0,0,0,0,0,0,0,1
ou,oupa653,152.4513,-30.2335,0,0,1,0,0,1,0,0
ou,oupa148,152.4523,-30.2353,0,1,1,0,1,1,0,1
ou,oupa492,151.6878,-30.284,0,0,1,0,0,1,0,0
ou,oupa1140,151.6768,-30.329,0,0,1,0,0,1,0,0
ou,oupa393,152.0032,-30.3572,0,0,1,0,0,1,0,0
ou,oupa907,152.2902,-30.3753,0,1,1,0,0,1,0,0
ou,oupa833,152.9407,-30.379,0,0,0,0,0,1,0,0
ou,oupa1197,152.286,-30.3807,0,0,1,0,0,0,0,0
ou,oupa1267,152.2621,-30.3824,0,0,1,0,0,1,0,0
ou,oupa1148,152.9355,-30.3844,0,0,0,0,1,0,0,0
ou,oupa47,152.2962,-30.4114,0,0,1,0,0,1,0,1
ou,oupa328,152.6481,-30.4219,0,0,0,0,1,1,0,0
ou,oupa553,152.6491,-30.4219,0,0,1,0,1,1,0,0
ou,oupa57,152.824,-30.4259,0,0,0,0,1,0,0,1
ou,oupa1075,152.6491,-30.4291,0,0,0,0,1,1,0,0
ou,oupa467,152.8261,-30.4295,0,0,0,0,1,1,0,1
ou,oupa677,152.8792,-30.4295,0,0,0,0,1,1,0,0
ou,oupa446,152.8105,-30.4313,0,0,0,0,1,1,0,1
ou,oupa480,152.8271,-30.4313,0,0,0,0,0,1,0,1
ou,oupa268,152.2492,-30.4328,0,0,1,0,0,0,0,0
ou,oupa133,152.6709,-30.4418,0,0,0,0,0,0,0,0
ou,oupa60,152.6719,-30.4436,0,0,0,0,0,0,0,0
ou,oupa173,152.2491,-30.4455,0,0,1,0,0,0,0,0
ou,oupa293,152.6958,-30.4725,0,0,1,0,0,1,0,1
ou,oupa1127,152.5781,-30.474,0,1,0,0,0,0,0,0
ou,oupa457,152.6468,-30.476,0,0,0,0,1,1,0,0
ou,oupa1135,152.5645,-30.483,1,0,0,0,0,0,0,1
ou,oupa13,152.6405,-30.4832,1,0,1,0,1,1,0,1
ou,oupa300,152.6322,-30.485,1,0,1,0,0,1,0,1
ou,oupa414,152.403,-30.4896,0,0,1,0,0,1,0,0
ou,oupa726,152.3383,-30.4911,0,0,1,0,0,1,0,0
ou,oupa469,152.5655,-30.492,0,0,0,0,1,1,0,1
ou,oupa58,152.5665,-30.492,1,0,0,0,1,1,0,1
ou,oupa407,152.5988,-30.4921,0,0,1,0,0,0,0,1
ou,oupa815,152.2622,-30.4979,0,0,1,1,0,1,0,0
ou,oupa764,152.3987,-30.4986,0,0,1,0,0,1,0,0
ou,oupa609,152.4008,-30.5022,0,1,1,0,0,0,0,0
ou,oupa949,151.7577,-30.5157,0,0,1,1,0,1,0,0
ou,oupa385,151.7556,-30.5175,0,0,1,1,0,1,0,0
ou,oupa272,152.3892,-30.5184,0,0,1,0,0,1,0,0
ou,oupa883,152.9594,-30.518,0,0,0,0,0,0,0,1
ou,oupa207,152.9864,-30.5288,0,1,0,0,0,0,0,0
ou,oupa1301,152.9354,-30.5433,0,0,1,0,1,0,0,0
ou,oupa715,152.0283,-30.5451,0,1,1,1,0,0,0,1
ou,oupa676,152.5861,-30.5535,0,0,1,0,0,0,0,0
ou,oupa593,152.513,-30.564,0,0,0,0,0,0,0,1
ou,oupa550,152.5505,-30.5678,0,0,0,0,0,0,0,0
ou,oupa398,152.3027,-30.5883,0,0,1,0,0,1,0,1
ou,oupa111,152.903,-30.592,0,0,0,0,1,0,0,0
ou,oupa876,152.3157,-30.5956,0,0,0,0,0,0,0,1
ou,oupa349,152.8853,-30.5956,0,0,0,0,1,0,0,1
ou,oupa1121,151.7994,-30.5991,0,0,1,0,1,1,0,0
ou,oupa1215,152.3167,-30.6119,0,0,0,0,0,0,0,1
ou,oupa1032,152.1882,-30.6238,0,0,1,0,1,1,0,1
ou,oupa151,152.3311,-30.63,0,0,1,0,0,0,0,0
ou,oupa985,152.4725,-30.6361,0,0,0,0,0,0,0,0
ou,oupa915,152.3372,-30.6517,0,0,1,0,0,0,0,0
ou,oupa260,152.3351,-30.6625,0,0,1,0,0,0,0,0
ou,oupa716,152.9718,-30.6642,0,1,0,0,1,0,0,1
ou,oupa168,152.404,-30.6646,0,0,0,0,1,1,0,0
ou,oupa412,152.4013,-30.6664,0,0,0,0,0,0,0,0
ou,oupa434,152.3287,-30.6733,0,0,1,0,1,1,0,0
ou,oupa65,152.2504,-30.6765,0,0,0,0,0,1,0,0
ou,oupa739,152.2557,-30.6765,0,0,0,0,0,0,0,0
ou,oupa1067,152.4644,-30.6775,0,0,1,0,0,1,0,0
ou,oupa257,152.4873,-30.6939,0,0,0,0,0,0,0,0
ou,oupa142,152.5458,-30.6941,0,0,1,0,0,1,0,1
ou,oupa201,152.4706,-30.6956,0,0,0,0,1,1,0,1
ou,oupa750,152.5562,-30.6959,0,0,1,0,1,1,0,1
ou,oupa444,152.4695,-30.6974,0,0,1,0,1,1,0,0
ou,oupa411,152.4748,-30.6974,0,0,1,0,1,1,0,0
ou,oupa490,152.5291,-30.6994,0,0,0,0,1,1,0,0
ou,oupa1008,152.5405,-30.7031,0,0,0,0,0,0,0,0
ou,oupa1025,152.1853,-30.7194,0,0,0,0,1,1,0,1
ou,oupa1015,152.5989,-30.7231,0,1,1,0,1,1,0,1
ou,oupa794,152.5915,-30.743,0,1,1,0,1,1,0,0
ou,oupa150,152.5894,-30.7484,0,1,1,0,1,0,0,1
ou,oupa15,152.5936,-30.7574,0,1,1,0,1,1,0,1
ou,oupa542,152.5946,-30.7664,0,0,1,0,1,1,0,1
ou,oupa1040,152.9747,-30.7671,0,1,0,0,1,1,0,1
ou,oupa1312,152.9705,-30.7761,0,1,0,0,1,0,0,1
ou,oupa205,152.9522,-30.7779,0,1,0,0,1,0,0,0
ou,oupa127,152.9613,-30.7779,0,1,0,0,1,1,0,0
ou,oupa808,152.9251,-30.7833,0,0,0,0,1,0,0,0
ou,oupa1211,152.9383,-30.7833,0,1,0,0,1,1,0,0
ou,oupa319,152.9648,-30.7941,0,0,1,0,1,0,0,0
ou,oupa1129,152.9294,-30.7959,0,0,0,0,0,0,0,0
ou,oupa718,152.2223,-30.8026,0,0,0,0,0,0,1,1
ou,oupa895,152.9237,-30.8031,0,1,0,0,1,0,0,0
ou,oupa1038,152.5505,-30.8042,0,0,1,0,1,1,0,0
ou,oupa932,152.5437,-30.8078,0,1,1,0,1,1,0,0
ou,oupa953,152.2012,-30.8188,0,0,1,0,1,0,0,0
ou,oupa1324,152.9101,-30.8194,0,0,1,0,0,0,0,0
ou,oupa607,152.6968,-30.8335,0,0,1,0,1,1,0,1
ou,oupa1053,152.9156,-30.8374,0,0,0,0,1,1,0,1
ou,oupa557,152.269,-30.8462,0,1,1,0,1,1,0,0
ou,oupa301,152.1707,-30.8492,0,1,1,0,1,1,0,0
ou,oupa700,152.1706,-30.8528,0,1,1,0,1,1,0,1
ou,oupa634,151.8893,-30.8562,0,1,1,0,1,1,0,0
ou,oupa505,151.8882,-30.8616,0,1,1,0,0,0,0,0
ou,oupa1177,151.8913,-30.8616,0,1,1,1,1,1,0,0
ou,oupa561,152.7029,-30.8732,0,1,1,0,1,0,0,1
ou,oupa342,152.2588,-30.8768,0,1,1,0,1,1,0,0
ou,oupa1083,152.1892,-30.8782,0,1,1,0,1,1,0,0
ou,oupa727,152.1997,-30.8783,0,0,1,0,0,1,0,0
ou,oupa540,152.2142,-30.891,0,0,0,0,0,0,0,0
ou,oupa862,152.2153,-30.8946,0,0,1,0,1,1,0,0
ou,oupa1010,151.8762,-30.8975,0,1,1,1,0,1,0,0
ou,oupa905,152.211,-30.8982,0,0,1,0,1,1,0,0
ou,oupa371,152.3711,-30.9009,0,0,1,0,0,0,0,0
ou,oupa1033,152.2821,-30.904,0,0,1,0,0,1,0,1
ou,oupa433,152.2445,-30.9056,0,0,1,0,1,1,0,0
ou,oupa978,152.37,-30.9063,0,0,1,0,0,1,0,1
ou,oupa246,152.246,-30.9092,0,1,0,0,0,0,0,1
ou,oupa40,152.2423,-30.911,0,1,0,0,0,0,0,1
ou,oupa340,152.2601,-30.9111,0,0,1,0,0,0,0,0
ou,oupa1017,152.3679,-30.9153,0,0,1,0,1,1,0,1
ou,oupa42,151.8717,-30.9228,0,1,1,1,0,0,0,1
ou,oupa1243,152.3909,-30.9226,0,0,0,0,1,1,0,1
ou,oupa256,152.7901,-30.9239,0,1,0,0,1,0,0,0
ou,oupa775,152.3835,-30.928,0,0,0,0,1,1,0,1
ou,oupa1264,152.3875,-30.9533,0,0,0,0,1,1,0,0
ou,oupa1131,152.3828,-30.9551,0,0,1,0,1,0,0,0
ou,oupa22,152.3655,-30.9586,0,0,0,0,0,0,0,0
ou,oupa964,152.3786,-30.9605,0,0,1,0,1,0,0,0
ou,oupa217,152.3917,-30.9624,0,1,1,0,0,1,0,1
ou,oupa54,152.3765,-30.9641,0,0,1,0,1,1,0,1
ou,oupa360,152.3895,-30.9641,0,0,0,0,0,0,0,0
ou,oupa98,152.5171,-31.0008,0,0,0,0,1,0,0,1
ou,oupa975,152.5244,-31.0062,0,1,1,0,1,0,0,1
ou,oupa130,152.5432,-31.0189,0,1,1,0,0,0,0,0
ou,oupa470,152.3064,-31.0251,0,1,1,0,0,0,0,0
ou,oupa551,152.5295,-31.0441,0,0,1,0,1,1,0,1
ou,oupa1014,152.1842,-31.046,0,1,1,0,1,1,0,0
ou,oupa1242,151.4225,-31.0696,0,0,1,0,1,0,0,0
ou,oupa1319,152.142,-31.071,0,0,0,0,0,0,0,0
ou,oupa757,152.523,-31.0856,0,0,0,0,0,1,0,0
ou,oupa874,152.482,-31.1035,0,0,1,0,1,1,0,0
ou,oupa762,152.3409,-31.1065,0,1,0,0,0,0,0,0
ou,oupa361,152.5773,-31.1201,0,0,1,0,1,0,0,1
ou,oupa848,152.3518,-31.1246,0,0,1,0,0,0,0,0
ou,oupa1259,152.5983,-31.1256,0,0,1,0,1,1,0,1
ou,oupa19,152.3077,-31.1279,0,1,0,0,0,0,0,0
ou,oupa373,152.3151,-31.1316,0,0,0,0,0,0,0,0
ou,oupa1002,152.8815,-31.1316,0,1,0,0,1,0,0,0
ou,oupa38,152.5836,-31.1345,0,0,1,0,1,1,0,0
ou,oupa265,152.2374,-31.1366,0,0,1,0,0,0,0,0
ou,oupa45,152.2966,-31.1387,0,1,1,0,0,0,0,0
ou,oupa335,152.2998,-31.1387,0,1,0,0,0,0,0,0
ou,oupa1097,152.3459,-31.139,0,0,1,0,0,0,0,0
ou,oupa329,152.2374,-31.1402,0,0,1,0,0,1,0,0
ou,oupa672,152.4571,-31.1413,0,0,0,0,1,1,0,1
ou,oupa879,152.2321,-31.1438,0,0,1,0,1,0,0,0
ou,oupa681,152.4917,-31.145,0,0,0,0,0,0,0,0
ou,oupa274,152.3632,-31.1481,0,0,0,0,0,0,0,0
ou,oupa1260,152.8085,-31.1477,0,0,0,0,1,0,0,0
ou,oupa1171,152.4896,-31.1486,0,0,1,0,1,1,0,1
ou,oupa1055,152.6087,-31.1491,0,1,1,0,1,1,0,1
ou,oupa95,152.7697,-31.1531,0,1,1,0,1,0,0,0
ou,oupa200,152.8689,-31.1532,0,1,0,0,0,1,0,0
ou,oupa413,152.9087,-31.1532,0,1,0,0,1,1,0,0
ou,oupa986,152.7902,-31.1549,0,1,0,0,1,0,0,0
ou,oupa981,152.8311,-31.155,0,1,0,0,1,1,0,0
ou,oupa141,152.8951,-31.155,0,0,0,0,1,0,0,0
ou,oupa71,152.3715,-31.1571,0,0,0,0,0,0,0,0
ou,oupa347,152.5037,-31.1577,0,0,1,0,1,1,0,1
ou,oupa1258,152.4985,-31.1595,0,0,1,0,1,1,0,0
ou,oupa80,152.8807,-31.1622,0,1,0,0,1,1,0,0
ou,oupa75,152.1732,-31.1632,0,1,1,0,0,0,0,0
ou,oupa1049,152.5047,-31.1631,0,1,1,0,1,1,0,1
ou,oupa997,152.4995,-31.1667,0,0,0,0,0,0,0,0
ou,oupa623,152.1647,-31.1686,0,0,1,0,1,1,0,1
ou,oupa832,152.7954,-31.1712,0,0,0,0,0,0,0,0
ou,oupa1028,152.8772,-31.1803,0,1,0,0,1,1,0,0
ou,oupa1273,152.2297,-31.1852,0,0,0,0,1,1,0,0
ou,oupa837,152.7177,-31.1872,0,1,1,0,1,1,0,0
ou,oupa565,152.152,-31.1884,0,0,1,0,1,1,0,0
ou,oupa209,152.7145,-31.189,0,0,0,0,0,0,0,1
ou,oupa86,152.216,-31.1924,0,0,1,0,1,1,0,0
ou,oupa948,152.904,-31.1929,0,1,1,0,0,0,0,0
ou,oupa1216,152.4119,-31.1952,0,0,0,0,0,0,0,0
ou,oupa738,152.5329,-31.1993,0,0,1,0,1,0,0,0
ou,oupa917,152.3335,-31.2003,0,1,0,0,0,0,0,0
ou,oupa1221,152.7475,-31.2017,0,0,0,0,0,0,0,0
ou,oupa77,152.4064,-31.2024,0,0,0,0,0,0,0,1
ou,oupa606,152.4552,-31.2063,0,0,0,0,0,0,0,1
ou,oupa897,152.3785,-31.2077,0,0,0,0,0,0,0,0
ou,oupa23,152.5192,-31.2083,0,0,0,0,0,0,0,0
ou,oupa1222,152.5538,-31.2084,0,0,0,0,0,0,0,0
ou,oupa654,152.389,-31.2096,0,0,0,0,0,0,0,1
ou,oupa187,152.5307,-31.2102,0,0,0,0,1,0,0,0
ou,oupa797,152.4257,-31.217,0,0,0,0,0,1,0,1
ou,oupa48,152.4703,-31.2171,0,1,1,0,0,0,0,1
ou,oupa114,152.4861,-31.2226,0,1,0,0,0,0,0,0
ou,oupa970,152.9475,-31.229,0,0,0,0,1,1,0,1
ou,oupa611,152.6199,-31.2303,0,0,0,0,0,1,0,0
ou,oupa906,152.5684,-31.2319,0,1,0,0,1,1,0,0
ou,oupa1027,152.6997,-31.2359,0,1,1,0,1,1,0,0
ou,oupa556,152.4545,-31.2369,0,0,0,0,1,1,0,0
ou,oupa425,152.7086,-31.2396,0,1,0,0,1,1,0,1
ou,oupa21,152.7028,-31.2413,0,1,1,0,1,1,0,1
ou,oupa720,152.4345,-31.2423,0,0,0,0,0,0,0,0
ou,oupa176,152.3205,-31.2453,0,0,0,0,0,0,0,0
ou,oupa955,152.3174,-31.2471,0,1,1,0,1,0,0,1
ou,oupa583,152.3221,-31.2471,0,1,1,0,1,0,0,1
ou,oupa1240,152.7243,-31.2468,0,0,1,0,1,1,0,0
ou,oupa818,152.7448,-31.2487,0,0,1,0,1,1,0,1
ou,oupa514,152.1567,-31.2498,0,1,0,0,0,0,0,0
ou,oupa1253,152.1556,-31.2516,0,0,1,0,0,1,0,0
ou,oupa1151,152.3362,-31.2544,0,0,1,0,1,1,0,1
ou,oupa1226,152.342,-31.2544,0,0,1,0,1,0,0,0
ou,oupa1261,152.3425,-31.2563,0,0,1,0,0,0,0,1
ou,oupa697,152.1613,-31.2606,0,1,1,0,0,0,0,1
ou,oupa366,152.3729,-31.2726,0,0,0,0,0,0,0,1
ou,oupa280,152.0919,-31.2746,0,0,1,0,1,1,0,0
ou,oupa177,152.5882,-31.2789,0,1,0,0,0,1,0,0
ou,oupa476,152.1343,-31.2803,0,1,1,0,0,0,0,0
ou,oupa292,152.1574,-31.2822,0,1,0,0,0,0,0,0
ou,oupa537,152.5356,-31.2824,0,0,1,0,1,0,0,0
ou,oupa809,152.533,-31.2842,0,0,0,0,1,0,0,0
ou,oupa691,152.0418,-31.2905,0,0,1,0,0,1,0,0
ou,oupa1247,151.9488,-31.2915,0,0,1,0,1,1,0,0
ou,oupa769,152.565,-31.2933,0,0,0,0,0,0,0,0
ou,oupa288,152.5392,-31.2986,0,0,1,0,1,1,0,1
ou,oupa602,152.0207,-31.3011,0,0,1,0,0,1,0,0
ou,oupa3,152.5455,-31.3022,0,0,1,0,1,1,0,1
ou,oupa10,152.5355,-31.3058,0,0,1,0,1,0,0,0
ou,oupa530,152.5366,-31.3076,0,0,1,0,1,1,0,1
ou,oupa543,152.5686,-31.3095,0,1,1,0,1,1,0,1
ou,oupa799,152.0127,-31.3137,0,1,1,0,0,0,0,0
ou,oupa53,152.0221,-31.3156,0,0,1,0,0,1,0,1
ou,oupa709,152.4918,-31.3237,0,0,1,0,0,0,0,0
ou,oupa1056,151.8644,-31.3251,0,1,1,0,0,1,0,0
ou,oupa998,152.0551,-31.3248,0,1,1,0,0,1,0,0
ou,oupa1093,151.8669,-31.3305,0,0,1,0,0,1,0,0
ou,oupa1145,152.0892,-31.3305,0,0,0,0,0,0,0,0
ou,oupa741,152.4303,-31.3325,0,1,0,0,1,1,0,0
ou,oupa488,152.0844,-31.3341,0,0,1,0,0,0,0,0
ou,oupa723,151.9809,-31.3351,0,0,1,0,0,1,0,1
ou,oupa213,152.0172,-31.3354,0,0,1,0,0,1,0,0
ou,oupa696,151.4359,-31.3386,0,0,1,0,0,1,0,0
ou,oupa1234,152.1401,-31.3381,0,0,1,0,1,1,0,0
ou,oupa1282,152.1159,-31.3397,0,0,0,0,0,0,0,0
ou,oupa320,152.0938,-31.3468,0,0,1,0,1,1,0,0
ou,oupa1248,151.4367,-31.3513,0,0,1,0,0,1,0,0
ou,oupa128,152.5715,-31.3583,0,0,0,0,1,1,0,0
ou,oupa84,152.0096,-31.3588,0,1,1,0,0,1,0,0
ou,oupa989,152.0979,-31.3612,0,0,0,0,0,0,0,0
ou,oupa1054,152.5657,-31.3619,0,0,0,0,0,1,0,0
ou,oupa496,152.1136,-31.3631,0,0,1,0,0,1,0,0
ou,oupa418,152.1189,-31.3632,0,0,0,0,0,0,0,0
ou,oupa442,152.0158,-31.3642,0,1,0,0,0,0,0,0
ou,oupa1205,152.1199,-31.365,0,0,0,0,0,0,0,0
ou,oupa376,152.0747,-31.3665,0,0,1,0,1,1,0,0
ou,oupa884,152.04,-31.368,0,0,1,0,0,1,0,1
ou,oupa276,152.5594,-31.3691,0,0,0,0,1,1,0,0
ou,oupa894,152.0494,-31.3699,0,0,1,0,0,0,0,0
ou,oupa861,152.8028,-31.3697,0,0,0,0,0,0,0,0
ou,oupa25,152.5589,-31.3709,0,0,1,0,1,1,0,1
ou,oupa573,152.0042,-31.3714,0,0,1,0,0,0,0,1
ou,oupa204,152.0452,-31.3717,0,1,1,0,0,0,0,1
ou,oupa656,152.7834,-31.3714,0,0,0,0,1,0,0,1
ou,oupa1000,152.7949,-31.3751,0,0,0,0,0,1,0,1
ou,oupa929,152.0146,-31.3787,0,0,1,0,0,0,0,0
ou,oupa321,152.1082,-31.3793,0,0,0,0,0,0,0,1
ou,oupa599,152.0429,-31.3879,0,0,1,0,0,1,0,1
ou,oupa451,152.096,-31.3883,0,0,1,0,1,1,0,1
ou,oupa196,152.0313,-31.3932,0,1,1,0,0,1,0,0
ou,oupa1105,152.0197,-31.3967,0,0,1,0,1,0,0,0
ou,oupa988,152.0533,-31.4042,0,1,1,0,1,1,0,0
ou,oupa531,152.028,-31.4058,0,0,1,0,1,0,0,0
ou,oupa1138,152.0743,-31.4062,0,0,0,0,0,0,0,0
ou,oupa78,152.0848,-31.4062,0,1,1,0,0,0,0,0
ou,oupa628,151.9659,-31.4071,0,0,0,0,0,0,0,0
ou,oupa374,152.1383,-31.4174,0,0,0,0,0,0,0,1
ou,oupa258,152.1583,-31.4248,0,0,0,0,0,0,0,0
ou,oupa330,152.134,-31.43,0,0,0,0,0,0,0,0
ou,oupa494,151.2229,-31.4315,0,1,1,1,0,0,0,0
ou,oupa1271,152.2203,-31.436,0,0,1,0,1,1,0,0
ou,oupa92,152.0729,-31.4368,0,1,1,0,1,1,0,0
ou,oupa104,152.2244,-31.4396,0,0,1,0,1,1,0,1
ou,oupa1311,152.2065,-31.4431,0,1,1,0,1,1,0,1
ou,oupa318,152.1159,-31.4498,0,0,1,0,0,0,0,0
ou,oupa533,152.2106,-31.4522,0,0,0,0,0,0,0,0
ou,oupa1219,152.1727,-31.4556,0,0,0,0,0,0,0,0
ou,oupa896,152.2127,-31.4594,0,0,1,0,1,1,0,0
ou,oupa1124,152.1285,-31.4607,0,0,0,0,0,0,0,0
ou,oupa984,152.2211,-31.4613,0,1,1,0,0,0,0,0
ou,oupa1047,152.2053,-31.4648,0,0,1,0,1,1,0,0
ou,oupa580,152.1232,-31.4661,0,0,1,0,0,0,0,1
ou,oupa121,152.1168,-31.4678,0,0,1,0,1,1,0,0
ou,oupa89,152.1468,-31.4752,0,0,0,0,0,0,0,0
ou,oupa16,152.0978,-31.4767,0,0,1,0,1,1,0,0
ou,oupa1169,152.0989,-31.4767,0,0,1,0,1,0,0,0
ou,oupa471,152.1041,-31.4768,0,0,1,0,0,0,0,0
ou,oupa965,152.1167,-31.4768,0,0,1,0,0,1,0,0
ou,oupa1157,152.1188,-31.4787,0,1,1,0,0,1,0,0
ou,oupa36,152.1262,-31.4787,0,0,0,0,0,1,0,0
ou,oupa755,152.1441,-31.4788,0,0,0,0,0,0,0,1
ou,oupa499,152.2667,-31.4832,0,0,1,0,1,0,0,1
ou,oupa1228,152.1577,-31.4861,0,0,0,0,0,0,0,0
ou,oupa473,152.2019,-31.4864,0,0,1,0,1,0,0,0
ou,oupa410,152.7799,-31.4887,0,0,0,0,0,0,0,1
ou,oupa1232,152.661,-31.4903,0,1,0,0,1,1,0,0
ou,oupa733,152.7778,-31.4923,0,0,1,0,1,1,0,1
ou,oupa613,152.6767,-31.4975,0,0,0,0,1,1,0,0
ou,oupa520,152.7789,-31.4995,0,0,0,0,1,1,0,1
ou,oupa626,152.6478,-31.5011,0,0,0,0,0,1,0,0
ou,oupa851,152.188,-31.5152,0,0,1,0,1,0,0,0
ou,oupa179,152.0953,-31.5164,0,0,1,0,1,1,0,0
ou,oupa30,152.6556,-31.5191,0,1,0,0,1,0,0,0
ou,oupa1195,152.6461,-31.5227,0,0,0,0,1,1,0,1
ou,oupa244,152.1153,-31.5237,0,0,0,0,0,0,0,1
ou,oupa996,151.773,-31.5245,0,0,1,0,1,0,0,0
ou,oupa1275,152.7999,-31.5267,0,1,0,0,1,1,0,0
ou,oupa304,152.7972,-31.5285,0,1,0,0,1,0,0,0
ou,oupa1191,152.1383,-31.5329,0,0,1,0,0,0,0,0
ou,oupa298,152.1099,-31.5345,0,1,0,0,1,0,0,0
ou,oupa1192,152.1393,-31.5383,0,0,0,0,0,0,0,0
ou,oupa872,152.3672,-31.5397,0,1,0,0,0,0,0,0
ou,oupa106,152.2331,-31.5407,0,0,1,0,1,1,0,0
ou,oupa226,152.242,-31.5426,0,1,1,0,1,0,0,1
ou,oupa759,152.1519,-31.5475,0,0,1,0,1,1,0,0
ou,oupa878,152.1516,-31.5493,0,1,1,0,1,0,0,1
ou,oupa236,152.1571,-31.5511,0,0,0,0,0,0,0,0
ou,oupa297,152.1992,-31.5604,0,1,1,0,1,0,0,1
ou,oupa164,152.273,-31.5608,0,0,1,0,1,0,0,1
ou,oupa1003,152.2793,-31.5609,0,1,1,0,1,0,0,1
ou,oupa980,152.1464,-31.5691,0,0,1,0,1,0,0,0
ou,oupa441,152.2191,-31.5695,0,0,0,0,0,0,0,0
ou,oupa587,152.1464,-31.5745,0,0,1,0,1,1,0,1
ou,oupa1089,152.5974,-31.5803,0,1,1,0,1,0,0,0
ou,oupa324,152.5826,-31.5875,0,0,0,0,0,1,0,0
ou,oupa117,152.0841,-31.5885,0,1,1,0,1,1,0,1
ou,oupa1087,152.1452,-31.5889,0,1,0,0,0,0,0,0
ou,oupa270,151.6114,-31.5896,0,0,0,0,0,0,0,0
ou,oupa396,152.5779,-31.5893,0,0,0,0,0,0,0,1
ou,oupa417,151.1935,-31.5916,0,0,1,0,0,0,0,0
ou,oupa31,151.7194,-31.5908,0,0,0,0,1,1,0,1
ou,oupa1296,151.204,-31.5954,0,1,0,0,0,0,0,0
ou,oupa452,152.1357,-31.5961,0,0,1,0,1,1,0,0
ou,oupa1112,151.1839,-31.5969,0,0,1,0,0,0,0,0
ou,oupa306,152.0861,-31.5975,0,1,1,0,0,1,0,0
ou,oupa765,151.2017,-31.6026,0,0,1,0,0,0,0,0
ou,oupa1256,151.6233,-31.6042,0,0,1,0,1,1,0,1
ou,oupa805,152.1851,-31.6036,0,0,0,0,0,0,0,0
ou,oupa860,151.2017,-31.6044,0,0,0,1,0,1,0,0
ou,oupa538,151.2016,-31.6062,0,0,1,0,0,0,0,0
ou,oupa773,152.1282,-31.6086,0,1,1,0,0,1,0,0
ou,oupa843,151.7682,-31.6093,0,1,1,0,0,1,0,1
ou,oupa52,151.2016,-31.6098,0,0,1,0,0,0,0,0
ou,oupa285,151.2121,-31.6117,0,0,1,0,0,0,0,0
ou,oupa871,151.1731,-31.613,0,0,1,0,0,0,0,0
ou,oupa449,151.1804,-31.6131,0,0,1,0,0,0,0,0
ou,oupa1107,152.0048,-31.6132,0,1,1,0,0,1,0,0
ou,oupa1217,152.5915,-31.6128,0,0,0,0,0,0,0,0
ou,oupa1160,151.172,-31.6148,0,0,1,0,0,0,0,0
ou,oupa464,151.7965,-31.6186,0,1,1,0,1,1,0,1
ou,oupa1288,151.1982,-31.6188,0,0,1,0,0,0,0,0
ou,oupa118,152.1302,-31.6195,0,1,1,0,0,1,0,0
ou,oupa90,151.1676,-31.6237,0,0,1,0,0,0,0,0
ou,oupa946,151.1707,-31.6238,0,0,1,0,0,0,0,0
ou,oupa266,151.1707,-31.6274,0,0,1,0,0,0,0,0
ou,oupa1034,151.1632,-31.6291,0,1,1,0,0,0,0,0
ou,oupa1072,152.1343,-31.6285,0,0,1,0,0,0,0,1
ou,oupa295,151.7946,-31.6294,0,1,1,0,1,0,0,1
ou,oupa651,152.0309,-31.6314,0,0,1,0,1,1,0,0
ou,oupa652,152.1132,-31.632,0,0,1,0,0,1,0,0
ou,oupa1230,152.1142,-31.632,0,0,0,0,0,0,0,0
ou,oupa64,151.1653,-31.6327,0,0,1,0,0,0,0,0
ou,oupa596,152.1448,-31.6322,0,0,0,0,0,1,0,1
ou,oupa1255,151.1821,-31.633,0,0,1,0,0,0,0,0
ou,oupa524,152.1495,-31.634,0,0,1,0,0,0,1,1
ou,oupa857,152.5228,-31.6342,0,0,0,0,0,0,0,0
ou,oupa743,152.527,-31.636,0,1,1,0,1,0,0,0
ou,oupa139,151.1884,-31.6367,0,0,1,0,0,0,0,0
ou,oupa233,152.208,-31.638,0,0,1,0,0,0,0,0
ou,oupa125,152.1553,-31.6413,0,0,0,0,0,0,0,1
ou,oupa79,152.2196,-31.6417,0,1,1,0,0,0,0,1
ou,oupa27,151.1988,-31.6422,0,0,1,0,0,0,0,0
ou,oupa1249,151.7707,-31.6436,0,1,0,0,0,0,0,0
ou,oupa460,152.189,-31.6487,0,1,1,0,0,0,0,0
ou,oupa1126,152.1858,-31.6505,0,0,0,0,0,0,1,1
ou,oupa910,152.1884,-31.6541,0,0,0,0,0,0,0,1
ou,oupa756,152.7748,-31.6547,0,0,1,0,1,0,0,0
ou,oupa1153,152.5048,-31.6558,0,0,0,0,0,0,0,0
ou,oupa1212,152.0992,-31.6572,0,1,1,0,0,0,0,0
ou,oupa776,151.922,-31.6576,0,1,1,0,1,0,0,0
ou,oupa87,152.1912,-31.6578,0,0,0,0,0,0,0,0
ou,oupa486,152.2179,-31.6597,0,0,0,0,0,0,0,0
ou,oupa1285,152.2479,-31.6599,0,0,1,0,1,1,0,0
ou,oupa1077,152.2648,-31.66,0,0,1,0,0,0,0,0
ou,oupa429,152.4979,-31.6612,0,0,0,0,0,0,0,0
ou,oupa1257,152.529,-31.6631,0,1,0,0,0,0,0,0
ou,oupa1163,152.1076,-31.668,0,1,1,0,1,1,0,0
ou,oupa1265,152.097,-31.6698,0,1,1,0,1,1,0,0
ou,oupa377,152.2373,-31.6707,0,0,1,0,1,1,0,0
ou,oupa1147,151.9044,-31.6773,0,0,0,0,1,0,0,0
ou,oupa865,152.1117,-31.6771,0,0,1,0,1,1,0,0
ou,oupa1086,151.9038,-31.6791,0,0,0,0,1,0,0,0
ou,oupa406,152.7974,-31.68,0,0,0,0,0,0,0,0
ou,oupa315,152.1254,-31.6826,0,0,1,0,0,1,0,1
ou,oupa942,152.1581,-31.6828,0,1,1,0,0,0,0,0
ou,oupa235,152.1317,-31.6863,0,0,0,0,0,1,0,1
ou,oupa1262,152.177,-31.6866,0,0,0,0,0,0,0,0
ou,oupa443,152.1031,-31.6897,0,1,1,0,0,0,0,1
ou,oupa1207,152.1105,-31.6933,0,0,0,0,0,0,0,1
ou,oupa345,152.1076,-31.6951,0,0,1,0,0,1,0,1
ou,oupa745,152.0861,-31.704,0,0,1,0,1,1,0,0
ou,oupa1283,152.0914,-31.704,0,0,1,0,1,1,0,0
ou,oupa687,152.5404,-31.7064,0,1,0,0,0,0,0,0
ou,oupa829,152.515,-31.719,0,0,0,0,0,0,0,0
ou,oupa1096,152.1662,-31.7208,0,0,0,0,0,0,0,1
ou,oupa192,152.1619,-31.7225,0,1,0,0,0,0,0,1
ou,oupa323,152.6221,-31.732,0,1,0,0,1,1,0,0
ou,oupa820,152.1671,-31.7334,0,0,0,0,0,0,0,1
ou,oupa1198,152.6205,-31.7338,0,1,1,0,1,1,0,1
ou,oupa229,152.593,-31.7355,0,0,0,0,0,1,0,0
ou,oupa933,152.6152,-31.7355,0,0,0,0,1,1,0,1
ou,oupa544,152.1185,-31.7385,0,0,0,0,0,0,0,0
ou,oupa259,152.185,-31.7389,0,0,1,0,1,1,0,0
ou,oupa254,152.1343,-31.7404,0,1,1,0,0,0,0,0
ou,oupa108,152.1765,-31.7407,0,1,0,0,0,1,0,0
ou,oupa763,152.4288,-31.7457,0,0,0,0,1,1,0,0
ou,oupa211,152.6188,-31.7482,0,0,0,0,0,0,0,0
ou,oupa445,152.1077,-31.7583,0,0,0,0,1,1,0,1
ou,oupa1229,152.1489,-31.7585,0,0,1,0,1,0,0,1
ou,oupa890,152.585,-31.7607,0,0,0,0,0,0,0,0
ou,oupa9,152.5945,-31.7644,0,0,0,0,0,0,0,0
ou,oupa1065,152.133,-31.7657,0,0,0,0,1,1,0,0
ou,oupa926,152.1129,-31.7673,0,0,1,0,1,1,0,0
ou,oupa26,152.7223,-31.7701,0,1,0,0,1,1,0,1
ou,oupa1181,152.5918,-31.7752,0,1,1,0,1,0,0,1
ou,oupa482,152.5865,-31.7824,0,1,0,0,0,0,0,0
ou,oupa383,152.6213,-31.7825,0,0,0,0,0,0,0,0
ou,oupa1218,152.6298,-31.7825,0,0,1,0,1,0,0,1
ou,oupa357,151.7936,-31.8008,0,0,0,0,0,1,0,1
ou,oupa224,151.7941,-31.8008,0,0,0,0,0,0,0,1
ou,oupa888,152.1411,-31.8036,0,0,0,0,0,0,0,0
ou,oupa658,152.1484,-31.8127,0,0,1,0,0,0,0,0
ou,oupa238,152.1548,-31.8127,0,1,1,0,1,0,0,0
ou,oupa463,151.5196,-31.8159,0,0,1,0,0,1,0,1
ou,oupa877,152.1315,-31.8162,0,0,0,0,1,1,0,0
ou,oupa403,151.5243,-31.8178,0,0,1,0,0,1,0,1
ou,oupa952,151.5868,-31.8203,0,1,1,0,0,1,0,0
ou,oupa768,152.1653,-31.8218,0,1,1,0,1,1,0,1
ou,oupa821,151.5208,-31.8232,0,1,0,0,0,0,0,0
ou,oupa806,152.1599,-31.829,0,0,0,0,1,1,0,1
ou,oupa788,152.1631,-31.829,0,0,1,0,1,1,0,1
ou,oupa1304,151.5655,-31.8291,0,1,1,0,0,1,0,0
ou,oupa432,151.5183,-31.8322,0,1,1,0,0,1,0,1
ou,oupa1236,151.5216,-31.834,0,0,0,0,0,0,0,0
ou,oupa967,151.6011,-31.8421,0,1,1,0,0,1,0,0
ou,oupa178,151.6081,-31.8458,0,1,0,0,0,0,0,0
ou,oupa316,151.6064,-31.8548,0,1,1,0,0,0,0,0
ou,oupa512,151.5701,-31.8598,0,1,1,0,0,1,0,0
ou,oupa346,151.4972,-31.8752,0,0,1,0,0,0,0,0
ou,oupa1167,151.4292,-31.8798,0,0,1,0,0,1,0,0
ou,oupa963,151.4907,-31.8805,0,0,1,0,0,1,0,0
ou,oupa212,151.399,-31.8848,0,0,1,0,0,1,0,0
ou,oupa263,151.4108,-31.8868,0,0,1,0,0,1,0,0
ou,oupa182,151.8319,-31.8895,0,1,0,0,1,0,0,0
ou,oupa774,151.4478,-31.8908,0,0,1,0,0,1,0,0
ou,oupa1078,151.5645,-31.894,0,0,1,0,0,1,0,0
ou,oupa648,151.4233,-31.896,0,0,1,0,0,1,0,0
ou,oupa517,151.4342,-31.8979,0,0,1,0,0,0,0,0
ou,oupa828,151.4772,-31.902,0,0,1,0,0,1,0,0
ou,oupa904,151.4523,-31.9053,0,0,1,0,0,1,0,0
ou,oupa202,151.4237,-31.9086,0,0,1,0,0,0,0,0
ou,oupa616,152.1899,-31.9086,0,1,0,0,0,0,0,0
ou,oupa485,151.4308,-31.9105,0,0,1,0,0,1,0,0
ou,oupa976,151.4003,-31.9137,0,0,1,0,0,1,0,0
ou,oupa364,151.4019,-31.9137,0,0,1,0,0,1,0,0
ou,oupa1080,151.3606,-31.915,0,1,1,1,0,1,0,0
ou,oupa69,151.5,-31.9149,0,0,1,0,0,1,0,0
ou,oupa294,151.4356,-31.9196,0,0,1,0,0,1,0,0
ou,oupa185,151.4678,-31.9236,0,0,1,0,0,1,0,0
ou,oupa203,151.3464,-31.9293,0,0,1,0,0,0,0,0
ou,oupa647,151.4111,-31.9301,0,0,1,0,0,0,0,0
ou,oupa802,151.3804,-31.9315,0,0,1,0,0,1,0,0
ou,oupa309,151.3728,-31.935,0,0,1,0,0,1,0,0
ou,oupa539,151.386,-31.9352,0,0,1,0,0,1,0,0
ou,oupa1130,151.4506,-31.9414,0,0,1,0,0,0,0,0
ou,oupa893,151.5494,-31.9462,0,0,1,0,1,1,0,0
ou,oupa692,151.4487,-31.9486,0,0,1,0,0,1,0,0
ou,oupa590,151.5518,-31.9516,0,1,0,0,1,1,0,1
ou,oupa1085,151.4229,-31.9555,0,0,1,0,0,0,0,0
ou,oupa852,151.4771,-31.958,0,1,1,0,0,1,0,0
ou,oupa1061,151.48,-31.958,0,0,1,0,0,1,0,0
ou,oupa262,151.4136,-31.959,0,0,1,0,0,1,0,0
ou,oupa1238,151.4244,-31.9591,0,0,1,0,0,0,0,0
ou,oupa472,151.545,-31.9588,0,1,1,0,0,1,0,0
ou,oupa535,152.4539,-31.9641,0,1,0,0,1,0,0,0
ou,oupa390,151.5189,-31.9675,0,1,1,0,0,0,0,0
ou,oupa668,151.3907,-31.9695,0,1,0,0,0,0,0,0
ou,oupa1154,152.5322,-31.9716,0,0,1,0,1,1,0,0
ou,oupa747,151.4209,-31.9753,0,0,1,0,0,0,0,0
ou,oupa712,152.5258,-31.9752,0,1,1,0,1,0,0,0
ou,oupa389,151.3954,-31.9822,0,1,1,0,0,0,0,1
ou,oupa563,152.538,-31.9825,0,0,0,0,1,1,0,0
ou,oupa909,152.5178,-31.9896,0,1,0,0,1,1,0,0
ou,oupa400,151.404,-31.9913,0,0,1,0,0,1,0,1
ou,oupa748,151.4048,-31.9931,0,1,0,0,0,0,0,0
ou,oupa122,151.4188,-31.9933,0,1,1,0,0,0,0,0
ou,oupa908,152.5374,-31.9969,0,1,0,0,1,1,0,0
ou,oupa140,151.4041,-31.9986,0,1,1,0,0,0,0,1
ou,oupa1088,152.532,-32.0077,0,1,0,0,1,0,0,1
ou,oupa62,152.3942,-32.0324,0,1,0,0,1,0,0,0
ou,oupa489,151.3537,-32.0394,0,0,0,0,0,1,0,1
ou,oupa1064,151.5958,-32.0622,0,0,1,0,0,1,0,0
ou,oupa1225,151.3477,-32.0664,0,0,0,0,0,0,0,0
ou,oupa317,151.3714,-32.0703,0,1,0,0,1,1,0,0
ou,oupa341,151.3732,-32.0703,0,1,0,0,1,1,0,1
ou,oupa834,151.349,-32.079,0,1,0,0,1,1,0,0
ou,oupa693,151.3832,-32.0921,0,1,0,0,0,1,0,1
ou,oupa279,151.2955,-32.118,0,0,0,0,1,0,0,0
ou,oupa719,151.3022,-32.1181,0,0,0,0,0,1,0,0
ou,oupa913,151.3002,-32.1217,0,0,0,0,0,1,0,0
ou,oupa158,151.2867,-32.1233,0,1,1,0,0,1,0,0
ou,oupa1018,151.3156,-32.1237,0,1,0,0,0,1,0,1
ou,oupa783,151.2708,-32.1267,0,1,0,0,0,1,0,1
ou,oupa682,151.2909,-32.127,0,1,1,0,0,1,0,0
ou,oupa807,151.2739,-32.1285,0,0,0,0,1,1,0,0
ou,oupa70,151.2707,-32.1303,0,0,0,0,1,1,0,1
ou,oupa167,151.2868,-32.1341,0,1,0,0,0,0,0,0
ou,oupa927,151.2798,-32.1358,0,0,0,0,0,1,0,1
ou,oupa761,151.4879,-32.1367,0,1,0,0,1,1,0,0
ou,oupa7,151.8359,-32.1368,0,1,0,0,1,0,0,0
ou,oupa228,151.2644,-32.1392,0,0,0,0,1,1,0,0
ou,oupa1021,152.3347,-32.1386,0,1,1,0,1,1,0,0
ou,oupa547,151.2808,-32.1413,0,1,0,0,0,0,0,1
ou,oupa650,151.2912,-32.1414,0,1,0,0,0,1,0,1
ou,oupa680,151.2983,-32.1415,0,1,0,0,1,1,0,0
ou,oupa782,151.3015,-32.1415,0,1,0,0,0,1,0,0
ou,oupa1306,151.2696,-32.1429,0,0,0,0,0,1,0,0
ou,oupa119,151.2784,-32.143,0,0,0,0,0,1,0,0
ou,oupa940,151.2879,-32.145,0,1,0,0,0,1,0,1
ou,oupa1220,151.2969,-32.1451,0,1,0,0,1,1,0,0
ou,oupa367,151.2977,-32.1451,0,0,0,0,1,0,0,0
ou,oupa307,151.3062,-32.1452,0,0,1,0,0,1,0,0
ou,oupa690,151.2805,-32.1467,0,0,0,0,1,1,0,1
ou,oupa510,151.2948,-32.1469,0,1,0,0,1,1,0,0
ou,oupa83,151.3061,-32.147,0,0,1,0,0,1,0,0
ou,oupa1137,151.4761,-32.1474,0,1,0,0,0,0,0,0
ou,oupa1066,151.8781,-32.148,0,0,0,0,1,1,0,1
ou,oupa1071,151.3016,-32.1488,0,1,0,0,0,1,0,1
ou,oupa1104,151.5009,-32.1513,0,1,0,0,1,1,0,1
ou,oupa180,151.3228,-32.1617,0,1,0,0,1,1,0,1
ou,oupa887,151.3164,-32.1652,0,1,0,0,1,1,0,0
ou,oupa572,151.4323,-32.1649,0,0,0,0,1,1,0,0
ou,oupa1270,151.3554,-32.1675,0,1,0,0,1,0,0,0
ou,oupa1269,152.048,-32.1674,0,0,0,0,0,0,0,0
ou,oupa1108,151.3789,-32.1696,0,1,0,0,1,1,0,1
ou,oupa399,152.0464,-32.171,0,1,1,0,1,1,0,1
ou,oupa283,152.0862,-32.1731,0,0,0,0,0,0,0,0
ou,oupa966,151.3599,-32.182,0,0,0,0,1,1,0,0
ou,oupa1155,151.3408,-32.1835,0,0,0,0,1,1,0,0
ou,oupa674,151.4341,-32.1847,0,1,0,0,1,1,0,1
ou,oupa153,151.3403,-32.1908,0,0,0,0,0,0,0,1
ou,oupa1180,151.3409,-32.1908,0,1,0,0,1,1,0,0
ou,oupa1168,151.2745,-32.1917,0,0,0,0,0,1,0,1
ou,oupa237,151.3105,-32.1976,0,1,0,0,1,1,0,0
ou,oupa350,151.2665,-32.1988,0,0,0,0,0,1,0,1
ou,oupa261,151.3142,-32.1994,0,1,0,0,1,1,0,1
ou,oupa1119,151.2971,-32.2046,0,0,0,0,1,1,0,0
ou,oupa983,151.3345,-32.2051,0,0,0,0,1,1,0,0
ou,oupa627,151.2703,-32.2061,0,0,0,0,0,1,0,1
ou,oupa1201,151.2875,-32.2063,0,0,0,0,1,1,0,1
ou,oupa767,151.3129,-32.2084,0,0,0,0,1,1,0,1
ou,oupa1284,151.3377,-32.2088,0,0,0,0,1,1,0,0
ou,oupa1094,151.3365,-32.2142,0,0,0,0,1,1,0,0
ou,oupa333,151.3298,-32.2159,0,0,0,0,1,1,0,0
ou,oupa56,151.276,-32.217,0,0,0,0,0,1,0,1
ou,oupa629,151.2972,-32.2172,0,0,0,0,1,1,0,0
ou,oupa277,151.2765,-32.2188,0,0,0,0,0,0,0,0
ou,oupa595,151.3382,-32.2214,0,1,0,0,1,1,0,1
ou,oupa822,151.3413,-32.2232,0,0,0,0,1,1,0,1
ou,oupa854,151.3243,-32.2248,0,1,0,0,1,1,0,1
ou,oupa784,151.3147,-32.2301,0,1,0,0,1,1,0,0
ou,oupa661,151.3115,-32.2319,0,1,0,0,1,1,0,1
ou,oupa365,151.3059,-32.2336,0,0,0,0,1,1,0,0
ou,oupa795,151.2965,-32.2371,0,0,0,0,1,1,0,0
ou,oupa1246,152.1042,-32.2382,0,0,0,0,0,1,0,1
ou,oupa1323,151.3276,-32.2393,0,0,0,0,1,1,0,0
ou,oupa101,151.3325,-32.2412,0,0,0,0,1,1,0,1
ou,oupa951,151.301,-32.2426,0,0,0,0,1,0,0,1
ou,oupa1286,152.1193,-32.2581,0,0,0,0,0,0,0,1
ou,oupa869,152.2839,-32.261,0,0,0,0,1,1,0,1
ou,oupa1297,151.7853,-32.268,0,1,1,0,1,0,0,1
ou,oupa641,152.278,-32.2682,0,0,0,0,0,1,0,1
ou,oupa281,152.2827,-32.27,0,1,0,0,1,1,0,0
ou,oupa1110,152.1139,-32.2743,0,0,0,0,0,0,0,0
ou,oupa358,152.3692,-32.2813,0,1,0,0,0,1,0,0
ou,oupa667,151.8194,-32.3008,0,0,1,0,1,1,0,1
ou,oupa527,152.4104,-32.3157,0,0,0,0,0,0,0,0
ou,oupa2,152.263,-32.3168,0,1,0,0,0,1,0,1
ou,oupa32,152.3966,-32.3193,0,1,0,0,1,1,0,0
ou,oupa584,152.2091,-32.3201,0,0,1,0,0,0,0,1
ou,oupa134,152.4535,-32.3394,0,1,0,0,1,1,0,1
ou,oupa337,152.457,-32.3412,0,0,0,0,0,0,0,0
ou,oupa208,152.3802,-32.3427,0,0,0,0,1,0,0,0
ou,oupa112,152.3839,-32.3427,0,0,0,0,1,0,0,0
ou,oupa892,151.8242,-32.3441,0,0,0,0,1,1,0,1
ou,oupa752,152.3781,-32.3445,0,1,1,0,1,0,0,0
ou,oupa1213,152.3836,-32.3445,0,1,0,0,1,0,0,0
ou,oupa790,152.3804,-32.3463,0,0,0,0,1,0,0,0
ou,oupa1013,152.4469,-32.3466,0,1,0,0,0,1,0,0
ou,oupa771,152.2811,-32.3476,0,0,0,0,1,1,0,0
ou,oupa483,152.2869,-32.3476,0,0,0,0,0,1,0,1
ou,oupa640,152.3788,-32.3481,0,0,1,0,1,0,0,0
ou,oupa1029,152.088,-32.3643,0,1,0,0,1,1,0,1
ou,oupa198,151.2939,-32.3741,0,1,0,0,0,1,0,1
ou,oupa508,152.2674,-32.3944,0,1,1,0,1,1,0,1
ou,oupa714,152.3309,-32.4398,0,0,0,0,1,1,0,1
ou,oupa1202,152.1665,-32.5002,0,1,0,0,1,1,0,0
ou,oupa1031,152.1893,-32.5112,0,1,0,0,1,1,0,0
ou,oupa94,152.1887,-32.513,0,1,0,0,1,1,0,0
ou,oupa523,152.1929,-32.5238,0,1,0,0,1,0,0,1
ou,oupa585,152.2025,-32.5239,0,1,0,0,1,0,0,0
ou,oupa737,151.7326,-32.585,0,1,0,0,0,1,0,0
ou,oupa1196,151.7251,-32.5903,0,1,0,0,1,1,0,0
ou,oupa1007,151.84,-32.6419,0,1,0,0,1,0,0,0
ou,oupa792,151.84,-32.6437,0,1,0,0,1,1,0,1
ou,oupa1,151.793,-32.6523,0,0,0,0,0,0,0,1
ou,oupa241,151.8115,-32.6633,0,1,0,0,0,1,0,0
ou,oupa110,151.8141,-32.6651,0,1,0,0,0,1,0,0
ou,oupa1175,151.9304,-32.7059,0,0,0,0,0,0,0,0
ou,oupa705,152.0944,-32.7884,0,0,0,0,1,1,0,0
ou,oupa838,152.0955,-32.7884,0,0,0,0,1,1,0,0