group,siteid,x,y,nsw18,nsw19,nsw20,nsw21,nsw22,nsw23,nsw24,nsw25
ot,otpa533,152.4585,-28.275,0,0,0,0,0,0,0,0
ot,otpa250,152.4701,-28.2814,0,0,0,0,0,1,0,0
ot,otpa761,152.4769,-28.2823,0,0,0,0,0,0,0,0
ot,otpa1444,152.4455,-28.3013,0,0,0,0,0,0,0,0
ot,otpa1377,152.4618,-28.3077,1,0,0,0,0,0,0,0
ot,otpa996,152.4383,-28.3156,0,0,0,0,0,0,0,0
ot,otpa583,152.4362,-28.3214,0,0,0,0,0,1,0,0
ot,otpa1627,152.4204,-28.3225,1,0,0,0,0,0,0,0
ot,otpa822,152.5134,-28.3258,0,0,0,0,0,0,0,0
ot,otpa2198,152.5685,-28.3287,0,0,0,0,0,0,0,0
ot,otpa1086,152.5348,-28.3313,0,0,0,0,0,0,0,0
ot,otpa232,152.672,-28.3317,1,0,0,0,0,1,1,0
ot,otpa875,152.5878,-28.3333,0,0,0,0,0,0,0,0
ot,otpa1004,152.5592,-28.3395,0,0,0,0,0,0,0,0
ot,otpa83,152.6704,-28.3542,0,0,0,0,0,1,0,0
ot,otpa1250,152.5416,-28.3674,0,0,0,0,0,1,0,0
ot,otpa1068,152.5421,-28.373,0,0,0,0,0,0,0,0
ot,otpa1726,152.5324,-28.3764,1,0,0,0,0,0,0,0
ot,otpa1850,153.3644,-28.3794,0,0,0,0,0,1,1,0
ot,otpa977,152.6958,-28.3823,0,0,0,0,0,0,0,0
ot,otpa7,152.6764,-28.4012,0,0,0,0,0,0,0,0
ot,otpa612,152.3395,-28.4054,0,0,0,0,0,0,0,0
ot,otpa1616,152.34,-28.4054,0,0,0,0,0,0,0,0
ot,otpa1408,152.6889,-28.4091,0,0,0,0,0,0,0,0
ot,otpa1896,152.8224,-28.4105,0,0,0,0,0,0,0,0
ot,otpa893,152.6804,-28.4175,0,0,0,0,0,1,0,0
ot,otpa713,152.6804,-28.4193,0,0,0,0,0,0,0,0
ot,otpa1351,152.6789,-28.4247,0,0,0,0,0,0,0,0
ot,otpa1036,152.6967,-28.4267,0,0,0,0,0,1,0,0
ot,otpa1168,152.7149,-28.4347,0,0,0,0,0,1,0,0
ot,otpa1165,153.1573,-28.4466,0,0,0,0,0,1,0,0
ot,otpa370,152.6752,-28.4481,0,0,0,0,0,0,0,0
ot,otpa1339,152.6619,-28.4508,0,0,0,0,0,0,0,0
ot,otpa1263,152.667,-28.4526,0,0,0,0,0,0,0,0
ot,otpa1559,152.6551,-28.4532,0,0,0,0,0,1,0,0
ot,otpa2193,152.6888,-28.4556,1,0,0,0,0,0,0,0
ot,otpa1276,152.6351,-28.4593,1,0,0,0,0,0,0,0
ot,otpa1249,152.4413,-28.4643,0,0,0,0,0,0,0,0
ot,otpa204,152.4402,-28.4663,0,0,0,0,0,0,0,0
ot,otpa1127,153.381,-28.4706,0,0,0,0,0,1,0,0
ot,otpa1347,152.2063,-28.4715,0,0,0,0,0,0,0,0
ot,otpa245,152.4024,-28.4725,0,0,0,0,0,0,0,0
ot,otpa1765,152.4351,-28.4744,0,0,0,0,0,0,0,0
ot,otpa472,152.6435,-28.4796,0,0,0,0,0,0,0,0
ot,otpa669,153.3392,-28.4851,0,0,0,0,0,1,1,0
ot,otpa1621,152.2787,-28.4863,0,0,0,0,0,1,0,0
ot,otpa2116,152.2818,-28.4881,0,0,0,0,0,0,0,0
ot,otpa573,152.4003,-28.4914,0,0,0,0,0,0,0,0
ot,otpa328,152.4074,-28.4937,0,0,0,0,0,1,0,0
ot,otpa1975,152.0824,-28.5014,1,0,0,0,0,0,0,0
ot,otpa1999,152.0929,-28.501,0,0,0,0,1,0,0,0
ot,otpa691,152.4135,-28.5014,0,0,0,0,0,0,1,0
ot,otpa233,152.3368,-28.5035,0,0,0,0,0,1,0,0
ot,otpa133,152.4237,-28.5051,0,0,0,0,0,1,0,0
ot,otpa1211,152.4257,-28.5051,0,0,0,0,0,1,1,0
ot,otpa1066,152.6636,-28.5043,0,0,0,0,0,0,0,0
ot,otpa944,152.4165,-28.5059,0,0,0,0,0,0,0,0
ot,otpa1728,152.4247,-28.5053,0,0,0,0,0,1,1,0
ot,otpa1407,152.0909,-28.5061,1,0,0,0,0,0,0,0
ot,otpa1391,152.3305,-28.5078,0,0,0,0,0,0,0,0
ot,otpa2015,152.5739,-28.5083,0,0,0,0,0,0,0,0
ot,otpa1113,152.4185,-28.5141,0,0,0,0,0,0,0,0
ot,otpa1664,152.5657,-28.5137,0,0,0,0,0,1,0,0
ot,otpa1221,152.6883,-28.5138,0,0,0,0,0,1,1,0
ot,otpa195,152.6963,-28.5141,0,0,0,0,0,1,1,0
ot,otpa923,152.4195,-28.515,0,0,0,0,0,0,0,0
ot,otpa1458,152.5646,-28.5164,0,0,0,0,0,1,0,0
ot,otpa309,152.6934,-28.5165,0,0,0,0,0,1,1,0
ot,otpa700,152.7041,-28.5173,0,0,0,0,0,1,1,0
ot,otpa522,152.5697,-28.5182,0,0,0,0,0,1,0,0
ot,otpa2033,152.7785,-28.5201,0,0,0,0,0,1,0,0
ot,otpa307,152.7593,-28.5266,0,0,0,0,0,1,0,0
ot,otpa895,152.5666,-28.5273,0,0,0,0,0,0,0,0
ot,otpa119,152.3632,-28.5346,0,0,0,0,0,1,0,0
ot,otpa1545,152.5758,-28.5372,0,0,0,0,0,1,0,0
ot,otpa1181,152.5727,-28.5381,0,0,0,0,0,1,1,0
ot,otpa193,152.3642,-28.5391,0,0,0,0,0,1,0,0
ot,otpa674,152.5102,-28.5399,0,0,0,0,0,1,0,0
ot,otpa160,152.5086,-28.5403,0,0,0,0,0,0,0,0
ot,otpa1722,152.7588,-28.541,0,0,0,0,0,1,0,0
ot,otpa1405,152.3379,-28.5485,0,0,0,0,0,0,0,0
ot,otpa593,152.3539,-28.5499,0,0,0,0,0,0,0,0
ot,otpa1551,153.411,-28.5499,0,0,0,0,0,0,0,1
ot,otpa698,152.3324,-28.5534,0,0,0,0,0,0,0,0
ot,otpa90,152.359,-28.5544,0,0,0,0,0,0,0,0
ot,otpa1078,153.412,-28.5544,0,0,0,0,0,0,0,1
ot,otpa721,152.7781,-28.5618,0,0,0,0,0,1,1,0
ot,otpa369,152.3855,-28.5663,0,0,0,0,0,0,0,0
ot,otpa258,152.4887,-28.5766,0,0,0,0,0,0,0,0
ot,otpa283,152.4969,-28.5812,0,0,0,0,0,0,0,0
ot,otpa1416,152.6963,-28.5836,0,0,0,0,0,1,0,0
ot,otpa164,153.3252,-28.5862,0,0,0,0,0,0,0,0
ot,otpa969,152.6901,-28.5872,0,0,0,0,0,1,1,0
ot,otpa1663,152.6993,-28.5881,0,0,0,0,0,1,1,0
ot,otpa1348,153.3201,-28.5899,0,0,0,0,0,0,0,0
ot,otpa390,152.7065,-28.5953,0,0,0,0,0,0,0,0
ot,otpa1549,152.7075,-28.5971,0,0,0,0,0,0,0,0
ot,otpa1464,152.6952,-28.5998,0,0,0,0,0,1,0,0
ot,otpa1821,153.3252,-28.5998,0,0,0,0,0,1,0,0
ot,otpa1949,152.6911,-28.6007,0,0,0,0,0,1,0,0
ot,otpa2051,152.688,-28.6016,0,0,0,0,0,1,0,0
ot,otpa2044,152.6809,-28.6043,0,0,0,0,0,1,0,0
ot,otpa2214,153.3539,-28.6078,0,0,0,0,0,0,0,0
ot,otpa1790,152.7013,-28.6125,0,0,0,0,0,0,0,0
ot,otpa474,153.3621,-28.6132,0,0,0,0,0,0,0,0
ot,otpa960,152.7034,-28.6143,0,0,0,0,0,0,0,0
ot,otpa1770,152.4895,-28.6182,0,0,0,0,0,0,0,0
ot,otpa1645,152.5093,-28.6209,1,0,0,0,0,0,0,0
ot,otpa750,152.7696,-28.6225,0,0,0,0,0,0,1,0
ot,otpa1576,152.4495,-28.6406,0,0,0,0,0,0,0,0
ot,otpa998,152.1624,-28.6632,0,0,0,0,0,0,0,0
ot,otpa1704,152.7104,-28.663,0,0,0,0,0,0,0,0
ot,otpa802,152.695,-28.6666,0,0,0,0,0,1,1,0
ot,otpa1247,152.6899,-28.6702,0,0,0,0,0,1,1,0
ot,otpa1810,152.4832,-28.6714,0,0,0,0,0,0,0,0
ot,otpa457,152.7022,-28.6711,0,0,0,0,0,1,1,0
ot,otpa971,152.697,-28.6729,0,0,0,0,0,1,1,0
ot,otpa678,152.4627,-28.6749,0,0,0,0,0,1,0,0
ot,otpa1137,152.4826,-28.6761,0,0,0,0,0,0,0,0
ot,otpa229,152.4636,-28.6858,0,0,0,0,0,0,0,0
ot,otpa1098,152.4682,-28.6932,0,0,0,0,0,1,0,0
ot,otpa15,152.4799,-28.7179,0,0,0,0,0,1,0,0
ot,otpa2143,152.3317,-28.7533,0,0,0,0,0,0,0,0
ot,otpa560,152.3975,-28.7636,0,0,0,0,0,0,1,0
ot,otpa359,152.3464,-28.7742,0,0,0,0,0,1,1,0
ot,otpa1651,152.3423,-28.7773,0,0,0,0,0,0,1,0
ot,otpa41,152.2634,-28.7787,0,0,0,0,0,0,0,0
ot,otpa2175,152.0634,-28.7835,1,0,0,0,0,0,0,0
ot,otpa1575,152.0651,-28.788,0,1,0,0,0,0,0,0
ot,otpa2203,152.1852,-28.7978,1,0,0,0,0,0,0,0
ot,otpa2048,152.1807,-28.8057,1,0,0,0,0,0,0,0
ot,otpa1831,152.7407,-28.8066,0,0,0,0,0,0,0,0
ot,otpa136,152.1909,-28.8103,1,0,0,0,0,1,0,0
ot,otpa1425,152.1825,-28.8116,1,0,0,0,0,0,0,0
ot,otpa1099,152.1771,-28.8136,1,0,0,0,0,0,0,0
ot,otpa891,152.7407,-28.8147,0,0,0,0,0,0,0,0
ot,otpa158,152.2831,-28.8208,0,0,0,0,0,1,1,0
ot,otpa2107,152.7397,-28.8211,0,0,0,0,0,0,0,0
ot,otpa1660,152.1729,-28.8255,1,0,0,0,0,0,0,0
ot,otpa1755,152.4803,-28.8266,0,0,0,0,0,1,0,0
ot,otpa928,152.1785,-28.8289,0,0,0,0,0,0,0,0
ot,otpa1561,152.4772,-28.8293,0,0,0,0,0,0,0,0
ot,otpa401,152.7376,-28.831,0,0,0,0,0,0,0,0
ot,otpa1293,152.2761,-28.8317,0,0,0,0,0,0,1,0
ot,otpa2150,152.7335,-28.8319,0,0,0,0,0,0,0,0
ot,otpa1756,152.7366,-28.8337,0,0,0,0,0,0,0,0
ot,otpa1624,152.2589,-28.8391,0,0,0,0,0,0,0,0
ot,otpa122,152.0692,-28.8398,1,0,0,0,0,0,0,0
ot,otpa10,152.7304,-28.8427,0,0,0,0,0,0,0,0
ot,otpa885,152.3073,-28.8459,0,0,0,0,0,0,1,0
ot,otpa56,152.4843,-28.8492,0,0,0,0,0,0,1,0
ot,otpa235,152.2165,-28.8517,0,0,0,0,0,0,0,0
ot,otpa118,152.4545,-28.8608,0,0,0,0,0,1,0,0
ot,otpa157,152.5724,-28.8658,0,0,0,0,0,0,0,0
ot,otpa948,152.0173,-28.8953,1,0,0,0,0,0,0,0
ot,otpa699,152.1569,-28.8972,1,0,0,0,0,0,0,0
ot,otpa1679,152.2236,-28.8976,1,0,0,0,0,1,0,0
ot,otpa497,152.3413,-28.9068,0,0,0,0,0,0,1,0
ot,otpa1659,152.3871,-28.9088,0,0,0,0,0,0,0,0
ot,otpa2178,152.7507,-28.9141,0,0,0,0,0,0,0,0
ot,otpa252,152.1814,-28.9159,1,0,0,0,0,0,0,0
ot,otpa1852,152.3835,-28.9156,0,0,0,0,0,0,0,0
ot,otpa718,152.1516,-28.917,0,0,0,0,0,0,0,0
ot,otpa11,152.2952,-28.917,1,0,0,0,0,0,1,0
ot,otpa576,152.3804,-28.9165,0,0,0,0,0,0,0,0
ot,otpa1187,152.1377,-28.9221,0,0,0,0,0,0,0,0
ot,otpa657,152.2822,-28.9241,1,0,0,0,0,1,1,0
ot,otpa1279,152.1711,-28.9244,1,0,0,0,0,0,0,0
ot,otpa1506,152.1828,-28.9249,1,0,0,0,0,0,0,0
ot,otpa2140,152.1187,-28.9276,1,0,0,0,0,0,0,0
ot,otpa1914,152.5988,-28.9281,0,0,0,0,0,0,1,1
ot,otpa402,152.7517,-28.9294,0,0,0,0,0,0,0,0
ot,otpa85,152.141,-28.9307,1,0,0,0,0,0,0,0
ot,otpa81,152.3351,-28.9325,0,0,0,0,0,0,1,0
ot,otpa1851,152.3362,-28.9325,0,0,0,0,0,0,1,0
ot,otpa1288,152.604,-28.9327,0,0,0,0,0,1,0,0
ot,otpa2161,152.7476,-28.933,0,0,0,0,0,1,0,0
ot,otpa305,152.6255,-28.9336,0,0,0,0,0,0,1,0
ot,otpa289,152.7425,-28.9348,0,0,0,0,0,0,0,0
ot,otpa963,152.1373,-28.9433,1,0,0,0,0,0,0,0
ot,otpa1136,152.175,-28.9461,1,0,0,0,0,0,0,0
ot,otpa556,152.1606,-28.9487,1,0,0,0,0,0,0,0
ot,otpa909,152.2753,-28.95,0,0,0,0,0,1,0,0
ot,otpa910,152.2917,-28.9508,0,0,0,0,0,0,0,0
ot,otpa20,152.8727,-28.9521,0,0,0,0,0,0,1,1
ot,otpa1835,152.1359,-28.9548,1,0,0,0,0,0,0,0
ot,otpa1102,152.3196,-28.9595,0,0,0,0,0,0,0,0
ot,otpa30,152.2983,-28.9605,1,0,0,0,0,0,0,0
ot,otpa1775,152.336,-28.9605,1,0,0,0,0,0,0,0
ot,otpa461,152.1379,-28.9612,1,0,0,0,0,0,0,0
ot,otpa66,152.3247,-28.9649,1,0,0,0,0,0,0,0
ot,otpa2000,152.2533,-28.9713,0,0,0,0,0,0,0,0
ot,otpa748,152.307,-28.9727,0,0,0,0,0,1,0,0
ot,otpa1791,152.3219,-28.9726,1,0,0,0,0,0,0,0
ot,otpa22,152.3126,-28.9736,0,0,0,0,0,1,0,0
ot,otpa529,152.4698,-28.9832,0,0,0,0,0,1,0,0
ot,otpa1275,152.4564,-28.9883,0,0,0,0,0,1,0,0
ot,otpa1566,152.8357,-28.9882,0,0,0,0,0,1,0,0
ot,otpa1760,152.4508,-28.9903,0,0,0,0,0,1,1,0
ot,otpa1438,152.9107,-29,0,0,0,0,0,0,0,0
ot,otpa275,152.7125,-29.0078,0,0,0,0,0,0,0,0
ot,otpa1346,152.695,-29.0096,0,0,0,0,0,0,0,0
ot,otpa357,152.7269,-29.0124,0,0,0,0,0,0,0,0
ot,otpa1888,152.2593,-29.0347,1,0,0,0,0,0,0,0
ot,otpa31,152.3037,-29.0381,0,0,0,0,0,0,0,0
ot,otpa1537,152.2528,-29.0422,1,0,0,0,0,0,0,0
ot,otpa676,152.2839,-29.0437,1,0,0,0,0,0,0,0
ot,otpa689,152.9733,-29.047,0,0,0,0,0,0,0,0
ot,otpa598,152.9753,-29.047,0,0,0,0,0,1,0,0
ot,otpa2036,152.9774,-29.0488,0,0,0,0,0,0,0,0
ot,otpa67,152.0446,-29.067,0,0,0,0,0,0,0,0
ot,otpa1124,152.0487,-29.0671,0,0,0,0,0,0,0,0
ot,otpa1058,152.2865,-29.0702,0,0,0,0,0,0,0,0
ot,otpa746,152.4195,-29.0818,0,0,0,0,0,0,0,1
ot,otpa2024,152.3141,-29.0863,1,0,0,0,0,1,0,0
ot,otpa1065,152.256,-29.0943,0,0,0,0,0,0,0,0
ot,otpa1402,152.4204,-29.099,0,0,0,0,0,0,0,1
ot,otpa2154,152.4954,-29.111,0,0,0,0,0,0,1,0
ot,otpa671,152.4665,-29.119,1,0,0,0,0,0,0,0
ot,otpa103,152.301,-29.1228,0,0,0,0,0,0,0,0
ot,otpa1240,153.2118,-29.1271,0,0,0,0,0,0,0,0
ot,otpa1643,152.1329,-29.1281,1,0,0,0,0,0,0,0
ot,otpa261,152.7327,-29.1352,0,0,0,0,0,1,0,0
ot,otpa1428,152.127,-29.1364,0,0,0,0,0,0,0,0
ot,otpa505,152.7296,-29.1487,0,0,0,0,0,1,0,0
ot,otpa1191,152.1248,-29.1529,1,0,0,0,0,0,0,0
ot,otpa1324,152.7717,-29.156,1,0,0,0,0,0,0,0
ot,otpa1899,152.8098,-29.1597,0,0,0,0,0,0,0,0
ot,otpa1517,153.1851,-29.1624,0,0,0,0,0,0,0,0
ot,otpa259,153.2766,-29.1631,0,0,0,0,0,0,1,0
ot,otpa1182,152.1033,-29.1667,1,0,0,0,0,0,0,0
ot,otpa491,152.9825,-29.1724,0,0,0,0,0,1,0,0
ot,otpa992,153.3054,-29.1721,0,0,0,0,0,0,0,0
ot,otpa877,152.5012,-29.1733,0,0,0,0,0,1,0,0
ot,otpa2174,152.9825,-29.1733,0,0,0,0,0,0,0,0
ot,otpa1052,153.3147,-29.1802,0,0,0,0,0,0,0,0
ot,otpa2032,153.3055,-29.1829,0,0,0,0,0,1,0,0
ot,otpa2213,152.3603,-29.1862,0,0,0,0,0,1,1,0
ot,otpa1323,152.4384,-29.1866,0,0,0,0,0,0,0,0
ot,otpa1080,153.3045,-29.1883,0,0,0,0,0,1,0,0
ot,otpa1898,152.495,-29.1904,0,0,0,0,0,1,0,0
ot,otpa653,153.0257,-29.1914,0,0,0,0,0,0,0,0
ot,otpa1804,153.1934,-29.1921,0,0,0,0,0,1,0,0
ot,otpa839,152.7326,-29.1929,0,0,0,0,0,0,1,0
ot,otpa591,152.4548,-29.1939,0,0,0,0,0,1,0,0
ot,otpa1524,152.7572,-29.1939,0,0,0,0,0,0,1,0
ot,otpa117,152.0156,-29.1986,0,0,0,0,0,0,0,0
ot,otpa1145,152.3777,-29.1999,0,0,0,0,0,0,0,0
ot,otpa1766,152.3756,-29.2035,0,0,0,0,0,0,0,0
ot,otpa845,153.2459,-29.2137,0,0,0,0,0,1,1,0
ot,otpa144,153.1327,-29.2139,0,0,0,0,0,1,0,0
ot,otpa972,153.1008,-29.2157,0,0,0,0,0,1,0,0
ot,otpa2037,152.0684,-29.2172,0,0,0,0,0,0,0,0
ot,otpa938,152.7994,-29.2174,0,0,0,0,0,0,0,0
ot,otpa1414,152.7932,-29.2219,0,0,0,0,0,0,0,1
ot,otpa672,153.2233,-29.2219,0,0,0,0,0,0,0,1
ot,otpa1484,152.8724,-29.222,0,0,0,0,0,0,0,0
ot,otpa2189,152.788,-29.2273,0,0,0,0,0,0,0,1
ot,otpa1151,153.1914,-29.2282,0,0,0,0,0,0,0,0
ot,otpa1055,152.7932,-29.2318,0,0,0,0,0,0,0,0
ot,otpa1115,152.1892,-29.2324,1,0,0,0,0,0,0,0
ot,otpa824,153.1657,-29.2337,0,0,0,0,0,1,0,0
ot,otpa426,153.1749,-29.2346,0,0,0,0,0,1,0,0
ot,otpa943,153.1863,-29.2346,0,0,0,0,0,1,0,0
ot,otpa172,152.1845,-29.2369,1,0,0,0,0,0,0,0
ot,otpa475,153.1708,-29.2364,0,0,0,0,0,1,0,0
ot,otpa246,153.1626,-29.2382,0,0,0,0,0,0,0,0
ot,otpa1480,152.7973,-29.24,0,0,0,0,0,0,0,1
ot,otpa1778,153.1111,-29.2464,0,0,0,0,0,1,0,0
ot,otpa1832,152.7962,-29.249,0,0,0,0,0,0,0,0
ot,otpa205,152.8003,-29.2517,0,0,0,0,0,0,0,0
ot,otpa1789,153.2954,-29.2542,0,0,0,0,0,0,0,0
ot,otpa1834,152.8075,-29.258,0,0,0,0,0,0,0,0
ot,otpa2106,153.2398,-29.2598,0,0,0,0,0,0,0,1
ot,otpa2030,153.1997,-29.2634,0,0,0,0,0,1,0,0
ot,otpa1231,153.0906,-29.2645,0,0,0,0,0,0,0,0
ot,otpa1806,152.8034,-29.2652,0,0,0,0,0,0,0,0
ot,otpa1878,152.1377,-29.2668,1,0,0,0,0,0,0,0
ot,otpa29,152.1147,-29.2733,0,0,0,0,0,0,0,0
ot,otpa1320,153.278,-29.2868,0,0,0,0,0,1,0,0
ot,otpa364,152.1213,-29.2896,1,0,0,0,0,0,0,0
ot,otpa1849,153.1071,-29.2915,0,0,0,0,0,0,0,0
ot,otpa2115,153.278,-29.2931,0,0,0,0,0,1,0,0
ot,otpa926,153.068,-29.3051,0,0,0,0,0,1,0,0
ot,otpa616,152.158,-29.3076,1,0,0,0,0,0,0,0
ot,otpa1511,152.8476,-29.3095,0,0,0,0,0,1,1,0
ot,otpa1924,153.2451,-29.3121,0,0,0,0,0,1,0,0
ot,otpa898,152.1478,-29.3141,1,0,0,0,0,0,0,0
ot,otpa209,153.2503,-29.3184,0,0,0,0,0,0,1,0
ot,otpa1815,152.0834,-29.3217,0,0,0,0,0,0,0,0
ot,otpa375,153.2472,-29.3265,0,0,0,0,0,0,0,0
ot,otpa1212,153.2287,-29.3311,0,0,0,0,0,1,0,0
ot,otpa1473,152.1578,-29.3322,1,0,0,0,0,0,0,0
ot,otpa1539,153.0247,-29.3385,0,0,0,0,0,0,0,0
ot,otpa1312,152.0511,-29.3394,1,0,0,0,0,0,0,0
ot,otpa1349,152.1103,-29.3402,0,0,0,0,0,0,0,0
ot,otpa110,152.1659,-29.3436,1,0,0,0,0,0,0,0
ot,otpa1105,153.0731,-29.3466,0,0,0,0,0,0,0,0
ot,otpa805,153.0711,-29.3475,0,0,0,0,0,0,0,0
ot,otpa677,152.1681,-29.3505,1,0,0,0,0,0,0,0
ot,otpa1090,152.1077,-29.3522,1,0,0,0,0,0,0,0
ot,otpa1966,153.3214,-29.3553,0,0,0,0,0,0,0,0
ot,otpa372,153.0814,-29.3565,0,0,0,0,0,1,0,0
ot,otpa1557,152.1057,-29.3614,1,0,0,0,0,0,0,0
ot,otpa1032,153.0144,-29.3656,0,0,0,0,0,0,0,0
ot,otpa1839,152.1086,-29.3659,1,0,0,0,0,0,0,0
ot,otpa2002,153.372,-29.3687,0,0,0,0,0,0,0,0
ot,otpa459,152.9763,-29.3845,0,0,0,0,0,1,1,0
ot,otpa1360,152.9784,-29.3845,0,0,0,0,0,0,0,0
ot,otpa767,152.0158,-29.389,0,0,0,0,0,0,0,0
ot,otpa273,152.0169,-29.389,0,0,0,0,0,0,0,0
ot,otpa159,152.1786,-29.4005,0,0,0,0,0,0,0,0
ot,otpa1940,152.1727,-29.4015,0,0,0,0,0,0,0,0
ot,otpa1798,152.1629,-29.4024,0,0,0,0,0,0,0,0
ot,otpa865,152.1664,-29.411,1,0,0,0,0,0,0,0
ot,otpa1218,152.8597,-29.4603,0,0,0,0,0,0,0,0
ot,otpa634,152.8618,-29.4639,0,0,0,0,0,0,0,0
ot,otpa227,153.3311,-29.4879,0,0,0,0,0,0,0,0
ot,otpa1128,152.191,-29.4886,1,0,0,0,0,0,0,0
ot,otpa1565,153.3291,-29.4888,0,0,0,0,0,1,0,0
ot,otpa6,153.3332,-29.4888,0,0,0,0,0,0,0,0
ot,otpa964,152.1763,-29.4943,1,0,0,0,0,0,0,0
ot,otpa1409,152.1543,-29.4998,1,0,0,0,0,0,0,0
ot,otpa70,152.1461,-29.5014,0,0,0,0,0,0,0,0
ot,otpa1031,153.3301,-29.5014,0,0,0,0,0,1,0,0
ot,otpa690,152.5491,-29.502,0,0,0,0,0,0,0,0
ot,otpa2101,152.5481,-29.5074,0,0,0,0,0,0,0,0
ot,otpa1075,153.3291,-29.5078,0,0,0,0,0,1,1,0
ot,otpa55,153.3312,-29.5078,0,0,0,0,0,0,0,0
ot,otpa1322,152.2447,-29.5169,0,0,0,0,0,0,0,0
ot,otpa2034,153.3168,-29.5195,0,0,0,0,0,1,0,0
ot,otpa406,152.0288,-29.5242,1,0,0,0,0,0,0,0
ot,otpa1488,152.0509,-29.5325,0,0,0,0,0,0,0,0
ot,otpa769,152.2412,-29.5351,1,0,0,0,0,0,0,0
ot,otpa2043,152.2342,-29.5385,0,0,0,0,0,0,0,0
ot,otpa225,153.3158,-29.5385,0,0,0,0,0,0,0,0
ot,otpa853,153.3138,-29.5394,0,0,0,0,0,0,0,0
ot,otpa1023,153.3231,-29.5448,0,0,0,0,0,1,0,0
ot,otpa1747,152.06,-29.5464,1,0,0,0,0,0,0,0
ot,otpa953,153.3324,-29.5493,0,0,0,0,0,1,0,0
ot,otpa1550,152.423,-29.5557,0,0,0,0,0,0,0,0
ot,otpa2183,153.3035,-29.5602,0,0,0,1,0,0,0,1
ot,otpa339,152.4147,-29.5664,1,0,0,0,0,0,0,0
ot,otpa701,152.2245,-29.57,1,0,0,0,0,0,0,0
ot,otpa821,153.3262,-29.57,0,0,0,1,0,1,0,0
ot,otpa1217,152.4166,-29.5908,1,0,0,0,0,0,0,0
ot,otpa2168,152.183,-29.5925,1,0,0,0,0,0,0,0
ot,otpa950,152.1966,-29.5969,1,0,0,0,0,0,0,0
ot,otpa927,152.4207,-29.5963,1,0,0,0,0,0,0,0
ot,otpa1918,152.212,-29.6015,0,0,0,0,0,0,0,0
ot,otpa1617,152.1722,-29.6064,0,0,0,0,0,0,0,0
ot,otpa896,152.4691,-29.6118,1,0,0,0,0,0,0,0
ot,otpa974,153.2097,-29.6118,0,0,0,0,0,1,0,0
ot,otpa638,152.2057,-29.6177,1,0,0,0,0,0,0,0
ot,otpa557,153.2562,-29.618,0,0,0,0,0,0,0,0
ot,otpa1733,153.2809,-29.618,0,0,0,1,0,1,0,0
ot,otpa1693,153.2655,-29.6198,0,0,0,1,0,1,0,0
ot,otpa1422,152.4608,-29.6217,0,0,0,0,0,0,0,0
ot,otpa722,152.1427,-29.6238,1,0,0,0,0,0,0,0
ot,otpa2202,152.1373,-29.6247,1,0,0,0,0,0,0,0
ot,otpa912,152.1994,-29.6289,1,0,0,0,0,0,0,0
ot,otpa1740,153.2779,-29.6288,0,0,0,1,0,1,0,0
ot,otpa1321,153.251,-29.6307,0,0,0,0,0,1,0,0
ot,otpa1860,152.256,-29.634,0,0,0,0,0,1,1,0
ot,otpa883,152.1896,-29.6366,1,0,0,0,0,0,0,0
ot,otpa823,153.2211,-29.6379,0,0,0,0,0,1,0,0
ot,otpa1284,153.2262,-29.6379,0,0,0,0,0,1,0,0
ot,otpa325,153.2314,-29.6379,0,0,0,0,0,0,0,0
ot,otpa8,151.8409,-29.6385,0,0,0,0,0,0,0,0
ot,otpa1833,153.2139,-29.6389,0,0,0,1,0,1,0,0
ot,otpa1077,151.8316,-29.642,0,0,0,0,0,0,0,0
ot,otpa739,152.2497,-29.6419,1,0,0,0,0,0,0,0
ot,otpa1035,152.1786,-29.6482,0,0,0,0,0,0,0,0
ot,otpa799,153.3069,-29.6531,0,0,0,0,0,1,0,0
ot,otpa584,152.1,-29.6603,1,0,0,0,0,0,0,0
ot,otpa1836,152.1009,-29.6741,0,0,0,0,0,0,0,0
ot,otpa1714,152.1138,-29.6767,0,0,0,0,0,1,0,0
ot,otpa719,152.0802,-29.6774,0,0,0,0,0,0,0,0
ot,otpa226,153.2925,-29.6793,0,0,0,0,0,0,0,0
ot,otpa856,153.2677,-29.6812,0,0,0,0,0,0,0,0
ot,otpa1582,153.2367,-29.6849,0,0,0,0,0,0,0,0
ot,otpa535,153.2605,-29.6875,0,0,0,1,0,0,0,1
ot,otpa1869,153.2005,-29.6885,0,0,0,0,0,1,0,0
ot,otpa652,152.0956,-29.6901,0,0,0,0,0,0,0,0
ot,otpa534,152.1059,-29.6911,0,0,0,0,0,0,0,0
ot,otpa531,152.2008,-29.6959,1,0,0,0,0,0,0,0
ot,otpa120,152.5834,-29.697,0,0,0,0,0,1,1,0
ot,otpa1037,152.2004,-29.7009,1,0,0,0,0,0,0,0
ot,otpa1811,152.5896,-29.7007,0,0,0,0,0,0,0,1
ot,otpa385,152.5906,-29.7016,0,0,0,0,0,0,0,0
ot,otpa44,152.5927,-29.7016,0,0,0,0,0,1,1,0
ot,otpa764,151.9745,-29.7028,0,0,0,0,0,0,0,0
ot,otpa1222,152.2043,-29.7054,0,0,0,0,0,0,0,0
ot,otpa1732,152.5978,-29.7097,0,0,0,0,0,0,0,1
ot,otpa64,152.6268,-29.7107,0,0,0,0,0,0,1,0
ot,otpa26,153.2099,-29.7129,0,0,0,1,0,1,0,0
ot,otpa1451,153.2192,-29.7129,0,0,0,0,0,1,1,0
ot,otpa2052,152.5999,-29.7151,0,0,0,0,0,0,0,0
ot,otpa1367,152.6009,-29.7151,0,0,0,0,0,0,0,1
ot,otpa1024,152.6402,-29.7153,0,0,0,0,0,1,1,0
ot,otpa387,153.2316,-29.7155,0,0,0,0,0,1,0,0
ot,otpa1328,152.5575,-29.7159,0,0,0,0,0,1,0,0
ot,otpa1201,152.6423,-29.7162,0,0,0,0,0,1,1,0
ot,otpa1642,152.604,-29.717,0,0,0,0,0,0,0,0
ot,otpa2184,153.2037,-29.7174,0,0,0,0,0,1,0,0
ot,otpa2068,153.2368,-29.7173,0,0,0,1,0,1,0,0
ot,otpa1745,152.1985,-29.7192,0,0,0,0,0,0,0,0
ot,otpa594,152.6081,-29.7188,0,0,0,0,0,0,1,1
ot,otpa1618,152.5616,-29.7204,0,0,0,0,0,1,0,0
ot,otpa354,152.5709,-29.7241,0,0,0,0,0,1,1,0
ot,otpa1910,153.2078,-29.7246,0,0,0,0,0,1,0,0
ot,otpa68,153.2223,-29.7354,0,0,0,0,0,1,1,0
ot,otpa1079,153.2234,-29.7363,0,0,0,0,0,0,0,0
ot,otpa248,153.1954,-29.7364,0,0,0,0,0,0,0,1
ot,otpa147,152.5729,-29.743,0,0,0,0,0,0,0,1
ot,otpa937,152.5346,-29.7438,0,0,0,0,0,0,0,0
ot,otpa2170,153.1975,-29.7436,0,0,0,1,0,1,0,0
ot,otpa168,152.5729,-29.7448,0,0,0,0,0,0,0,0
ot,otpa398,153.1975,-29.7445,0,0,0,0,0,0,0,1
ot,otpa536,153.1955,-29.749,0,0,0,0,0,0,0,1
ot,otpa1352,152.0774,-29.7556,1,0,0,0,0,0,0,0
ot,otpa1044,153.2876,-29.7615,0,0,0,0,0,1,0,0
ot,otpa794,153.2762,-29.7633,0,0,0,0,0,0,0,0
ot,otpa1179,153.2814,-29.7642,0,0,0,1,0,0,0,1
ot,otpa155,153.2834,-29.7669,0,0,0,1,0,0,0,0
ot,otpa327,152.0993,-29.7679,1,0,0,0,0,0,0,0
ot,otpa1111,153.2276,-29.7724,0,0,0,0,0,1,0,0
ot,otpa1629,152.092,-29.7755,0,0,0,0,0,0,0,0
ot,otpa480,152.1087,-29.7878,1,0,0,0,0,0,0,0
ot,otpa389,153.0217,-29.7898,0,0,0,0,0,0,0,0
ot,otpa1271,153.0135,-29.7907,0,0,0,0,0,0,0,0
ot,otpa636,153.0238,-29.7907,0,0,0,0,0,0,0,0
ot,otpa320,153.2825,-29.7904,0,0,0,1,0,0,0,1
ot,otpa244,153.2845,-29.7903,0,0,0,1,0,0,0,0
ot,otpa399,153.0103,-29.7916,0,0,0,0,0,0,0,0
ot,otpa569,153.2887,-29.7912,0,0,0,0,0,1,0,0
ot,otpa63,152.076,-29.7946,1,0,0,0,0,0,0,0
ot,otpa427,152.1084,-29.7964,0,0,0,0,0,0,0,0
ot,otpa502,153.2194,-29.7968,0,0,0,1,0,0,0,1
ot,otpa2160,153.2763,-29.7967,0,0,0,0,0,0,0,0
ot,otpa1043,153.2173,-29.7977,0,0,0,0,0,0,0,1
ot,otpa1460,152.0781,-29.7992,1,0,0,0,0,0,0,0
ot,otpa541,152.1127,-29.8,0,0,0,0,0,0,0,0
ot,otpa631,153.2846,-29.7994,0,0,0,0,0,0,0,0
ot,otpa1512,153.1997,-29.8004,0,0,0,0,0,0,0,0
ot,otpa715,153.2225,-29.8031,0,0,0,1,0,1,0,0
ot,otpa696,153.2432,-29.8031,0,0,0,0,0,0,0,0
ot,otpa1529,152.6254,-29.8082,0,0,0,0,0,0,1,0
ot,otpa1603,152.6326,-29.8091,0,0,0,0,0,0,0,0
ot,otpa975,153.0455,-29.8087,0,0,0,0,0,0,0,0
ot,otpa922,152.2032,-29.8099,0,0,0,0,0,0,0,0
ot,otpa945,152.0811,-29.8109,1,0,0,0,0,0,0,0
ot,otpa2011,152.6285,-29.8136,0,0,0,0,0,0,1,0
ot,otpa353,153.2122,-29.813,0,0,0,1,0,0,0,1
ot,otpa2127,152.5105,-29.8168,0,0,0,0,0,0,1,0
ot,otpa100,152.1141,-29.8184,0,0,0,0,0,0,0,0
ot,otpa2152,153.2546,-29.8184,0,0,0,0,0,1,0,0
ot,otpa2212,152.6502,-29.8191,0,0,0,0,0,0,1,0
ot,otpa65,152.6523,-29.8191,0,0,0,0,0,0,1,0
ot,otpa1923,153.2815,-29.8192,0,0,0,0,0,0,0,0
ot,otpa688,153.2825,-29.8192,0,0,0,1,0,0,0,0
ot,otpa1142,153.2836,-29.8192,0,0,0,1,0,0,0,0
ot,otpa1304,152.6222,-29.8208,0,0,0,0,0,1,1,0
ot,otpa1719,153.2846,-29.8228,0,0,0,0,0,0,0,0
ot,otpa667,153.236,-29.8238,0,0,0,0,0,1,0,0
ot,otpa1639,153.2463,-29.8238,0,0,0,0,0,0,0,0
ot,otpa1152,152.6243,-29.8262,0,0,0,0,0,0,1,0
ot,otpa1216,152.1006,-29.8264,1,0,0,0,0,0,0,0
ot,otpa1699,152.1047,-29.8264,0,0,0,0,0,0,0,0
ot,otpa1604,152.0871,-29.8272,1,0,0,0,0,0,0,0
ot,otpa859,152.2072,-29.828,1,0,0,0,0,0,0,0
ot,otpa2163,153.0621,-29.8276,0,0,0,0,0,0,0,0
ot,otpa12,152.1006,-29.8291,0,0,0,0,0,0,0,0
ot,otpa425,153.1915,-29.8293,0,0,0,0,0,1,0,0
ot,otpa109,152.2118,-29.8304,1,0,0,0,0,0,0,0
ot,otpa1764,153.2412,-29.8301,0,0,0,0,0,1,1,0
ot,otpa924,153.059,-29.8322,0,0,0,0,0,0,0,0
ot,otpa1076,152.0819,-29.8326,1,0,0,0,0,0,0,0
ot,otpa1841,152.6584,-29.8335,0,0,0,0,0,0,1,0
ot,otpa1546,152.6532,-29.8344,0,0,0,0,0,0,0,0
ot,otpa1302,152.6429,-29.8353,0,0,0,0,0,0,1,0
ot,otpa942,153.1656,-29.8357,0,0,0,0,0,0,0,1
ot,otpa321,153.2495,-29.8355,0,0,0,0,0,0,0,0
ot,otpa124,152.2262,-29.8371,0,0,0,0,0,0,0,0
ot,otpa1175,152.0725,-29.8388,1,0,0,0,0,0,0,0
ot,otpa577,152.2143,-29.8398,1,0,0,0,0,0,0,0
ot,otpa102,152.4151,-29.8426,0,0,0,0,0,0,1,0
ot,otpa264,152.2308,-29.8462,1,0,0,0,0,0,0,0
ot,otpa876,152.2588,-29.8472,0,0,0,0,0,0,0,1
ot,otpa1695,152.2244,-29.849,1,0,0,0,0,0,0,0
ot,otpa1812,152.2114,-29.8498,1,0,0,0,0,0,0,0
ot,otpa729,153.2568,-29.8527,0,0,0,0,0,1,0,0
ot,otpa735,152.2598,-29.8536,0,0,0,0,0,0,1,1
ot,otpa1291,152.2155,-29.856,1,0,0,0,0,0,0,0
ot,otpa2056,152.1966,-29.8582,1,0,0,0,0,0,0,0
ot,otpa97,152.2202,-29.8585,0,0,0,0,0,0,0,0
ot,otpa165,153.145,-29.8583,0,0,0,0,0,1,1,0
ot,otpa2019,152.2173,-29.8594,0,0,0,0,0,0,0,0
ot,otpa1793,152.1997,-29.8613,1,0,0,0,0,0,0,0
ot,otpa1088,152.6769,-29.8688,0,0,0,0,0,0,1,1
ot,otpa191,152.678,-29.8697,0,0,0,0,0,0,1,0
ot,otpa1049,152.1409,-29.8709,1,0,0,0,0,0,0,0
ot,otpa629,152.4512,-29.8725,0,0,0,0,0,1,1,0
ot,otpa904,152.1705,-29.8756,1,0,0,0,0,0,0,0
ot,otpa1613,152.4512,-29.8762,0,0,0,0,0,0,1,0
ot,otpa1647,152.1451,-29.8792,1,0,0,0,0,0,0,0
ot,otpa508,152.3883,-29.8819,0,0,0,0,0,0,0,0
ot,otpa907,152.1356,-29.8832,1,0,0,0,0,0,0,0
ot,otpa176,152.4532,-29.8834,0,0,0,0,0,0,0,0
ot,otpa1694,153.0611,-29.8863,0,0,0,0,0,0,0,0
ot,otpa1083,152.143,-29.8894,0,0,0,0,0,0,0,0
ot,otpa479,152.3437,-29.8907,0,0,0,0,0,0,0,0
ot,otpa1131,152.3827,-29.8943,0,0,0,0,0,0,0,1
ot,otpa84,152.3618,-29.8952,0,0,0,0,0,0,1,0
ot,otpa1362,152.3941,-29.8955,0,0,0,0,0,0,1,0
ot,otpa356,153.1543,-29.9007,0,0,0,1,0,1,0,0
ot,otpa341,152.4665,-29.9051,0,0,0,0,0,0,1,0
ot,otpa1584,152.1796,-29.9059,1,0,0,0,0,0,0,0
ot,otpa787,152.3576,-29.9084,0,0,0,0,0,0,1,0
ot,otpa1800,152.3746,-29.9088,0,0,0,0,0,0,1,0
ot,otpa285,152.0677,-29.9101,0,0,0,0,0,0,0,0
ot,otpa949,152.1951,-29.91,1,0,0,0,0,0,0,0
ot,otpa1424,152.2013,-29.9101,0,0,0,0,0,0,0,1
ot,otpa13,152.342,-29.9137,0,0,0,0,0,0,1,0
ot,otpa1485,153.0829,-29.9152,0,0,0,0,0,0,0,1
ot,otpa1170,153.2694,-29.9167,0,0,0,0,0,1,0,0
ot,otpa2026,152.2021,-29.9175,0,0,0,0,0,0,0,0
ot,otpa1818,152.329,-29.9194,0,0,0,0,0,0,0,0
ot,otpa1486,152.5887,-29.9209,0,0,0,0,0,0,0,0
ot,otpa257,153.2569,-29.9249,0,0,0,1,0,0,0,0
ot,otpa958,153.2538,-29.9258,0,0,0,1,0,0,0,1
ot,otpa1198,152.5193,-29.9261,0,0,0,0,0,0,0,0
ot,otpa1410,152.096,-29.9276,1,0,0,0,0,0,0,0
ot,otpa846,152.3323,-29.9279,0,0,0,0,0,0,0,0
ot,otpa237,152.4053,-29.9337,0,0,0,0,0,0,1,0
ot,otpa448,152.4073,-29.9337,0,0,0,0,0,1,1,0
ot,otpa1178,152.3035,-29.9343,0,0,0,0,0,0,0,0
ot,otpa2177,152.399,-29.9355,0,0,0,0,0,0,1,0
ot,otpa1475,152.4032,-29.9355,0,0,0,0,0,0,1,0
ot,otpa194,152.3418,-29.9367,0,0,0,0,0,0,0,0
ot,otpa383,152.4011,-29.9373,0,0,0,0,0,0,0,0
ot,otpa1805,152.5534,-29.937,0,0,0,0,0,0,1,0
ot,otpa1378,152.325,-29.9385,1,0,0,0,0,0,0,0
ot,otpa156,152.1472,-29.9395,1,0,0,0,0,0,0,1
ot,otpa247,152.1679,-29.9414,0,0,0,0,0,0,0,1
ot,otpa2204,152.3125,-29.9425,1,0,0,0,0,0,0,0
ot,otpa478,152.3356,-29.9426,0,0,0,0,0,0,0,0
ot,otpa1082,152.5575,-29.9469,0,0,0,0,0,0,0,0
ot,otpa2155,152.5295,-29.9477,0,0,0,0,0,0,0,0
ot,otpa1859,152.3223,-29.9496,1,0,0,0,0,0,0,0
ot,otpa1496,153.2311,-29.9502,0,0,0,1,0,0,0,1
ot,otpa429,152.0894,-29.951,1,0,0,0,0,0,0,0
ot,otpa2061,152.3088,-29.9504,0,0,0,0,0,0,1,0
ot,otpa2041,153.2301,-29.952,0,0,0,0,0,0,1,0
ot,otpa832,153.2487,-29.952,0,0,0,0,0,0,0,0
ot,otpa925,152.3057,-29.9522,1,0,0,0,0,0,0,0
ot,otpa1886,153.229,-29.9529,0,0,0,0,0,0,0,1
ot,otpa293,152.3202,-29.9532,1,0,0,0,0,0,0,0
ot,otpa1267,152.3678,-29.9552,1,0,0,0,0,1,1,0
ot,otpa1205,152.0922,-29.9563,0,0,0,0,0,0,0,0
ot,otpa337,153.2332,-29.9565,0,0,0,0,0,0,0,0
ot,otpa1527,152.3699,-29.957,1,0,0,0,0,0,1,0
ot,otpa1986,152.3222,-29.9586,0,0,0,0,0,0,0,0
ot,otpa813,152.3678,-29.9588,1,0,0,0,0,0,1,0
ot,otpa1107,152.3678,-29.9606,1,0,0,0,0,0,1,0
ot,otpa1180,152.5232,-29.964,0,0,0,0,0,0,0,0
ot,otpa1656,152.5367,-29.9649,0,0,0,0,0,0,0,0
ot,otpa863,151.9726,-29.9687,0,0,0,0,0,0,0,0
ot,otpa656,152.6144,-29.9706,0,0,0,0,0,0,0,0
ot,otpa1375,152.5729,-29.9741,0,0,0,0,0,0,0,0
ot,otpa167,152.5615,-29.9767,0,0,0,0,0,0,0,0
ot,otpa994,152.575,-29.9768,0,0,0,0,0,1,0,0
ot,otpa169,152.0992,-29.978,1,0,0,0,0,0,0,0
ot,otpa523,152.5729,-29.9777,0,0,0,0,0,0,1,0
ot,otpa276,151.9471,-29.9791,1,0,0,0,0,0,0,0
ot,otpa1677,152.5657,-29.9786,0,0,0,0,0,0,0,0
ot,otpa166,152.4029,-29.9797,0,0,0,0,0,0,0,0
ot,otpa637,152.604,-29.9796,0,0,0,0,0,0,0,0
ot,otpa555,153.2312,-29.9809,0,0,0,0,0,0,0,0
ot,otpa286,152.5646,-29.9831,0,0,0,0,0,1,1,0
ot,otpa2014,151.9167,-29.9874,0,0,0,0,0,0,0,0
ot,otpa1946,152.3303,-29.9893,0,0,0,0,0,0,0,0
ot,otpa1943,152.3324,-29.9911,0,0,0,0,0,0,0,0
ot,otpa2042,152.5749,-29.9921,0,0,0,0,0,0,0,0
ot,otpa107,151.933,-29.9941,0,0,0,0,0,0,0,0
ot,otpa1900,151.9073,-29.9946,0,1,0,0,0,0,0,0
ot,otpa987,152.3323,-29.9965,1,0,0,0,0,0,0,0
ot,otpa1093,152.3344,-29.9965,1,0,0,0,0,0,0,0
ot,otpa1973,152.6807,-29.9987,0,0,0,0,0,0,0,0
ot,otpa358,151.9329,-30.0002,0,0,0,0,0,0,0,0
ot,otpa228,152.6817,-30.0005,0,0,0,0,0,0,0,0
ot,otpa780,151.9404,-30.0012,0,0,0,0,0,0,0,0
ot,otpa1781,151.9256,-30.0042,0,1,0,0,0,0,0,0
ot,otpa322,151.9279,-30.0038,0,0,0,0,0,0,0,0
ot,otpa1577,152.3406,-30.0038,1,0,0,0,0,0,0,0
ot,otpa2156,151.9313,-30.0052,0,0,0,0,0,0,0,0
ot,otpa391,151.9391,-30.0048,1,1,0,0,0,0,0,0
ot,otpa633,152.5749,-30.0048,0,0,0,0,0,0,1,0
ot,otpa1942,152.3405,-30.0056,0,0,0,0,0,0,0,0
ot,otpa93,152.5749,-30.0066,0,0,0,0,0,0,1,0
ot,otpa301,152.4379,-30.0232,0,0,0,0,0,0,0,0
ot,otpa2001,152.4389,-30.0286,1,0,0,0,0,0,0,0
ot,otpa903,152.4358,-30.0295,0,0,0,0,0,0,0,0
ot,otpa1033,152.3912,-30.0302,1,0,0,0,0,0,0,0
ot,otpa2012,152.4871,-30.0299,0,0,0,0,0,0,0,0
ot,otpa1386,152.5789,-30.03,1,0,0,0,0,0,0,0
ot,otpa1441,152.4819,-30.0366,0,0,0,0,0,0,0,0
ot,otpa79,152.1039,-30.0367,0,0,0,0,0,0,0,0
ot,otpa207,152.5903,-30.0373,1,0,0,0,0,0,0,0
ot,otpa1876,152.6536,-30.0375,0,0,0,0,0,0,1,0
ot,otpa1048,152.0945,-30.0384,0,0,0,0,1,0,0,0
ot,otpa843,152.0987,-30.0385,0,0,0,0,1,0,0,0
ot,otpa947,151.8933,-30.0396,0,0,0,0,0,0,0,0
ot,otpa1189,152.4801,-30.0402,0,0,0,0,0,0,0,0
ot,otpa900,152.2086,-30.041,0,0,0,0,1,0,0,0
ot,otpa2069,152.4057,-30.0411,1,0,0,0,0,0,0,0
ot,otpa1773,152.1982,-30.0454,0,0,0,0,1,0,0,0
ot,otpa1779,153.055,-30.046,0,0,0,0,0,1,0,0
ot,otpa1341,153.0685,-30.0469,0,0,0,0,0,0,0,0
ot,otpa1794,153.0529,-30.0488,0,0,0,0,0,1,0,0
ot,otpa1795,151.8849,-30.0494,0,0,0,0,0,0,0,0
ot,otpa400,151.889,-30.0495,0,0,0,0,0,0,0,0
ot,otpa878,152.4066,-30.0546,1,0,0,0,0,0,0,0
ot,otpa92,152.4097,-30.0547,1,0,0,0,0,0,0,0
ot,otpa1655,152.4502,-30.0593,0,0,0,0,0,0,0,0
ot,otpa1657,152.4522,-30.0594,0,0,0,0,0,0,0,0
ot,otpa376,153.055,-30.0614,0,0,0,1,0,1,1,0
ot,otpa1687,152.4501,-30.0621,0,0,0,0,0,0,0,0
ot,otpa1814,152.4626,-30.0621,0,0,0,0,0,0,0,0
ot,otpa1104,152.4844,-30.0622,0,0,0,0,0,0,0,0
ot,otpa490,152.1628,-30.0632,0,0,0,0,0,0,0,0
ot,otpa1934,152.4647,-30.063,0,0,0,0,0,0,0,0
ot,otpa1578,153.0996,-30.0659,0,0,0,1,0,0,0,0
ot,otpa1453,153.1089,-30.0704,0,0,0,0,0,0,0,0
ot,otpa1264,152.4034,-30.0709,1,0,0,0,0,0,0,0
ot,otpa2077,152.4314,-30.071,1,0,0,0,0,0,0,0
ot,otpa145,153.0322,-30.0776,0,0,0,0,0,1,0,0
ot,otpa1174,153.1069,-30.0812,0,0,0,0,0,0,0,0
ot,otpa2006,152.6399,-30.0817,0,0,0,0,0,0,0,0
ot,otpa2188,152.5694,-30.0842,1,0,0,0,0,0,0,0
ot,otpa371,152.3784,-30.0888,1,0,0,0,0,0,0,0
ot,otpa1471,152.4106,-30.0899,0,0,0,0,0,0,0,0
ot,otpa946,153.1577,-30.0929,0,0,0,0,0,0,1,0
ot,otpa1641,152.4261,-30.0989,1,0,0,0,0,0,0,0
ot,otpa2100,153.0477,-30.1038,0,0,0,1,0,0,0,0
ot,otpa2185,152.7447,-30.1054,0,0,0,0,0,0,1,1
ot,otpa804,152.5205,-30.1111,0,0,0,0,0,0,0,0
ot,otpa1361,153.0519,-30.1137,0,0,0,1,0,0,0,0
ot,otpa597,153.0644,-30.1137,0,0,0,1,0,0,0,0
ot,otpa1562,152.0731,-30.1141,0,1,0,0,0,0,0,0
ot,otpa1721,153.082,-30.1155,0,0,0,0,0,0,0,0
ot,otpa1373,153.1484,-30.1155,0,0,0,0,0,0,0,0
ot,otpa2207,153.054,-30.1164,0,0,0,0,0,0,0,0
ot,otpa1470,152.7218,-30.1189,0,0,0,0,0,0,0,0
ot,otpa2104,152.8796,-30.1245,0,0,0,0,0,0,0,0
ot,otpa717,152.727,-30.1252,0,0,0,0,0,0,0,0
ot,otpa121,152.7363,-30.1252,0,0,0,0,0,1,0,0
ot,otpa1261,152.7394,-30.1252,0,0,0,0,0,0,0,0
ot,otpa524,152.4529,-30.1306,1,0,0,0,0,0,0,0
ot,otpa2045,152.4093,-30.1314,1,0,0,0,0,0,0,0
ot,otpa664,152.7311,-30.1324,0,0,0,0,0,0,0,0
ot,otpa1640,152.7799,-30.1325,0,0,0,0,0,1,1,0
ot,otpa1720,152.4549,-30.1334,1,0,0,0,0,0,0,0
ot,otpa2221,152.4487,-30.1342,0,0,0,0,0,0,0,0
ot,otpa1084,152.9626,-30.1345,0,0,0,0,0,0,1,0
ot,otpa1491,152.8889,-30.1353,0,0,0,0,0,0,0,0
ot,otpa2137,152.4539,-30.1361,1,0,0,0,0,0,0,0
ot,otpa1669,151.9659,-30.1376,0,0,0,0,0,0,0,0
ot,otpa918,152.457,-30.1388,0,0,0,0,0,0,0,0
ot,otpa1847,152.9014,-30.139,0,0,0,0,0,0,0,0
ot,otpa2162,152.7145,-30.1405,0,0,0,0,0,1,1,0
ot,otpa1092,152.7955,-30.1407,0,0,0,0,0,0,0,0
ot,otpa613,152.6532,-30.1431,1,0,0,0,0,0,0,0
ot,otpa1374,152.9522,-30.1435,0,0,0,1,0,0,1,0
ot,otpa595,152.4393,-30.1441,1,0,0,0,0,0,0,0
ot,otpa1692,152.4559,-30.1451,1,0,0,0,0,0,0,0
ot,otpa2128,152.7986,-30.1452,0,0,0,0,0,0,0,0
ot,otpa1450,152.6988,-30.1612,0,0,0,0,0,0,0,0
ot,otpa1183,152.9626,-30.1643,0,0,0,0,0,0,1,0
ot,otpa1823,153.0395,-30.1652,0,0,0,0,0,0,0,0
ot,otpa91,153.054,-30.1661,0,0,0,0,0,0,0,0
ot,otpa260,153.1194,-30.1678,0,0,0,0,0,0,0,0
ot,otpa2126,152.4142,-30.1684,1,0,0,0,0,0,0,0
ot,otpa1397,152.7071,-30.1694,0,0,0,0,0,1,0,0
ot,otpa1034,153.0395,-30.1697,0,0,0,0,0,0,1,0
ot,otpa2105,152.9647,-30.1751,0,0,0,0,0,0,0,0
ot,otpa2200,152.7237,-30.1784,0,0,0,0,0,0,0,0
ot,otpa45,152.7403,-30.1803,0,0,0,0,0,0,0,0
ot,otpa1195,152.7029,-30.1865,1,0,0,0,0,0,0,0
ot,otpa403,152.6863,-30.1892,1,0,0,0,0,0,0,0
ot,otpa338,152.6915,-30.1937,1,0,0,0,0,0,0,0
ot,otpa1625,152.4369,-30.1965,1,0,0,0,0,0,0,0
ot,otpa441,152.6779,-30.1964,0,0,0,0,0,0,0,0
ot,otpa386,152.8587,-30.1967,0,0,0,0,0,0,0,0
ot,otpa917,152.4431,-30.1992,1,0,0,0,0,0,0,0
ot,otpa101,152.6914,-30.2027,1,0,0,0,0,0,0,0
ot,otpa1171,152.7444,-30.2028,0,0,0,0,0,0,0,0
ot,otpa340,152.4389,-30.2082,0,0,0,0,0,0,0,0
ot,otpa1882,152.6665,-30.2153,0,0,0,0,0,0,0,0
ot,otpa1774,152.4378,-30.2181,0,1,0,0,0,0,0,0
ot,otpa1311,152.443,-30.2208,0,0,0,0,0,0,0,0
ot,otpa1440,152.4523,-30.2281,1,0,0,0,0,0,0,0
ot,otpa526,152.6654,-30.2279,1,0,0,0,0,0,0,0
ot,otpa1705,152.8046,-30.2282,0,0,0,0,0,0,0,0
ot,otpa2087,152.8161,-30.2291,0,0,0,0,0,0,0,0
ot,otpa78,152.4513,-30.2335,0,0,0,0,0,0,0,0
ot,otpa768,152.4523,-30.2353,1,0,0,0,0,0,0,0
ot,otpa94,151.6878,-30.2849,0,0,0,0,0,0,0,0
ot,otpa1022,152.7941,-30.2977,0,0,0,0,0,0,0,0
ot,otpa2094,152.8793,-30.314,0,0,0,0,0,0,0,0
ot,otpa2147,152.8752,-30.3176,0,0,0,0,0,0,0,0
ot,otpa1146,152.8773,-30.3176,0,0,0,0,0,0,0,0
ot,otpa1122,151.6768,-30.3299,0,0,0,0,0,0,0,0
ot,otpa2135,152.8793,-30.3573,0,0,0,0,0,0,0,0
ot,otpa423,152.0031,-30.3581,0,0,0,0,1,0,0,0
ot,otpa1120,152.8814,-30.3591,0,0,0,0,0,1,0,0
ot,otpa98,152.8835,-30.3591,0,0,0,0,0,1,0,0
ot,otpa416,153.077,-30.3682,0,0,0,1,0,0,0,0
ot,otpa2099,152.2902,-30.3762,1,0,0,0,0,0,0,0
ot,otpa54,152.9271,-30.379,0,0,0,0,0,1,0,0
ot,otpa1936,152.9292,-30.379,0,0,0,0,0,0,0,0
ot,otpa442,152.9407,-30.3799,0,0,0,0,0,1,0,0
ot,otpa712,152.9271,-30.3808,0,0,0,0,0,1,0,0
ot,otpa2173,152.286,-30.3816,0,0,0,0,0,0,0,0
ot,otpa1809,152.8293,-30.3825,0,0,0,0,0,1,0,0
ot,otpa1753,152.9271,-30.3826,0,0,0,0,0,1,0,0
ot,otpa779,152.262,-30.3833,0,1,0,0,0,0,0,0
ot,otpa449,152.8314,-30.3844,0,0,0,0,0,1,0,0
ot,otpa1500,152.9355,-30.3854,0,0,0,0,0,1,0,0
ot,otpa58,152.7481,-30.3987,0,0,0,0,0,1,0,0
ot,otpa447,152.9355,-30.3989,0,0,0,0,0,1,0,0
ot,otpa465,152.9375,-30.3989,0,0,0,0,0,1,0,0
ot,otpa2081,152.9396,-30.3989,0,0,0,0,0,1,0,0
ot,otpa1785,153.05,-30.3989,0,0,0,0,0,0,0,0
ot,otpa1007,153.0708,-30.3989,0,0,0,0,0,1,0,0
ot,otpa142,152.2671,-30.4005,1,0,0,0,0,0,0,0
ot,otpa1215,152.8876,-30.4007,0,0,0,0,0,1,0,0
ot,otpa1387,152.9396,-30.4007,0,0,0,0,0,1,0,0
ot,otpa709,152.2609,-30.4022,0,0,0,0,0,0,0,0
ot,otpa271,152.2629,-30.4022,0,0,0,0,0,0,0,0
ot,otpa773,152.265,-30.4022,0,0,0,0,0,0,0,0
ot,otpa74,152.771,-30.4023,0,0,0,0,0,0,0,0
ot,otpa2130,152.7731,-30.4023,0,0,0,0,0,0,0,0
ot,otpa999,152.8313,-30.4024,0,0,0,0,0,1,0,0
ot,otpa1872,152.8876,-30.4025,0,0,0,0,0,1,0,0
ot,otpa299,152.1568,-30.4034,0,0,0,0,0,0,0,0
ot,otpa179,152.1588,-30.4034,0,0,0,0,0,0,0,0
ot,otpa641,152.8293,-30.4042,0,0,0,0,0,1,0,0
ot,otpa141,152.8313,-30.4042,0,0,0,0,0,1,0,0
ot,otpa585,152.8876,-30.4043,0,0,0,0,0,1,0,0
ot,otpa1326,152.1567,-30.4052,0,0,0,0,0,0,0,0
ot,otpa439,152.8876,-30.4061,0,0,0,0,0,0,0,0
ot,otpa806,152.2962,-30.4114,0,0,0,0,0,0,0,0
ot,otpa435,152.3024,-30.4115,0,0,0,0,0,0,0,0
ot,otpa955,153.0187,-30.4115,0,0,0,0,0,1,0,0
ot,otpa1564,152.7543,-30.4131,0,0,0,0,0,1,0,0
ot,otpa888,152.7647,-30.4131,0,0,0,0,0,1,0,0
ot,otpa1697,152.7668,-30.4131,0,0,0,0,0,1,0,0
ot,otpa967,153.0167,-30.4133,0,0,0,0,0,0,0,0
ot,otpa484,152.7626,-30.4149,0,0,0,0,0,1,0,0
ot,otpa819,152.9479,-30.4151,0,0,0,0,0,1,0,0
ot,otpa197,153.0167,-30.4151,0,0,0,0,0,0,0,0
ot,otpa776,152.9459,-30.4169,0,0,0,0,0,1,0,0
ot,otpa1400,152.9521,-30.4169,0,0,0,0,0,0,0,0
ot,otpa481,153.0167,-30.4188,0,0,0,0,0,0,0,0
ot,otpa267,152.2461,-30.422,0,0,0,0,0,0,0,0
ot,otpa80,152.6481,-30.4219,0,0,0,0,0,1,0,0
ot,otpa302,152.6491,-30.4219,0,0,0,0,0,1,0,0
ot,otpa1268,152.244,-30.4256,0,0,0,0,0,0,0,0
ot,otpa1589,152.2524,-30.4256,0,0,0,0,0,0,0,0
ot,otpa801,152.824,-30.4259,0,0,0,0,0,1,0,0
ot,otpa516,152.169,-30.4269,1,0,0,0,0,0,0,0
ot,otpa1299,152.169,-30.4287,1,0,0,0,1,0,0,0
ot,otpa1492,152.8792,-30.4295,0,0,0,0,0,1,0,0
ot,otpa1388,152.1669,-30.4305,1,0,0,0,0,0,0,0
ot,otpa1855,152.6491,-30.43,0,0,0,0,0,0,0,0
ot,otpa230,152.8261,-30.4304,0,0,0,0,0,1,0,0
ot,otpa1200,152.9458,-30.4314,0,0,0,0,0,0,0,0
ot,otpa189,152.8105,-30.4322,0,0,0,0,0,1,1,0
ot,otpa473,152.8271,-30.4322,0,0,0,0,0,1,0,0
ot,otpa1654,152.2492,-30.4328,0,0,0,0,0,0,0,0
ot,otpa1783,152.9458,-30.4332,0,0,0,0,0,0,0,0
ot,otpa546,152.9458,-30.435,0,0,0,0,0,1,0,0
ot,otpa914,153.0708,-30.435,0,0,0,0,0,0,0,0
ot,otpa1848,152.6709,-30.4418,0,0,0,0,0,1,0,0
ot,otpa840,152.6719,-30.4436,0,0,0,0,0,0,0,0
ot,otpa647,152.273,-30.4456,0,0,0,0,0,0,0,0
ot,otpa596,152.2491,-30.4464,0,0,0,0,0,0,0,0
ot,otpa1411,152.273,-30.4474,0,0,0,0,0,0,0,0
ot,otpa968,152.2751,-30.4474,0,0,0,0,0,0,0,0
ot,otpa181,152.9333,-30.4566,0,0,0,0,0,1,0,0
ot,otpa772,152.9333,-30.4584,0,0,0,0,0,1,0,0
ot,otpa1948,152.9333,-30.4602,0,0,0,0,0,1,0,0
ot,otpa1,152.9354,-30.4602,0,0,0,0,0,1,0,0
ot,otpa2086,152.9812,-30.4675,0,0,0,0,0,0,0,0
ot,otpa438,152.3145,-30.4693,0,0,1,0,0,0,0,0
ot,otpa1462,152.3145,-30.4711,0,0,1,0,0,0,0,0
ot,otpa460,152.6958,-30.4725,0,0,0,0,0,0,0,0
ot,otpa665,152.3145,-30.4729,0,0,1,0,0,0,0,0
ot,otpa1194,152.5781,-30.474,0,0,0,0,0,1,1,0
ot,otpa1955,152.3166,-30.4747,0,1,0,0,0,0,0,0
ot,otpa1748,152.6468,-30.476,1,0,0,0,0,1,1,0
ot,otpa1206,152.3103,-30.4783,0,0,1,0,0,0,0,0
ot,otpa778,152.6405,-30.4832,0,0,0,0,0,0,0,0
ot,otpa1563,152.5645,-30.4839,0,0,0,0,0,0,0,0
ot,otpa2199,152.6322,-30.4859,0,0,0,0,0,0,0,0
ot,otpa1875,152.403,-30.4896,0,0,0,0,0,0,0,0
ot,otpa1792,152.4061,-30.4896,0,0,0,0,0,0,0,0
ot,otpa57,152.2727,-30.4907,1,0,0,0,0,0,0,0
ot,otpa95,152.3383,-30.4911,0,0,1,0,0,0,0,0
ot,otpa1245,152.1977,-30.4921,0,0,0,0,0,0,0,0
ot,otpa498,152.2727,-30.4925,1,0,0,0,0,0,0,0
ot,otpa146,152.5988,-30.4921,0,0,0,0,0,0,0,0
ot,otpa170,152.5655,-30.4929,0,0,0,0,0,1,1,0
ot,otpa1931,152.5665,-30.4929,0,0,0,0,0,1,0,0
ot,otpa2109,152.1977,-30.4939,0,0,0,0,0,0,0,0
ot,otpa1969,152.2643,-30.4943,0,0,0,0,0,0,0,0
ot,otpa643,152.2664,-30.4943,0,0,0,0,0,0,0,0
ot,otpa60,152.1956,-30.4957,0,1,0,0,0,0,0,0
ot,otpa42,152.2622,-30.4979,0,0,0,0,0,0,0,0
ot,otpa742,152.3977,-30.4986,0,0,1,0,0,0,0,0
ot,otpa615,152.3987,-30.4986,0,0,1,0,0,0,0,0
ot,otpa315,152.3935,-30.5004,0,0,0,0,0,0,0,0
ot,otpa1957,152.3998,-30.5004,0,0,1,0,0,0,0,0
ot,otpa757,152.4008,-30.5022,0,0,0,0,0,0,0,0
ot,otpa1988,152.3872,-30.5057,0,0,1,0,0,0,0,0
ot,otpa1121,151.7577,-30.5166,0,0,0,0,1,0,0,0
ot,otpa1610,152.3517,-30.5164,0,0,1,0,0,0,0,0
ot,otpa334,152.3538,-30.5164,0,0,1,0,0,0,0,0
ot,otpa17,152.3559,-30.5164,0,0,1,0,0,0,0,0
ot,otpa2018,151.7556,-30.5175,0,0,0,0,1,0,0,0
ot,otpa1866,152.3892,-30.5184,0,0,0,0,0,0,0,0
ot,otpa373,152.9594,-30.5189,0,0,0,1,0,0,0,0
ot,otpa1106,152.3308,-30.5199,0,0,0,0,0,0,0,0
ot,otpa1447,152.3538,-30.52,0,0,1,0,0,0,0,0
ot,otpa1119,152.2996,-30.5216,0,0,0,0,0,0,0,0
ot,otpa941,152.3287,-30.5235,1,0,0,0,0,0,0,0
ot,otpa970,152.2975,-30.5251,0,0,0,0,0,0,0,0
ot,otpa2182,152.3037,-30.527,1,0,0,0,0,0,0,0
ot,otpa1259,152.3016,-30.5288,1,0,0,0,0,0,0,0
ot,otpa1196,152.3287,-30.5289,0,0,0,0,0,0,0,0
ot,otpa1008,152.9864,-30.5288,0,0,0,0,0,1,0,0
ot,otpa1895,152.312,-30.5306,1,0,0,0,0,0,0,0
ot,otpa1498,152.2974,-30.5378,1,0,0,0,0,0,0,0
ot,otpa1382,152.5392,-30.5425,1,0,0,0,0,0,0,0
ot,otpa1998,152.5413,-30.5425,1,0,0,0,0,0,0,0
ot,otpa1395,152.9354,-30.5433,0,0,0,0,0,1,0,0
ot,otpa961,152.0283,-30.5451,0,0,0,0,0,0,0,0
ot,otpa1829,152.3328,-30.5452,1,0,0,0,0,0,0,0
ot,otpa574,152.0283,-30.546,0,0,0,0,1,0,0,0
ot,otpa1265,152.5308,-30.5461,1,0,0,0,0,0,0,0
ot,otpa49,152.3327,-30.547,1,0,0,0,0,0,0,0
ot,otpa1225,152.3348,-30.547,1,0,0,0,0,0,0,0
ot,otpa2158,152.5287,-30.5478,1,0,0,0,0,0,0,0
ot,otpa330,152.5412,-30.5497,0,0,0,0,0,0,0,0
ot,otpa2219,152.5767,-30.5516,0,0,0,0,0,1,0,0
ot,otpa314,152.5788,-30.5516,0,0,0,0,0,1,0,0
ot,otpa1045,152.5371,-30.5533,1,0,0,0,0,0,0,0
ot,otpa240,152.5391,-30.5533,1,0,0,0,0,0,0,0
ot,otpa318,152.5788,-30.5534,0,0,0,0,0,1,0,0
ot,otpa397,152.5861,-30.5544,0,0,0,0,0,1,0,0
ot,otpa548,152.5892,-30.5553,0,0,0,0,0,1,0,0
ot,otpa1101,152.5892,-30.5571,0,0,0,0,0,1,0,0
ot,otpa1768,152.3201,-30.5632,1,0,0,0,0,0,0,0
ot,otpa626,152.3264,-30.5632,1,0,0,0,0,0,0,0
ot,otpa2092,152.3285,-30.5632,1,0,0,0,0,0,0,0
ot,otpa858,152.513,-30.564,0,0,0,0,0,0,0,0
ot,otpa1173,152.3222,-30.565,1,0,0,0,0,0,0,0
ot,otpa2111,152.3347,-30.5669,1,0,0,0,0,0,0,0
ot,otpa1777,152.3368,-30.5669,1,0,0,0,0,0,0,0
ot,otpa621,152.3389,-30.5669,1,0,0,0,0,0,0,0
ot,otpa9,152.5505,-30.5687,0,0,0,0,0,1,0,0
ot,otpa443,152.3027,-30.5879,1,0,0,0,0,0,0,0
ot,otpa558,152.903,-30.592,0,0,0,0,0,1,0,0
ot,otpa485,152.6307,-30.5933,0,0,0,0,0,0,0,0
ot,otpa1226,152.6328,-30.5933,0,0,0,0,0,0,0,0
ot,otpa549,152.6057,-30.595,0,0,0,0,0,0,0,0
ot,otpa1749,152.6224,-30.5951,0,0,0,0,0,0,0,0
ot,otpa89,152.6245,-30.5951,0,0,0,0,0,0,0,0
ot,otpa1029,152.6266,-30.5951,0,0,0,0,0,0,0,0
ot,otpa509,152.3157,-30.5956,0,0,0,0,0,0,0,0
ot,otpa476,152.8853,-30.5956,0,0,0,1,0,0,1,0
ot,otpa966,152.6015,-30.5968,0,0,0,0,0,0,0,0
ot,otpa1622,152.6036,-30.5968,0,0,0,0,0,0,0,0
ot,otpa848,152.6057,-30.5986,0,0,0,0,0,0,0,0
ot,otpa2153,151.7994,-30.5991,0,0,0,0,0,0,0,0
ot,otpa1472,152.3166,-30.6128,1,0,0,0,0,0,0,0
ot,otpa952,152.0277,-30.6136,0,0,0,0,1,0,0,0
ot,otpa847,152.7204,-30.6224,0,0,0,0,0,1,0,0
ot,otpa1439,152.1882,-30.6247,1,0,0,0,0,0,0,0
ot,otpa1455,152.7183,-30.6242,0,0,0,0,0,1,0,0
ot,otpa1796,152.3311,-30.6304,1,0,0,0,0,0,0,0
ot,otpa202,151.9899,-30.635,0,0,0,0,0,0,0,0
ot,otpa1995,152.4725,-30.6356,0,0,0,0,0,0,0,0
ot,otpa486,152.6097,-30.6384,0,0,0,0,0,0,0,0
ot,otpa754,152.6118,-30.6402,0,0,0,0,0,1,0,0
ot,otpa2149,152.6118,-30.6438,0,0,0,0,0,0,0,0
ot,otpa590,152.618,-30.6456,0,0,0,0,0,1,0,0
ot,otpa2021,152.6201,-30.6456,0,0,0,0,0,1,0,0
ot,otpa2121,151.7122,-30.647,0,0,0,0,0,0,0,0
ot,otpa1927,152.6201,-30.6474,0,0,0,0,0,1,0,0
ot,otpa1333,152.3373,-30.6512,1,0,0,0,0,0,0,0
ot,otpa685,152.5867,-30.6527,0,0,0,0,0,1,0,0
ot,otpa901,151.9417,-30.6545,0,0,0,0,0,0,0,0
ot,otpa297,152.5867,-30.6545,0,0,0,0,0,1,0,0
ot,otpa2083,152.5867,-30.6563,0,0,0,0,0,1,0,0
ot,otpa572,152.0711,-30.6573,0,0,0,0,0,0,0,0
ot,otpa816,152.5387,-30.658,0,0,0,0,0,0,0,0
ot,otpa1592,152.5386,-30.6598,0,0,0,0,0,1,0,0
ot,otpa2169,152.5386,-30.6616,0,0,0,0,0,0,0,0
ot,otpa1961,152.3351,-30.6625,1,0,0,0,0,1,1,0
ot,otpa1164,152.9718,-30.6642,0,0,0,0,0,0,0,1
ot,otpa1837,152.404,-30.6655,0,0,0,0,0,1,0,0
ot,otpa277,152.4013,-30.6673,0,0,0,0,0,1,0,0
ot,otpa1213,152.7077,-30.6675,0,0,0,0,0,0,0,0
ot,otpa380,151.7223,-30.6687,0,0,0,0,0,0,0,0
ot,otpa759,151.7244,-30.6688,0,0,0,0,0,0,0,0
ot,otpa61,151.7286,-30.6706,0,0,0,0,0,0,0,0
ot,otpa1413,151.7264,-30.6724,0,0,0,0,0,0,0,0
ot,otpa755,151.7285,-30.6724,0,0,0,0,0,0,0,0
ot,otpa913,152.3287,-30.6733,0,0,0,0,0,1,0,0
ot,otpa1612,151.7243,-30.6742,0,0,0,0,0,0,0,0
ot,otpa1306,151.9456,-30.6744,0,0,0,0,0,0,0,0
ot,otpa864,152.2504,-30.6765,0,0,0,0,0,0,1,0
ot,otpa71,152.2557,-30.6765,0,0,0,0,0,0,0,0
ot,otpa1571,152.4644,-30.6784,0,0,0,0,0,1,0,0
ot,otpa1543,152.858,-30.6804,0,0,0,0,0,1,0,0
ot,otpa214,152.8601,-30.6804,0,0,0,0,0,1,0,0
ot,otpa2186,152.8622,-30.6804,0,0,0,0,0,1,0,0
ot,otpa1343,152.8601,-30.6822,0,0,0,0,0,0,0,0
ot,otpa279,151.9747,-30.6872,1,0,0,0,0,0,0,0
ot,otpa933,152.6784,-30.6891,0,0,0,0,0,0,0,0
ot,otpa395,152.6805,-30.6909,1,0,0,0,0,0,0,0
ot,otpa1095,152.6805,-30.6927,1,0,0,0,0,0,0,0
ot,otpa1038,152.4873,-30.6939,0,0,0,0,0,1,0,0
ot,otpa899,152.5458,-30.6941,0,0,0,0,0,1,0,0
ot,otpa1932,152.4706,-30.6952,0,0,0,0,0,1,1,0
ot,otpa234,152.5562,-30.6959,0,0,0,0,0,0,0,0
ot,otpa123,152.4748,-30.6974,0,0,0,0,0,1,1,0
ot,otpa1555,152.4695,-30.6983,0,0,0,0,0,1,0,0
ot,otpa75,152.6074,-30.6979,0,0,0,0,0,1,0,0
ot,otpa222,152.6095,-30.6979,0,0,0,0,0,1,0,0
ot,otpa1817,152.5291,-30.7003,0,0,0,0,0,1,1,0
ot,otpa1437,152.6074,-30.6997,0,0,0,0,0,0,0,0
ot,otpa1318,152.5405,-30.704,0,0,0,0,0,1,0,0
ot,otpa255,151.7677,-30.7107,0,0,0,0,0,0,0,0
ot,otpa1241,151.7698,-30.7107,0,0,0,0,0,0,0,0
ot,otpa2108,151.7698,-30.7125,0,0,0,0,0,0,0,0
ot,otpa1192,152.6888,-30.7126,1,0,0,0,0,0,0,0
ot,otpa866,152.695,-30.7144,0,0,0,0,0,0,0,0
ot,otpa1631,152.0371,-30.7148,0,0,0,0,0,0,0,1
ot,otpa40,152.0412,-30.7184,0,0,0,0,0,0,0,0
ot,otpa1430,152.6094,-30.7196,0,0,0,0,0,1,0,0
ot,otpa1176,152.1853,-30.7203,0,0,0,0,0,0,1,0
ot,otpa2031,152.9206,-30.7219,0,0,0,0,0,0,0,0
ot,otpa1803,151.8657,-30.7224,0,0,0,0,0,0,0,0
ot,otpa2103,151.8741,-30.7225,0,0,0,0,0,0,0,0
ot,otpa2190,152.5989,-30.7231,0,0,0,0,0,1,1,0
ot,otpa112,152.6094,-30.7232,0,0,0,0,0,1,0,0
ot,otpa1994,152.6992,-30.7234,0,0,0,0,0,0,0,0
ot,otpa2082,152.6073,-30.725,0,0,0,0,0,1,0,0
ot,otpa986,152.6094,-30.725,0,0,0,0,0,1,0,0
ot,otpa1059,152.0015,-30.7271,1,0,0,0,0,0,0,0
ot,otpa662,152.6866,-30.7288,0,0,0,0,0,1,0,0
ot,otpa415,152.6887,-30.7288,0,0,0,0,0,1,0,0
ot,otpa1530,152.0035,-30.7308,1,0,0,0,0,0,0,0
ot,otpa316,152.6971,-30.7306,0,0,0,0,0,1,0,0
ot,otpa1481,152.6971,-30.7324,0,0,0,0,0,1,0,0
ot,otpa1435,152.9248,-30.7364,0,0,0,0,0,0,0,0
ot,otpa1689,152.9624,-30.7364,0,0,0,0,0,0,0,0
ot,otpa1393,152.9624,-30.7382,0,0,0,0,0,0,0,0
ot,otpa681,152.9206,-30.74,0,0,0,0,0,1,0,0
ot,otpa1186,152.5915,-30.743,0,0,0,0,0,0,0,0
ot,otpa1054,152.0368,-30.7455,1,0,0,0,0,0,0,1
ot,otpa1842,152.5894,-30.7493,0,0,0,0,0,1,0,0
ot,otpa1674,151.8466,-30.7547,1,0,0,0,0,0,0,0
ot,otpa1110,151.7421,-30.7556,0,0,0,0,0,0,0,0
ot,otpa35,151.7442,-30.7556,0,0,0,0,0,0,0,0
ot,otpa224,151.8465,-30.7565,0,0,0,0,0,0,0,0
ot,otpa1544,151.8423,-30.7583,0,0,0,0,0,0,0,0
ot,otpa494,152.5935,-30.7583,0,0,0,0,0,1,0,0
ot,otpa1371,151.9635,-30.7611,0,0,0,0,0,0,0,0
ot,otpa627,151.9656,-30.7629,0,0,0,0,0,0,0,0
ot,otpa1638,152.9415,-30.7635,0,0,0,0,0,0,0,1
ot,otpa817,152.9436,-30.7653,0,0,0,0,0,1,0,1
ot,otpa408,152.5946,-30.7664,0,0,0,0,0,1,0,0
ot,otpa269,152.0366,-30.7671,1,0,0,0,0,0,0,0
ot,otpa1157,152.9415,-30.7671,0,0,0,0,0,0,0,0
ot,otpa1920,152.9436,-30.7671,0,0,0,0,0,0,0,1
ot,otpa1426,152.9747,-30.768,0,0,0,0,0,1,1,0
ot,otpa1301,152.0365,-30.7707,0,0,0,0,0,0,0,0
ot,otpa812,152.9705,-30.777,0,0,0,0,0,1,1,0
ot,otpa827,152.9613,-30.7785,0,0,0,0,0,1,0,0
ot,otpa981,152.9522,-30.7788,0,0,0,0,0,0,0,0
ot,otpa686,151.8546,-30.7819,0,0,0,0,0,0,0,0
ot,otpa1350,152.9383,-30.7826,0,0,0,0,0,1,0,0
ot,otpa703,152.9251,-30.7835,0,0,0,0,0,1,0,0
ot,otpa902,151.9276,-30.7915,0,0,0,0,1,0,0,0
ot,otpa14,152.9648,-30.7939,0,0,0,0,0,1,0,0
ot,otpa1520,152.9294,-30.7966,0,0,0,0,0,0,0,0
ot,otpa243,151.9568,-30.7972,0,0,0,0,0,0,0,0
ot,otpa2123,152.8599,-30.8013,0,0,0,0,0,1,0,0
ot,otpa1556,152.9237,-30.8029,0,0,0,0,0,1,0,0
ot,otpa87,152.0404,-30.8032,0,0,0,0,0,0,0,0
ot,otpa1390,152.2223,-30.8035,1,0,0,0,0,0,0,0
ot,otpa519,152.8474,-30.8031,0,0,0,0,0,1,0,0
ot,otpa186,152.8516,-30.8031,0,0,0,0,0,0,0,0
ot,otpa1682,152.8578,-30.8031,0,0,0,0,0,0,0,0
ot,otpa1156,152.5505,-30.8042,0,0,0,0,0,1,1,0
ot,otpa1129,152.5437,-30.8087,0,0,0,0,0,0,1,0
ot,otpa818,152.9833,-30.8158,0,0,0,0,0,1,0,0
ot,otpa940,151.8333,-30.8178,0,0,0,0,0,0,0,0
ot,otpa1538,151.8374,-30.8178,0,0,0,0,0,0,0,0
ot,otpa413,151.8353,-30.8196,0,0,0,0,0,0,0,0
ot,otpa1287,152.0841,-30.8198,0,0,0,0,0,0,0,0
ot,otpa2025,152.2012,-30.8197,1,0,0,0,0,0,0,0
ot,otpa1490,152.9101,-30.8194,0,0,0,0,0,1,0,0
ot,otpa452,151.8206,-30.8303,0,0,0,0,0,0,0,0
ot,otpa296,152.0401,-30.8303,0,0,0,0,0,0,0,0
ot,otpa1064,151.8205,-30.8321,0,0,0,0,0,0,0,0
ot,otpa1161,152.0589,-30.8322,0,0,0,0,0,0,0,1
ot,otpa1845,151.8101,-30.8338,0,0,0,0,0,0,0,0
ot,otpa1635,151.8121,-30.8338,0,0,0,0,0,0,0,0
ot,otpa298,151.8163,-30.8339,0,0,0,0,0,0,0,0
ot,otpa1857,152.0568,-30.834,0,0,0,0,0,0,0,0
ot,otpa2220,152.6968,-30.8344,0,0,0,0,0,1,1,0
ot,otpa1746,152.9156,-30.8367,0,0,0,0,0,1,0,0
ot,otpa2151,152.1801,-30.8439,0,0,0,0,0,0,1,0
ot,otpa2047,152.269,-30.8467,1,0,0,0,0,0,0,0
ot,otpa440,152.1707,-30.8492,0,0,0,0,0,0,0,0
ot,otpa741,152.0629,-30.8521,0,0,0,0,0,0,0,0
ot,otpa388,152.1706,-30.8528,0,0,0,0,0,0,0,0
ot,otpa2181,152.065,-30.8557,0,0,0,0,0,0,0,0
ot,otpa333,152.908,-30.8555,0,0,0,0,0,0,0,0
ot,otpa1487,151.8893,-30.8562,0,0,0,0,0,0,0,0
ot,otpa1030,152.0629,-30.8575,0,0,0,0,1,0,0,1
ot,otpa1752,152.9121,-30.8573,0,0,0,0,0,0,0,0
ot,otpa1319,152.9268,-30.8573,0,0,0,0,0,0,0,0
ot,otpa687,152.9059,-30.8591,0,0,0,0,0,0,0,0
ot,otpa745,152.0649,-30.8611,0,0,0,0,0,0,0,0
ot,otpa450,152.908,-30.8609,0,0,0,0,0,0,0,0
ot,otpa1570,151.8882,-30.8616,1,0,0,0,0,0,0,0
ot,otpa1237,151.8913,-30.8625,1,0,0,0,0,0,0,0
ot,otpa220,152.9184,-30.8627,0,0,0,0,0,0,0,0
ot,otpa680,152.0753,-30.8702,0,0,0,0,0,0,0,0
ot,otpa707,152.0794,-30.8739,0,0,0,0,0,0,0,0
ot,otpa2022,152.7029,-30.8732,0,0,0,0,0,0,1,0
ot,otpa1495,151.8786,-30.8741,0,0,0,0,0,0,0,0
ot,otpa1420,151.8807,-30.8759,1,0,0,0,0,0,0,0
ot,otpa1889,152.2588,-30.8764,0,0,0,0,0,0,0,0
ot,otpa1018,152.954,-30.8772,0,0,0,0,0,0,0,1
ot,otpa1300,151.8702,-30.8776,1,0,0,0,0,0,0,0
ot,otpa319,151.8806,-30.8777,1,0,0,0,0,0,0,0
ot,otpa540,152.1997,-30.8783,0,0,0,0,0,0,0,0
ot,otpa2070,152.1892,-30.8787,1,0,0,0,0,0,0,0
ot,otpa1735,152.954,-30.879,0,0,0,0,0,0,0,0
ot,otpa198,151.8723,-30.8795,1,0,0,0,0,0,0,0
ot,otpa1676,151.8785,-30.8795,1,0,0,0,0,0,0,0
ot,otpa1709,151.9182,-30.8853,1,0,0,0,0,0,0,0
ot,otpa331,152.9854,-30.8862,0,0,0,0,0,1,0,0
ot,otpa2205,152.9874,-30.8862,0,0,0,0,0,1,0,0
ot,otpa1436,151.9203,-30.8871,1,0,0,0,0,0,0,0
ot,otpa1163,151.9182,-30.8889,1,0,0,0,0,0,0,0
ot,otpa1989,152.0625,-30.89,0,0,0,0,1,0,0,0
ot,otpa1118,153.0272,-30.8898,0,0,0,0,0,1,0,0
ot,otpa1149,153.0586,-30.8898,0,0,0,0,0,1,0,0
ot,otpa128,151.9014,-30.8905,1,0,0,0,0,0,0,0
ot,otpa48,152.2142,-30.891,0,0,0,0,0,0,0,0
ot,otpa1123,152.0625,-30.8918,0,0,0,0,0,0,0,0
ot,otpa1456,153.0607,-30.8916,0,0,0,0,0,0,0,0
ot,otpa1257,151.8826,-30.8922,1,0,0,0,0,0,0,0
ot,otpa518,152.0646,-30.8936,0,0,0,0,0,0,0,0
ot,otpa2097,151.96,-30.8946,1,0,0,0,0,0,0,0
ot,otpa104,152.2153,-30.8946,0,0,0,0,0,0,0,0
ot,otpa1901,152.0604,-30.8954,0,0,0,0,0,0,0,0
ot,otpa515,151.9369,-30.8963,1,0,0,0,0,0,0,0
ot,otpa2146,151.939,-30.8963,1,0,0,0,0,0,0,0
ot,otpa468,151.9453,-30.8963,1,0,0,0,0,0,0,0
ot,otpa1403,151.8762,-30.8975,0,0,0,0,0,0,0,0
ot,otpa642,151.9411,-30.8981,1,0,0,0,0,0,0,0
ot,otpa517,151.9453,-30.8981,1,0,0,0,0,0,0,0
ot,otpa1429,152.211,-30.8987,0,0,0,0,0,0,0,0
ot,otpa892,152.9623,-30.8988,0,0,0,0,0,0,0,1
ot,otpa1365,152.9874,-30.8988,0,0,0,0,0,0,0,0
ot,otpa1718,152.052,-30.9008,0,0,0,0,0,0,0,0
ot,otpa1108,151.8825,-30.9012,0,0,0,0,0,0,0,0
ot,otpa27,152.3711,-30.9018,0,0,0,0,0,0,0,0
ot,otpa431,151.9829,-30.902,0,0,0,0,0,0,0,0
ot,otpa239,153.0607,-30.9042,0,0,0,0,0,0,0,0
ot,otpa1708,153.0628,-30.9042,0,0,0,0,0,0,0,0
ot,otpa1965,152.2445,-30.9052,1,0,0,0,0,0,0,0
ot,otpa1166,152.2821,-30.9049,1,0,0,0,0,0,0,0
ot,otpa789,153.0607,-30.906,0,0,0,0,0,0,0,0
ot,otpa1741,152.37,-30.9072,0,0,0,0,0,1,0,0
ot,otpa1020,151.9828,-30.9074,1,0,0,0,0,0,0,0
ot,otpa512,152.246,-30.9097,1,0,0,0,0,0,0,0
ot,otpa1652,151.8803,-30.9102,1,0,0,0,0,0,0,0
ot,otpa1630,152.1544,-30.9105,0,0,0,0,0,0,0,0
ot,otpa495,152.2423,-30.9115,1,0,0,0,0,0,0,0
ot,otpa1615,152.2601,-30.9116,1,0,0,0,0,0,0,0
ot,otpa238,153.0753,-30.9114,0,0,0,0,0,1,0,0
ot,otpa831,152.1649,-30.9124,0,0,0,0,0,0,0,0
ot,otpa705,151.8488,-30.9135,1,0,0,0,0,0,0,0
ot,otpa934,153.0754,-30.9132,0,0,0,0,0,1,0,0
ot,otpa185,151.8488,-30.9153,1,0,0,0,0,0,0,0
ot,otpa1143,152.3679,-30.9162,1,0,0,0,0,0,0,0
ot,otpa2131,151.8467,-30.9171,1,0,0,0,0,0,0,0
ot,otpa1671,152.0016,-30.9166,0,0,0,0,0,0,0,0
ot,otpa188,151.8509,-30.9172,1,0,0,0,0,0,0,0
ot,otpa796,152.146,-30.9177,0,0,0,0,0,0,0,0
ot,otpa282,151.8467,-30.9189,0,0,0,0,0,0,0,0
ot,otpa1026,152.0015,-30.9202,0,0,0,0,0,0,0,0
ot,otpa568,152.0622,-30.9225,1,0,0,0,0,0,0,0
ot,otpa592,151.8717,-30.9228,1,0,0,0,0,0,0,0
ot,otpa1715,152.0915,-30.9227,0,0,0,0,0,0,0,0
ot,otpa304,152.3909,-30.9226,0,0,0,0,0,0,0,0
ot,otpa982,152.079,-30.9244,1,0,0,0,0,0,0,0
ot,otpa2112,152.081,-30.9244,0,0,0,0,0,0,0,0
ot,otpa1696,152.7901,-30.9248,0,0,0,0,0,0,1,0
ot,otpa86,151.8319,-30.926,0,0,0,0,0,0,0,0
ot,otpa587,151.9952,-30.9256,0,0,0,0,0,0,0,0
ot,otpa624,152.0768,-30.9262,1,0,0,0,0,0,0,0
ot,otpa1751,152.0873,-30.9263,0,0,0,0,0,0,0,0
ot,otpa1359,152.3835,-30.9289,0,0,0,0,0,0,0,0
ot,otpa2004,151.9889,-30.931,0,0,0,0,0,0,0,1
ot,otpa602,151.9805,-30.9327,0,0,0,0,0,0,0,0
ot,otpa552,151.9847,-30.9327,0,0,0,0,0,0,0,0
ot,otpa434,152.104,-30.9336,1,0,0,0,0,0,0,0
ot,otpa1713,152.1249,-30.9356,1,0,0,0,0,0,0,0
ot,otpa834,152.0558,-30.9387,1,0,0,0,0,0,0,0
ot,otpa797,152.0579,-30.9387,1,0,0,0,0,0,0,0
ot,otpa1477,152.0621,-30.9387,1,0,0,0,0,0,0,0
ot,otpa2148,152.06,-30.9405,0,0,0,0,0,0,0,0
ot,otpa1141,152.0599,-30.9477,0,0,0,0,0,0,0,0
ot,otpa915,151.9657,-30.9488,0,0,0,0,0,0,0,0
ot,otpa1014,152.3875,-30.9542,1,0,0,0,0,0,0,1
ot,otpa1558,152.3828,-30.956,1,0,0,0,0,0,1,1
ot,otpa451,151.9572,-30.9578,0,0,0,0,0,0,0,0
ot,otpa979,152.3655,-30.9586,0,0,0,0,0,0,0,0
ot,otpa2206,152.0242,-30.9601,0,0,0,0,0,0,0,0
ot,otpa684,152.0305,-30.9601,0,0,0,0,0,0,0,0
ot,otpa1094,152.0367,-30.9602,0,0,0,0,0,0,0,0
ot,otpa381,152.1142,-30.9607,1,0,0,0,0,0,0,0
ot,otpa1567,152.3786,-30.9609,0,0,0,0,0,1,0,0
ot,otpa873,152.0137,-30.9618,0,0,0,0,0,0,0,0
ot,otpa1788,152.3917,-30.9624,0,0,0,0,0,0,0,0
ot,otpa352,152.0179,-30.9637,0,0,0,0,0,0,0,0
ot,otpa581,152.3765,-30.9641,0,0,0,0,0,1,0,0
ot,otpa19,152.3895,-30.965,0,0,0,0,0,0,0,0
ot,otpa608,152.1121,-30.9661,0,0,0,0,0,0,0,0
ot,otpa1353,151.955,-30.9668,1,0,0,0,0,0,0,0
ot,otpa1971,152.0052,-30.969,0,0,0,0,0,0,0,0
ot,otpa1921,151.9885,-30.9707,0,0,0,0,0,0,0,0
ot,otpa36,151.9906,-30.9707,0,0,0,0,0,0,0,0
ot,otpa1776,152.0052,-30.9708,0,0,0,0,0,0,0,0
ot,otpa280,151.9863,-30.9724,0,0,0,0,0,1,0,0
ot,otpa1232,151.9905,-30.9725,0,0,0,0,0,0,0,0
ot,otpa1389,152.0052,-30.9726,0,0,0,0,0,0,0,0
ot,otpa180,152.0073,-30.9726,0,0,0,0,0,0,0,0
ot,otpa2,152.0094,-30.9726,0,0,0,0,0,0,0,0
ot,otpa1085,151.9884,-30.9743,0,0,0,0,0,0,0,0
ot,otpa1761,152.0073,-30.9744,0,0,0,0,0,0,0,0
ot,otpa313,151.9821,-30.976,0,0,0,0,0,0,0,0
ot,otpa620,152.0575,-30.9766,1,0,0,0,0,0,0,0
ot,otpa1684,151.98,-30.9778,0,0,0,0,0,0,0,0
ot,otpa24,151.9842,-30.9778,0,0,0,0,0,0,0,0
ot,otpa553,151.9674,-30.9795,0,0,0,0,0,0,0,0
ot,otpa1209,151.9695,-30.9795,0,0,0,0,0,0,0,0
ot,otpa956,151.9632,-30.9813,0,0,0,0,0,0,0,0
ot,otpa268,151.9653,-30.9813,0,0,0,0,0,0,0,0
ot,otpa1465,151.9695,-30.9813,0,0,0,0,0,0,0,0
ot,otpa985,151.9946,-30.9833,0,0,0,0,0,0,0,0
ot,otpa2016,151.9674,-30.9849,1,0,0,0,0,0,0,0
ot,otpa906,152.5171,-31.0017,0,0,0,0,0,1,0,0
ot,otpa1248,152.5244,-31.0071,0,0,0,0,0,0,0,0
ot,otpa808,152.5432,-31.0194,0,0,0,0,0,0,1,0
ot,otpa1690,152.1681,-31.0207,1,0,0,0,0,0,0,0
ot,otpa2063,152.3064,-31.026,1,0,0,0,0,0,0,0
ot,otpa1935,152.5295,-31.0441,0,0,0,0,0,0,1,0
ot,otpa1686,152.1842,-31.046,1,0,0,0,0,0,0,0
ot,otpa1062,151.8136,-31.0522,0,0,0,0,0,0,0,0
ot,otpa815,152.0566,-31.065,0,0,0,0,0,0,0,0
ot,otpa842,151.4225,-31.0696,0,0,0,0,0,0,0,0
ot,otpa1738,152.142,-31.071,0,0,0,0,0,0,0,0
ot,otpa835,152.2431,-31.0734,0,0,0,0,0,0,0,0
ot,otpa1398,152.241,-31.0752,0,0,0,0,0,0,0,0
ot,otpa487,152.2431,-31.0753,0,0,0,0,0,0,0,0
ot,otpa2013,152.241,-31.077,0,0,0,0,0,0,0,0
ot,otpa151,152.2389,-31.0788,0,0,0,0,0,0,0,0
ot,otpa857,152.523,-31.0856,0,0,0,0,0,1,0,0
ot,otpa281,152.1087,-31.1015,1,0,0,0,0,0,0,0
ot,otpa1147,152.1045,-31.1032,1,0,0,0,0,0,0,0
ot,otpa862,152.482,-31.1044,0,0,0,0,0,0,1,0
ot,otpa1668,152.2345,-31.1059,1,0,0,0,0,0,0,0
ot,otpa1933,152.2345,-31.1077,1,0,0,0,0,0,0,0
ot,otpa614,152.3409,-31.1074,1,0,0,0,0,0,0,0
ot,otpa466,152.2366,-31.1113,1,0,0,0,0,0,0,0
ot,otpa1992,152.2386,-31.1113,1,0,0,0,0,0,0,0
ot,otpa392,152.2386,-31.1131,0,0,0,0,0,0,0,0
ot,otpa1730,152.2638,-31.1151,1,0,0,0,0,0,0,0
ot,otpa728,152.2638,-31.1169,1,0,0,0,0,0,0,0
ot,otpa1691,152.2659,-31.1169,1,0,0,0,0,0,0,0
ot,otpa1926,151.924,-31.1181,1,0,0,0,0,0,0,0
ot,otpa52,151.9261,-31.1181,1,0,0,0,0,0,0,0
ot,otpa1968,152.5773,-31.121,0,0,0,0,0,1,0,0
ot,otpa2187,152.3518,-31.1241,1,0,0,0,0,0,0,0
ot,otpa254,152.2784,-31.126,0,0,0,0,0,0,0,0
ot,otpa1126,152.5983,-31.1265,0,0,0,0,0,0,0,0
ot,otpa770,152.3077,-31.1279,1,0,0,0,0,0,0,0
ot,otpa1448,152.0917,-31.1302,1,0,0,0,0,0,0,0
ot,otpa2071,152.8815,-31.1316,0,0,0,0,0,0,0,1
ot,otpa287,152.315,-31.1325,1,0,0,0,0,0,0,0
ot,otpa3,152.2909,-31.1351,1,0,0,0,0,0,0,0
ot,otpa763,152.5836,-31.1355,0,0,0,0,0,1,0,0
ot,otpa644,152.0916,-31.1374,1,0,0,0,0,0,0,0
ot,otpa1868,152.293,-31.1369,1,0,0,0,0,0,0,0
ot,otpa1412,152.2993,-31.1369,1,0,0,0,0,0,0,0
ot,otpa335,152.3391,-31.1371,0,0,0,0,0,0,0,0
ot,otpa734,152.2374,-31.1375,1,0,0,0,0,0,0,0
ot,otpa1813,152.0916,-31.1392,1,0,0,0,0,0,0,0
ot,otpa670,152.2966,-31.1387,1,0,0,0,0,0,0,0
ot,otpa206,152.2998,-31.1387,1,0,0,0,0,0,0,0
ot,otpa368,152.3391,-31.1389,0,0,0,0,0,0,0,0
ot,otpa1269,152.3412,-31.139,0,0,0,0,0,0,0,0
ot,otpa1587,152.3433,-31.139,0,0,0,0,0,0,0,0
ot,otpa1272,152.3459,-31.1394,0,0,0,0,0,0,0,0
ot,otpa192,152.2374,-31.1402,0,0,0,0,0,0,0,0
ot,otpa1314,152.4571,-31.1413,1,0,0,0,0,0,0,0
ot,otpa1840,152.2971,-31.1423,1,0,0,0,0,0,0,0
ot,otpa973,152.2321,-31.1438,0,0,0,0,0,0,0,0
ot,otpa1167,152.4917,-31.145,0,0,0,0,0,0,1,0
ot,otpa262,152.8085,-31.1482,0,0,0,0,0,1,0,0
ot,otpa263,152.3632,-31.149,1,0,0,0,0,0,0,0
ot,otpa1519,152.4896,-31.1486,0,0,0,0,0,0,1,0
ot,otpa1861,152.6087,-31.1486,0,0,0,0,0,1,1,0
ot,otpa756,152.0432,-31.1497,0,0,0,0,1,0,0,0
ot,otpa201,152.8972,-31.1496,0,0,0,0,0,0,0,1
ot,otpa727,152.9014,-31.1496,0,0,0,0,0,0,0,1
ot,otpa588,152.3642,-31.1517,1,0,0,0,0,0,0,0
ot,otpa1978,152.3684,-31.1517,0,0,0,0,0,0,0,0
ot,otpa632,152.7697,-31.1535,0,0,0,0,0,0,1,0
ot,otpa88,152.893,-31.1532,0,0,0,0,0,0,0,1
ot,otpa1725,152.8689,-31.1541,0,0,0,0,0,0,0,1
ot,otpa361,152.9087,-31.1541,0,0,0,0,0,0,0,1
ot,otpa1903,152.3684,-31.1553,1,0,0,0,0,0,0,0
ot,otpa221,152.893,-31.155,0,0,0,0,0,0,0,1
ot,otpa2192,152.7902,-31.1558,0,0,0,0,0,0,0,0
ot,otpa1958,152.8311,-31.1559,0,0,0,0,0,0,0,1
ot,otpa830,152.8951,-31.1559,0,0,0,0,0,0,0,1
ot,otpa2055,152.3715,-31.1581,1,0,0,0,0,0,0,0
ot,otpa1825,152.5037,-31.1577,0,0,0,0,0,0,0,0
ot,otpa751,152.4985,-31.1604,0,0,0,0,0,0,1,0
ot,otpa683,152.8807,-31.1621,0,0,0,0,0,0,0,1
ot,otpa1865,152.5047,-31.1631,1,0,0,0,0,0,0,0
ot,otpa655,152.1732,-31.1641,1,0,0,0,0,0,0,0
ot,otpa2218,152.1711,-31.165,1,0,0,0,0,0,0,0
ot,otpa2010,152.1669,-31.1668,1,0,0,0,0,0,0,0
ot,otpa1236,152.169,-31.1668,1,0,0,0,0,0,0,0
ot,otpa1970,152.1711,-31.1668,1,0,0,0,0,0,0,0
ot,otpa1452,152.4995,-31.1667,1,0,0,0,0,0,0,0
ot,otpa1242,152.2613,-31.1674,1,0,0,0,0,0,0,0
ot,otpa991,152.2655,-31.1674,1,0,0,0,0,0,0,0
ot,otpa1230,152.1647,-31.1695,1,0,0,0,0,0,0,0
ot,otpa724,152.1626,-31.1704,0,0,0,0,0,0,0,0
ot,otpa46,152.7954,-31.1712,0,0,0,0,0,0,0,0
ot,otpa51,152.2633,-31.1728,1,0,0,0,0,0,0,0
ot,otpa152,152.0388,-31.1749,1,0,0,0,0,0,0,0
ot,otpa1939,152.8772,-31.1803,0,0,0,0,0,1,0,0
ot,otpa525,152.2297,-31.1852,0,0,0,0,0,0,0,0
ot,otpa694,152.2506,-31.1854,1,0,0,0,0,0,0,0
ot,otpa1822,152.2527,-31.1872,1,0,0,0,0,0,0,0
ot,otpa504,152.7177,-31.1872,0,0,0,0,0,0,0,0
ot,otpa132,152.152,-31.1893,1,0,0,0,0,0,0,0
ot,otpa1431,152.2464,-31.189,0,0,0,0,0,0,0,0
ot,otpa1743,152.7145,-31.189,0,0,0,0,0,0,0,0
ot,otpa1060,152.2128,-31.1924,0,0,0,0,0,0,0,0
ot,otpa954,152.216,-31.1924,0,0,0,0,0,0,0,0
ot,otpa1103,152.904,-31.1929,0,0,0,0,0,0,0,1
ot,otpa1117,152.2107,-31.1942,0,0,0,0,0,0,0,0
ot,otpa1597,152.2128,-31.1942,0,0,0,0,0,0,0,0
ot,otpa1342,152.4119,-31.1952,0,0,0,0,0,0,0,0
ot,otpa2124,152.2128,-31.196,0,0,0,0,0,0,0,0
ot,otpa1354,152.2023,-31.1977,1,0,0,0,0,0,0,0
ot,otpa5,152.2107,-31.1978,0,0,0,0,0,0,0,0
ot,otpa1706,152.2044,-31.1995,1,0,0,0,0,0,0,0
ot,otpa200,152.2065,-31.1995,1,0,0,0,0,0,0,0
ot,otpa1355,152.3996,-31.1988,0,0,0,0,0,0,0,0
ot,otpa1941,152.3335,-31.2003,1,0,0,0,0,0,0,0
ot,otpa580,152.5329,-31.2002,0,0,0,0,0,0,1,0
ot,otpa59,152.387,-31.2005,1,0,0,0,0,0,0,0
ot,otpa1977,152.3996,-31.2006,0,0,0,0,0,0,0,0
ot,otpa1253,152.7475,-31.2017,0,0,0,0,0,1,0,0
ot,otpa1703,152.4064,-31.2033,1,0,0,0,0,0,0,0
ot,otpa649,152.4059,-31.2042,1,0,0,0,0,0,0,0
ot,otpa217,152.4058,-31.206,1,0,0,0,0,0,0,0
ot,otpa1493,152.4552,-31.2067,0,0,0,0,0,0,0,0
ot,otpa1534,152.5192,-31.2083,0,0,0,0,0,0,0,0
ot,otpa716,152.5538,-31.2084,0,0,0,0,0,0,0,0
ot,otpa2091,152.3785,-31.2086,1,0,0,0,0,0,0,0
ot,otpa747,152.389,-31.21,1,0,0,0,0,0,0,0
ot,otpa838,152.5307,-31.2102,0,0,0,0,0,0,0,0
ot,otpa125,152.4079,-31.2133,0,0,0,0,0,0,0,0
ot,otpa1282,152.3827,-31.2149,1,0,0,0,0,0,0,0
ot,otpa984,152.3848,-31.215,0,0,0,0,0,0,0,0
ot,otpa1235,152.3827,-31.2168,1,0,0,0,0,0,0,0
ot,otpa1277,152.4257,-31.2179,0,0,0,0,0,0,0,0
ot,otpa1532,152.4703,-31.2176,0,0,0,0,0,0,0,0
ot,otpa603,152.4079,-31.2187,0,0,0,0,0,0,0,0
ot,otpa1569,152.4861,-31.2231,0,0,0,0,0,1,1,0
ot,otpa2088,152.9475,-31.2295,0,0,0,0,0,1,0,0
ot,otpa18,152.6199,-31.2303,0,0,0,0,0,0,0,0
ot,otpa1081,152.5684,-31.2328,0,0,0,0,0,1,0,0
ot,otpa1595,152.3259,-31.2345,1,0,0,0,0,0,0,0
ot,otpa1443,152.6997,-31.2359,0,0,0,0,0,0,1,0
ot,otpa1780,152.4545,-31.2369,0,0,0,0,0,0,0,0
ot,otpa1702,152.7086,-31.2391,0,0,0,0,0,1,1,0
ot,otpa1139,152.4345,-31.2423,0,0,0,0,0,0,0,0
ot,otpa731,152.456,-31.2423,0,0,0,0,0,0,0,0
ot,otpa995,152.7028,-31.2423,0,0,0,0,0,1,1,0
ot,otpa1298,152.456,-31.2442,0,0,0,0,0,0,0,0
ot,otpa781,152.3205,-31.2449,0,0,0,0,0,0,0,0
ot,otpa2067,152.3174,-31.2471,0,0,0,0,0,1,1,0
ot,otpa149,152.3195,-31.2471,0,0,0,0,0,0,0,0
ot,otpa1967,152.3221,-31.248,0,0,0,0,0,0,1,0
ot,otpa1228,152.456,-31.2478,0,0,0,0,0,0,0,0
ot,otpa1771,152.7243,-31.2477,0,0,0,0,0,1,0,0
ot,otpa932,152.3195,-31.2489,0,0,0,0,0,0,0,0
ot,otpa218,152.4539,-31.2496,0,0,0,0,0,1,0,0
ot,otpa134,152.7448,-31.2496,0,0,0,0,0,1,0,0
ot,otpa1951,152.1567,-31.2507,1,0,0,0,0,0,0,0
ot,otpa82,152.1556,-31.2525,1,0,0,0,0,0,1,0
ot,otpa1091,152.3362,-31.2544,0,0,0,0,0,0,1,1
ot,otpa550,152.3131,-31.2561,0,0,0,0,0,1,0,0
ot,otpa1074,152.3152,-31.2561,0,0,0,0,0,0,0,0
ot,otpa714,152.342,-31.2553,0,0,0,0,0,0,1,1
ot,otpa1112,152.3425,-31.2558,0,0,0,0,0,0,1,1
ot,otpa2027,152.311,-31.2579,0,0,0,0,0,1,0,0
ot,otpa456,152.1613,-31.2611,1,0,0,0,0,0,0,0
ot,otpa936,152.3046,-31.2651,0,0,0,0,0,1,0,0
ot,otpa1915,152.3067,-31.2651,0,0,0,0,0,0,0,0
ot,otpa645,152.3634,-31.269,1,0,0,0,0,0,0,0
ot,otpa184,152.3655,-31.269,1,0,0,0,0,0,0,1
ot,otpa2028,152.3718,-31.269,0,0,0,0,0,0,0,0
ot,otpa732,152.3928,-31.2691,0,0,0,0,0,0,0,0
ot,otpa50,152.3634,-31.2708,1,0,0,0,0,0,0,0
ot,otpa253,152.3928,-31.2709,0,0,0,0,0,0,0,0
ot,otpa623,152.3949,-31.2709,0,0,0,0,0,0,0,0
ot,otpa412,152.4769,-31.2731,0,0,0,0,0,0,0,0
ot,otpa251,152.3729,-31.2735,0,0,0,0,0,0,0,0
ot,otpa362,152.0919,-31.2746,1,0,0,0,0,0,0,0
ot,otpa1239,152.4768,-31.2749,0,0,0,0,0,1,0,0
ot,otpa347,152.4789,-31.2749,0,0,0,0,0,0,0,0
ot,otpa1158,152.481,-31.2749,0,0,0,0,0,0,0,0
ot,otpa844,152.5882,-31.2798,0,0,0,0,0,0,0,1
ot,otpa77,152.1343,-31.2807,1,0,0,0,0,0,1,0
ot,otpa324,152.1574,-31.2827,1,0,0,0,0,0,0,0
ot,otpa2008,152.5356,-31.2824,0,0,0,0,0,1,0,0
ot,otpa1017,152.533,-31.2837,0,0,0,0,0,0,0,0
ot,otpa1258,152.3318,-31.2851,0,0,0,0,0,1,0,0
ot,otpa1307,152.336,-31.2851,0,0,0,0,0,1,0,0
ot,otpa2120,152.5314,-31.286,0,0,0,0,0,0,0,0
ot,otpa1897,152.3318,-31.2869,0,0,0,0,0,0,0,0
ot,otpa1767,152.5314,-31.2878,0,0,0,0,0,0,0,0
ot,otpa414,152.3633,-31.2888,0,0,0,0,0,1,0,0
ot,otpa1457,152.5356,-31.2896,0,0,0,0,0,0,0,0
ot,otpa1608,151.9488,-31.2915,0,0,0,0,0,0,0,0
ot,otpa2201,152.0418,-31.2914,0,0,0,0,0,0,0,0
ot,otpa1135,152.565,-31.2942,0,0,0,0,0,0,0,0
ot,otpa1611,152.5566,-31.2969,0,0,0,0,0,0,0,0
ot,otpa323,152.5392,-31.2986,0,0,0,0,0,0,0,0
ot,otpa606,152.5524,-31.2987,0,0,0,0,0,0,0,0
ot,otpa76,152.5608,-31.2987,0,0,0,0,0,0,0,0
ot,otpa499,152.5608,-31.3005,0,0,0,0,0,0,0,0
ot,otpa1138,152.0207,-31.302,0,0,1,0,0,0,0,0
ot,otpa575,152.5455,-31.3027,0,0,0,0,0,0,0,0
ot,otpa203,152.5608,-31.3023,0,0,0,0,0,1,0,0
ot,otpa528,152.5355,-31.3054,0,0,0,0,0,0,1,0
ot,otpa1952,152.5366,-31.3076,0,0,0,0,0,0,0,0
ot,otpa2074,152.5686,-31.31,0,0,0,0,0,1,0,0
ot,otpa785,152.0127,-31.3146,0,0,0,0,0,0,0,0
ot,otpa1938,152.0221,-31.3165,0,0,1,0,0,0,0,0
ot,otpa346,152.5859,-31.3186,0,0,0,0,0,1,0,0
ot,otpa1879,152.5859,-31.3204,0,0,0,0,0,1,0,0
ot,otpa710,152.4556,-31.3217,0,0,0,0,0,1,0,0
ot,otpa1820,152.4366,-31.3235,0,0,0,0,0,1,0,0
ot,otpa1338,152.4387,-31.3235,0,0,0,0,0,0,0,0
ot,otpa871,152.4408,-31.3235,0,0,0,0,0,1,0,0
ot,otpa16,152.4556,-31.3235,0,0,0,0,0,1,0,0
ot,otpa607,152.4577,-31.3236,0,0,0,0,0,1,0,0
ot,otpa2164,152.4918,-31.3232,0,0,0,0,0,0,0,0
ot,otpa1372,151.8644,-31.3251,1,0,0,0,0,0,0,0
ot,otpa1063,152.4387,-31.3253,0,0,0,0,0,0,0,0
ot,otpa2003,152.0551,-31.3257,1,0,0,0,0,0,0,0
ot,otpa1366,151.8669,-31.331,1,0,0,0,0,0,0,0
ot,otpa2211,152.0892,-31.3309,1,0,0,0,0,0,0,0
ot,otpa33,152.4303,-31.3334,0,0,0,0,0,1,0,0
ot,otpa171,151.9809,-31.3351,0,0,0,0,0,0,0,0
ot,otpa343,152.0844,-31.335,1,0,0,0,0,0,0,0
ot,otpa1680,152.0172,-31.3354,0,0,0,0,0,0,0,0
ot,otpa116,151.4359,-31.3395,0,1,0,0,0,0,0,0
ot,otpa599,152.1159,-31.3393,0,0,0,0,0,0,0,0
ot,otpa175,152.1401,-31.339,1,0,0,0,0,1,0,0
ot,otpa430,152.0938,-31.3468,1,0,0,0,0,0,0,0
ot,otpa1609,151.4367,-31.3513,0,1,0,0,0,0,0,0
ot,otpa897,152.5715,-31.3587,0,0,0,0,0,1,1,0
ot,otpa1757,152.0096,-31.3597,0,0,0,0,0,0,0,0
ot,otpa1069,152.0978,-31.3621,1,0,0,0,0,0,0,0
ot,otpa1067,152.5657,-31.3619,0,0,0,0,0,1,1,0
ot,otpa1628,152.1136,-31.364,1,0,0,0,0,0,0,0
ot,otpa1552,152.0158,-31.3642,0,0,0,0,0,0,0,0
ot,otpa407,152.1189,-31.3641,1,0,0,0,0,0,0,0
ot,otpa571,152.6004,-31.3656,0,0,0,0,0,1,0,0
ot,otpa2195,152.6025,-31.3656,0,0,0,0,0,1,0,0
ot,otpa1290,152.1199,-31.3659,1,0,0,0,0,0,0,0
ot,otpa405,152.0747,-31.3669,1,0,0,0,0,0,0,0
ot,otpa610,152.5983,-31.3674,0,0,0,0,0,1,0,0
ot,otpa1316,152.04,-31.368,0,0,0,0,0,0,0,0
ot,otpa99,152.6025,-31.3692,0,0,0,0,0,1,0,0
ot,otpa454,152.6046,-31.3692,0,0,0,0,0,1,0,0
ot,otpa1960,152.5594,-31.37,0,0,0,0,0,1,1,0
ot,otpa738,152.8028,-31.3697,0,0,0,0,0,0,0,0
ot,otpa1572,152.0494,-31.3708,1,0,0,0,0,0,0,0
ot,otpa788,152.0452,-31.3717,1,0,0,0,0,0,0,0
ot,otpa511,152.5589,-31.3718,0,0,0,0,0,1,1,0
ot,otpa137,152.0042,-31.3723,1,0,0,0,0,0,0,0
ot,otpa600,152.7834,-31.3723,0,0,0,0,0,1,0,0
ot,otpa1574,152.7949,-31.3755,0,0,0,0,0,1,0,0
ot,otpa1334,152.0146,-31.3787,1,0,0,0,0,0,0,0
ot,otpa2215,152.1082,-31.3802,1,0,0,0,0,0,0,0
ot,otpa455,151.7338,-31.3816,0,0,0,0,0,0,0,0
ot,otpa1356,151.7338,-31.3834,1,0,0,0,0,0,0,0
ot,otpa1454,151.7358,-31.387,0,0,0,0,0,0,0,0
ot,otpa366,151.7653,-31.3873,1,0,0,0,0,0,0,0
ot,otpa666,152.5267,-31.387,0,0,0,0,0,1,0,0
ot,otpa2125,152.0429,-31.3888,0,0,0,0,0,0,0,0
ot,otpa174,152.096,-31.3887,1,0,0,0,0,0,0,0
ot,otpa1116,152.5267,-31.3888,0,0,0,0,0,1,0,0
ot,otpa1070,152.5288,-31.3906,0,0,0,0,0,1,0,0
ot,otpa1881,151.7715,-31.3928,0,0,0,0,0,0,0,0
ot,otpa38,151.7736,-31.3928,0,0,0,0,0,0,0,0
ot,otpa737,152.0313,-31.3932,0,0,0,0,0,0,0,0
ot,otpa294,152.6466,-31.3964,0,0,0,0,0,1,0,0
ot,otpa1376,152.0197,-31.3967,0,0,0,0,0,0,0,0
ot,otpa1870,152.6403,-31.3982,0,0,0,0,0,1,0,0
ot,otpa161,152.6402,-31.4,0,0,0,0,0,1,0,0
ot,otpa514,152.6424,-31.4,0,0,0,0,0,1,0,0
ot,otpa1905,152.0533,-31.4042,1,0,0,0,0,0,0,0
ot,otpa1991,152.028,-31.4058,1,0,0,0,0,0,0,0
ot,otpa1925,152.0743,-31.4062,0,0,0,0,0,0,0,0
ot,otpa679,152.0848,-31.4062,1,0,0,0,0,0,0,0
ot,otpa329,151.9659,-31.4071,0,0,0,0,0,0,0,0
ot,otpa1950,152.1383,-31.417,0,0,0,0,0,0,0,0
ot,otpa798,151.7816,-31.4236,0,0,0,0,0,0,0,0
ot,otpa1786,151.7879,-31.4236,0,0,0,0,0,0,0,0
ot,otpa326,152.1583,-31.4248,0,0,0,0,0,0,0,0
ot,otpa826,152.134,-31.4296,0,0,0,0,0,0,0,0
ot,otpa1734,151.2229,-31.4324,0,0,0,0,0,0,0,0
ot,otpa784,152.2203,-31.436,0,0,0,0,0,0,0,0
ot,otpa919,151.7267,-31.4375,1,0,0,0,0,0,0,0
ot,otpa702,152.0729,-31.4377,0,0,0,0,0,0,0,0
ot,otpa1469,151.7246,-31.4393,0,0,0,0,0,0,0,0
ot,otpa659,152.2244,-31.4396,0,0,0,0,0,1,0,0
ot,otpa829,152.2065,-31.4441,0,0,0,0,0,1,0,0
ot,otpa2049,152.1159,-31.4498,1,0,0,0,0,0,0,0
ot,otpa2039,152.2106,-31.4522,0,0,0,0,0,0,0,0
ot,otpa1605,152.7137,-31.4525,0,0,0,0,0,1,0,0
ot,otpa1646,152.1727,-31.4556,1,0,0,0,0,0,0,0
ot,otpa213,151.8149,-31.4564,0,0,0,0,0,0,0,0
ot,otpa410,151.8212,-31.4564,1,0,0,0,0,0,0,0
ot,otpa1325,152.7621,-31.4562,0,0,0,0,0,1,0,0
ot,otpa1548,152.7642,-31.4562,0,0,0,0,0,0,0,0
ot,otpa1828,151.7517,-31.4576,1,0,0,0,0,0,0,0
ot,otpa39,152.5664,-31.4575,0,0,0,0,0,0,0,0
ot,otpa223,151.8128,-31.4581,0,0,0,0,0,0,0,0
ot,otpa1634,151.7517,-31.4594,1,0,0,0,0,0,0,0
ot,otpa317,151.7538,-31.4594,1,0,0,0,0,0,0,0
ot,otpa1446,152.2127,-31.4594,0,0,0,0,0,1,0,0
ot,otpa114,151.7454,-31.4611,1,0,0,0,0,0,0,0
ot,otpa1262,152.1285,-31.4616,0,0,0,0,0,0,0,0
ot,otpa1315,152.2211,-31.4613,1,0,0,0,0,1,0,0
ot,otpa1406,152.2053,-31.4657,1,0,0,0,0,1,0,0
ot,otpa1593,152.7137,-31.4651,0,0,0,0,0,0,0,0
ot,otpa1243,152.7158,-31.4651,0,0,0,0,0,1,0,0
ot,otpa363,152.1232,-31.4661,1,0,0,0,0,0,0,0
ot,otpa1799,152.1168,-31.4687,1,0,0,0,0,0,0,0
ot,otpa771,152.7958,-31.4725,0,0,0,0,0,0,0,0
ot,otpa962,152.1468,-31.4757,1,0,0,0,0,0,0,0
ot,otpa1027,152.6758,-31.4759,0,0,0,0,0,0,0,0
ot,otpa1599,152.0989,-31.4767,1,0,0,0,0,0,0,0
ot,otpa1220,152.1167,-31.4768,1,0,0,0,0,0,0,0
ot,otpa1727,152.0978,-31.4776,1,0,0,0,0,0,0,0
ot,otpa290,152.1041,-31.4777,1,0,0,0,0,0,0,0
ot,otpa393,152.6757,-31.4777,0,0,0,0,0,0,0,0
ot,otpa1114,152.1188,-31.4787,1,0,0,0,0,0,0,0
ot,otpa1016,152.1262,-31.4787,1,0,0,0,0,0,0,0
ot,otpa765,152.1441,-31.4793,0,0,0,0,0,0,0,0
ot,otpa1912,152.6757,-31.4795,0,0,0,0,0,1,0,0
ot,otpa2064,152.7894,-31.4815,0,0,0,0,0,1,0,0
ot,otpa2144,152.2667,-31.4828,0,0,0,0,0,1,0,0
ot,otpa242,152.7873,-31.4833,0,0,0,0,0,1,0,0
ot,otpa570,152.7873,-31.4851,0,0,0,0,0,1,0,0
ot,otpa622,151.9345,-31.4863,0,0,0,0,0,0,0,0
ot,otpa47,152.1577,-31.487,1,0,0,0,0,0,0,0
ot,otpa291,152.2019,-31.4873,1,0,0,0,0,1,0,0
ot,otpa1233,151.9324,-31.4881,0,0,0,0,0,0,0,0
ot,otpa150,151.9324,-31.4899,0,0,0,0,0,0,0,0
ot,otpa2179,152.7799,-31.4896,0,0,0,0,0,0,0,0
ot,otpa562,152.661,-31.4912,0,0,0,0,0,0,0,0
ot,otpa288,152.7778,-31.4923,0,0,0,0,0,1,1,0
ot,otpa1330,152.6767,-31.4971,0,0,0,0,0,1,0,0
ot,otpa1623,152.7789,-31.4995,0,0,0,0,0,0,0,0
ot,otpa2134,152.703,-31.5012,0,0,0,0,0,0,0,0
ot,otpa1501,152.6478,-31.502,0,0,0,0,0,1,1,0
ot,otpa869,151.8101,-31.5032,0,0,0,0,0,0,0,0
ot,otpa625,152.703,-31.503,0,0,0,0,0,0,0,1
ot,otpa743,151.8101,-31.505,0,0,0,0,0,0,0,0
ot,otpa2176,151.9743,-31.5047,0,0,0,0,0,0,0,0
ot,otpa520,151.9659,-31.5064,0,0,0,0,0,0,0,0
ot,otpa1061,151.9701,-31.5064,0,0,0,0,0,0,0,0
ot,otpa1483,151.9764,-31.5065,0,0,0,0,0,0,0,0
ot,otpa1364,151.7594,-31.5136,0,0,0,0,0,0,0,0
ot,otpa1667,151.7615,-31.5154,0,0,0,0,0,0,0,0
ot,otpa462,152.188,-31.5152,1,0,0,0,0,0,0,0
ot,otpa578,152.0953,-31.5164,0,0,0,0,0,1,0,0
ot,otpa1160,151.8057,-31.5176,0,0,0,0,0,0,0,0
ot,otpa1784,151.8078,-31.5176,0,0,0,0,0,0,0,0
ot,otpa154,151.793,-31.5193,0,0,0,0,0,0,0,0
ot,otpa336,151.8057,-31.5194,0,0,0,0,0,0,0,0
ot,otpa1724,152.6556,-31.5196,0,0,0,0,0,0,0,1
ot,otpa790,152.6967,-31.5192,0,0,0,0,0,1,0,0
ot,otpa711,152.7093,-31.5193,0,0,0,0,0,1,0,1
ot,otpa874,152.7746,-31.5194,0,0,0,0,0,0,0,0
ot,otpa1003,151.793,-31.5211,1,0,0,0,0,0,0,0
ot,otpa1522,151.7951,-31.5211,0,0,0,0,0,0,0,0
ot,otpa628,152.7009,-31.521,0,0,0,0,0,1,0,0
ot,otpa1100,152.703,-31.521,0,0,0,0,0,1,0,0
ot,otpa482,152.7304,-31.5211,0,0,0,0,0,1,0,0
ot,otpa182,152.7746,-31.5212,0,0,0,0,0,1,0,0
ot,otpa348,151.7951,-31.5229,0,0,0,0,0,0,0,0
ot,otpa1681,152.6461,-31.5227,0,0,0,0,0,1,1,0
ot,otpa697,152.6988,-31.5228,0,0,0,0,0,0,0,0
ot,otpa1716,152.7283,-31.5229,0,0,0,0,0,0,0,0
ot,otpa183,152.7304,-31.5229,0,0,0,0,0,1,0,0
ot,otpa1670,152.1153,-31.5237,0,0,0,0,0,0,0,0
ot,otpa2089,151.773,-31.5245,1,0,0,0,0,0,0,0
ot,otpa332,152.7746,-31.5248,0,0,0,0,0,1,0,0
ot,otpa178,152.7767,-31.5248,0,0,0,0,0,0,0,0
ot,otpa1723,152.7788,-31.5248,0,0,0,0,0,0,0,0
ot,otpa1518,152.7999,-31.5276,0,0,0,0,0,0,1,0
ot,otpa1028,151.795,-31.5284,0,0,0,0,0,0,0,0
ot,otpa2046,152.7972,-31.528,0,0,0,0,0,1,1,0
ot,otpa1072,152.387,-31.5289,0,0,0,0,0,0,0,0
ot,otpa1661,151.7992,-31.5302,1,0,0,0,0,0,0,0
ot,otpa295,152.3891,-31.5308,0,0,0,0,0,0,0,0
ot,otpa2191,152.1383,-31.5329,1,0,0,0,0,0,0,0
ot,otpa32,152.1099,-31.5345,0,0,0,0,0,0,0,0
ot,otpa870,152.1783,-31.535,0,0,0,0,0,1,0,0
ot,otpa470,152.4754,-31.5366,0,0,0,0,0,1,0,0
ot,otpa219,152.1804,-31.5368,0,0,0,0,0,0,0,0
ot,otpa1025,152.7366,-31.5374,0,0,0,0,0,0,0,0
ot,otpa2196,152.8041,-31.5375,0,0,0,0,0,1,0,0
ot,otpa1427,152.1393,-31.5383,0,0,0,0,0,0,0,0
ot,otpa1155,152.3672,-31.5399,0,0,0,0,0,0,0,0
ot,otpa1907,152.1783,-31.5404,1,0,0,0,0,0,0,0
ot,otpa660,152.2331,-31.5407,1,0,0,0,0,1,0,0
ot,otpa567,152.7387,-31.541,0,0,0,0,0,0,0,0
ot,otpa2119,152.8083,-31.5411,0,0,0,0,0,0,0,0
ot,otpa177,152.3911,-31.5416,0,0,0,0,0,1,0,0
ot,otpa792,152.4754,-31.542,0,0,0,0,0,1,0,0
ot,otpa492,152.242,-31.5428,1,0,0,0,0,1,1,0
ot,otpa650,152.3932,-31.5434,0,0,0,0,0,1,0,0
ot,otpa2085,152.4732,-31.5438,0,0,0,0,0,0,0,0
ot,otpa1051,152.7387,-31.5464,0,0,0,0,0,1,0,0
ot,otpa1819,152.8146,-31.5465,0,0,0,0,0,1,0,0
ot,otpa744,151.7927,-31.5482,0,0,0,0,0,0,0,0
ot,otpa1394,151.799,-31.5482,1,0,0,0,0,0,0,0
ot,otpa1478,151.8011,-31.5483,1,0,0,0,0,0,0,0
ot,otpa530,152.1519,-31.5484,0,0,0,0,0,0,0,0
ot,otpa1482,152.8146,-31.5483,0,0,0,0,0,1,0,0
ot,otpa1296,152.8314,-31.5484,0,0,0,0,0,0,0,0
ot,otpa436,152.5027,-31.5493,0,0,0,0,0,1,0,0
ot,otpa1467,151.7884,-31.5499,0,0,0,0,0,0,0,0
ot,otpa1401,152.1516,-31.5495,0,0,0,0,0,1,0,0
ot,otpa753,152.1508,-31.5511,0,0,0,0,0,1,0,0
ot,otpa1964,152.1571,-31.5511,0,0,0,0,0,1,0,0
ot,otpa775,152.5027,-31.5511,0,0,0,0,0,1,0,0
ot,otpa1229,152.7387,-31.5518,0,0,0,0,0,1,0,0
ot,otpa1844,152.823,-31.5519,0,0,0,0,0,1,0,0
ot,otpa989,152.1487,-31.5528,0,0,0,0,0,0,0,0
ot,otpa708,152.037,-31.5575,0,0,0,0,0,0,0,0
ot,otpa1208,152.0391,-31.5575,1,0,0,0,0,0,0,0
ot,otpa196,152.0412,-31.5593,0,0,0,0,0,1,0,0
ot,otpa265,152.1992,-31.5604,1,0,0,0,0,1,0,0
ot,otpa1553,152.273,-31.5608,0,0,0,0,0,1,0,0
ot,otpa1979,152.2793,-31.5618,1,0,0,0,0,1,0,0
ot,otpa1042,152.3804,-31.5614,0,0,0,0,0,0,0,0
ot,otpa351,152.0306,-31.5628,0,0,0,0,0,0,0,0
ot,otpa730,152.2772,-31.5627,1,0,0,0,0,0,0,0
ot,otpa1601,152.7871,-31.5627,0,0,0,0,0,1,0,0
ot,otpa270,152.8209,-31.5628,0,0,0,0,0,0,0,0
ot,otpa467,152.3804,-31.5632,0,0,0,0,0,1,0,0
ot,otpa1381,152.2771,-31.5645,0,0,0,0,0,0,0,0
ot,otpa836,152.2792,-31.5645,0,0,0,0,0,0,0,0
ot,otpa272,152.5659,-31.564,0,0,0,0,0,1,0,0
ot,otpa72,152.7871,-31.5645,0,0,0,0,0,1,0,0
ot,otpa793,152.0284,-31.5664,0,0,0,0,0,0,0,0
ot,otpa199,152.0306,-31.5664,0,0,0,0,0,0,0,0
ot,otpa1902,152.2792,-31.5663,1,0,0,0,0,0,0,0
ot,otpa1596,152.5659,-31.5658,0,0,0,0,0,0,0,0
ot,otpa1862,152.5658,-31.5676,0,0,0,0,0,1,0,0
ot,otpa445,152.823,-31.5682,0,0,0,0,0,0,0,0
ot,otpa2096,151.8261,-31.5683,0,0,0,0,0,0,0,0
ot,otpa1891,152.1464,-31.5691,0,0,0,0,0,1,0,0
ot,otpa1244,152.7977,-31.57,0,0,0,0,0,0,0,1
ot,otpa867,151.8261,-31.5701,0,0,0,0,0,0,0,0
ot,otpa1591,152.2191,-31.5704,0,0,0,0,0,0,0,0
ot,otpa1922,152.2961,-31.5718,0,0,0,0,0,0,0,0
ot,otpa2217,151.8219,-31.5719,0,0,0,0,0,0,0,0
ot,otpa1041,151.8261,-31.5719,0,0,0,0,0,0,0,0
ot,otpa758,152.7766,-31.5735,0,0,0,0,0,0,0,0
ot,otpa428,152.1464,-31.5754,0,0,0,0,0,1,0,0
ot,otpa1930,152.7998,-31.5754,0,0,0,0,0,0,0,0
ot,otpa704,152.8019,-31.5754,0,0,0,0,0,0,0,1
ot,otpa1468,152.296,-31.5772,1,0,0,0,0,0,0,0
ot,otpa619,152.7998,-31.5772,0,0,0,0,0,0,0,1
ot,otpa920,152.0515,-31.5774,0,0,0,0,0,0,0,0
ot,otpa725,152.355,-31.5775,0,0,0,0,0,1,0,0
ot,otpa1266,152.7028,-31.5788,0,0,0,0,0,1,0,0
ot,otpa1285,152.0473,-31.5792,0,0,0,0,0,0,0,0
ot,otpa126,152.355,-31.5793,0,0,0,0,0,1,0,0
ot,otpa852,152.2096,-31.5803,1,0,0,0,0,0,0,0
ot,otpa2017,152.5974,-31.5803,0,0,0,0,0,1,1,0
ot,otpa1712,152.7028,-31.5806,0,0,0,0,0,0,0,0
ot,otpa726,152.7049,-31.5806,0,0,0,0,0,1,0,0
ot,otpa1270,152.2138,-31.5821,1,0,0,0,0,0,0,0
ot,otpa1531,152.2116,-31.5839,0,0,0,0,0,0,0,0
ot,otpa1434,152.707,-31.586,0,0,0,0,0,0,0,0
ot,otpa1526,152.5826,-31.5875,0,0,0,0,0,0,0,0
ot,otpa1853,152.0841,-31.5885,0,0,0,0,0,0,0,0
ot,otpa1871,152.1452,-31.5889,1,0,0,0,0,1,0,0
ot,otpa1653,152.5826,-31.5884,0,0,0,0,0,0,0,0
ot,otpa162,152.5763,-31.5893,0,0,0,0,0,0,0,0
ot,otpa303,152.5779,-31.5897,0,0,0,0,0,0,0,0
ot,otpa1207,152.5784,-31.5893,0,0,0,0,0,0,0,0
ot,otpa651,151.6114,-31.5905,1,0,0,0,0,0,0,0
ot,otpa1133,152.4308,-31.5905,0,0,0,0,0,0,0,0
ot,otpa733,151.7194,-31.5908,0,0,0,0,0,0,0,0
ot,otpa1476,152.5742,-31.5911,0,0,0,0,0,0,0,0
ot,otpa1700,151.1935,-31.5925,0,0,0,0,0,0,0,0
ot,otpa1928,152.8271,-31.5917,0,0,0,0,0,0,0,0
ot,otpa345,152.1357,-31.5961,1,0,0,0,0,0,0,0
ot,otpa2133,151.1839,-31.5969,0,0,0,0,0,0,0,0
ot,otpa1513,151.2039,-31.5963,0,0,0,0,0,0,0,0
ot,otpa1418,151.9965,-31.5969,0,0,0,0,0,0,0,0
ot,otpa143,151.9986,-31.5969,1,0,0,0,0,0,0,0
ot,otpa795,152.0007,-31.5969,0,0,0,0,0,0,0,0
ot,otpa1305,151.9923,-31.5986,1,0,0,0,0,0,0,0
ot,otpa1894,152.0861,-31.5984,0,0,0,0,0,1,0,0
ot,otpa2098,152.4076,-31.5994,0,0,0,0,0,0,0,0
ot,otpa916,152.7807,-31.6006,0,0,0,0,0,0,0,0
ot,otpa1289,151.2017,-31.6026,0,0,0,0,0,0,0,0
ot,otpa1739,151.6233,-31.6037,0,0,0,0,0,0,0,0
ot,otpa1010,152.1851,-31.6045,0,0,0,0,0,0,0,0
ot,otpa807,151.2017,-31.6053,0,0,0,0,0,0,0,0
ot,otpa500,151.9838,-31.6058,0,0,0,0,0,1,0,0
ot,otpa646,152.3316,-31.6063,0,0,0,0,0,1,0,0
ot,otpa477,151.2016,-31.6071,0,0,0,0,0,0,0,0
ot,otpa300,151.9837,-31.6076,0,0,0,0,0,1,0,0
ot,otpa1006,151.9859,-31.6076,0,0,0,0,0,1,0,0
ot,otpa887,152.1282,-31.6086,0,0,0,0,0,0,0,0
ot,otpa25,152.3316,-31.6081,0,0,0,0,0,1,0,0
ot,otpa640,151.7682,-31.6093,0,0,0,0,0,0,0,0
ot,otpa1701,151.2016,-31.6098,0,0,0,0,0,0,0,0
ot,otpa814,152.3316,-31.6099,0,0,0,0,0,0,0,0
ot,otpa978,151.2121,-31.6126,0,0,0,0,0,0,0,0
ot,otpa1202,151.173,-31.6139,0,0,0,0,0,0,0,0
ot,otpa1892,151.1804,-31.614,0,0,0,0,0,0,0,0
ot,otpa1445,152.0048,-31.6141,0,0,0,0,0,0,0,0
ot,otpa1385,152.5915,-31.6137,0,0,0,0,0,0,0,0
ot,otpa1177,151.172,-31.6148,0,0,0,0,0,0,0,0
ot,otpa1884,151.9858,-31.6148,0,0,0,0,0,1,0,0
ot,otpa1908,151.9836,-31.6166,0,0,0,0,0,0,0,0
ot,otpa1579,152.3547,-31.6172,0,0,0,0,0,1,0,0
ot,otpa446,152.4096,-31.6175,0,0,0,0,0,0,0,0
ot,otpa1521,151.7965,-31.6183,0,0,0,0,0,0,0,0
ot,otpa559,151.1982,-31.6188,0,0,0,0,0,0,0,0
ot,otpa997,152.1302,-31.6195,0,0,0,0,0,0,0,0
ot,otpa382,152.3505,-31.619,0,0,0,0,0,1,0,0
ot,otpa1698,152.3526,-31.6208,0,0,0,0,0,1,0,0
ot,otpa692,151.1676,-31.6237,0,0,0,0,0,0,0,0
ot,otpa493,151.1707,-31.6238,0,0,0,0,0,0,0,0
ot,otpa215,152.5466,-31.6252,0,0,0,0,0,1,0,0
ot,otpa760,152.5487,-31.6253,0,0,0,0,0,1,0,0
ot,otpa73,152.555,-31.6253,0,0,0,0,0,1,0,0
ot,otpa404,151.1706,-31.6283,0,0,0,0,0,0,0,0
ot,otpa1917,151.1632,-31.6291,0,0,0,0,0,0,0,0
ot,otpa1867,152.1343,-31.6285,1,0,0,0,0,0,0,0
ot,otpa1904,151.7945,-31.6303,0,0,0,0,0,0,0,0
ot,otpa2073,152.1132,-31.632,0,0,0,0,0,0,0,0
ot,otpa34,152.1142,-31.632,0,0,0,0,0,0,0,0
ot,otpa860,151.1653,-31.6327,0,0,0,0,0,0,0,0
ot,otpa266,152.0309,-31.6323,0,0,0,0,0,0,0,0
ot,otpa1204,152.1448,-31.6322,0,0,0,0,0,0,0,0
ot,otpa424,152.1495,-31.6338,1,0,0,0,0,0,0,0
ot,otpa881,151.1821,-31.6339,0,0,0,0,0,0,0,0
ot,otpa37,152.5761,-31.6344,0,0,0,0,0,0,0,0
ot,otpa1009,152.5228,-31.6351,0,0,0,0,0,0,0,0
ot,otpa231,152.527,-31.6356,0,0,0,0,0,0,0,0
ot,otpa1514,151.1884,-31.6376,0,0,0,0,0,0,0,0
ot,otpa1227,152.5761,-31.638,0,0,0,0,0,0,0,0
ot,otpa908,152.208,-31.6389,1,0,0,0,0,0,0,0
ot,otpa605,152.7722,-31.6385,0,0,0,0,0,0,0,0
ot,otpa1474,152.7743,-31.6385,0,0,0,0,0,1,0,0
ot,otpa1846,152.5739,-31.6398,0,0,0,0,0,0,0,0
ot,otpa483,152.5761,-31.6398,0,0,0,0,0,1,0,0
ot,otpa565,152.0551,-31.6406,0,0,0,0,0,0,0,0
ot,otpa527,152.1553,-31.6409,0,0,0,0,0,0,0,0
ot,otpa187,152.7701,-31.6403,0,0,0,0,0,0,0,1
ot,otpa1985,152.2196,-31.6417,0,0,0,0,0,0,0,0
ot,otpa880,151.1988,-31.6422,0,0,0,0,0,0,0,0
ot,otpa1254,152.0572,-31.6424,0,0,0,0,0,0,0,0
ot,otpa1193,152.2955,-31.6422,0,0,0,0,0,0,0,0
ot,otpa921,152.8123,-31.6422,0,0,0,0,0,1,0,0
ot,otpa1887,151.7706,-31.6442,0,0,0,0,0,0,1,0
ot,otpa1433,152.7722,-31.6439,0,0,0,0,0,0,0,0
ot,otpa130,152.5402,-31.6451,0,0,0,0,0,1,0,0
ot,otpa1688,152.5402,-31.6469,0,0,0,0,0,1,0,0
ot,otpa1987,152.5444,-31.6469,0,0,0,0,0,1,0,0
ot,otpa1808,152.055,-31.6478,0,0,0,0,0,0,0,0
ot,otpa1509,152.1141,-31.6482,0,0,0,0,0,0,0,0
ot,otpa851,152.1225,-31.6483,0,0,0,0,0,0,0,0
ot,otpa421,152.538,-31.6487,0,0,0,0,0,1,0,0
ot,otpa69,152.1889,-31.6496,1,0,0,0,0,0,0,0
ot,otpa2005,152.2934,-31.6494,0,0,0,0,0,1,0,0
ot,otpa609,152.1204,-31.6501,0,0,0,0,0,0,0,0
ot,otpa53,152.1225,-31.6501,0,0,0,0,0,0,0,0
ot,otpa1423,152.1858,-31.6507,1,0,0,0,0,1,0,0
ot,otpa2102,151.9896,-31.6527,0,0,0,0,0,0,0,0
ot,otpa1466,152.055,-31.6532,0,0,0,0,0,1,0,0
ot,otpa396,152.2997,-31.653,0,0,0,0,0,1,0,0
ot,otpa2050,151.9896,-31.6545,0,0,0,0,0,0,0,0
ot,otpa1001,151.9917,-31.6546,0,0,0,0,0,0,0,0
ot,otpa1996,152.1884,-31.6548,1,0,0,0,0,0,0,0
ot,otpa1769,152.2996,-31.6548,0,0,0,0,0,1,0,0
ot,otpa905,152.7748,-31.6547,0,0,0,0,0,0,0,0
ot,otpa1002,152.4705,-31.6556,0,0,0,0,0,0,0,0
ot,otpa1763,151.9917,-31.6564,0,0,0,0,0,0,0,0
ot,otpa1459,152.5048,-31.6567,0,0,0,0,0,0,0,0
ot,otpa1711,152.0992,-31.6581,0,0,0,0,0,1,0,0
ot,otpa617,152.1414,-31.6575,1,0,0,0,0,0,0,0
ot,otpa1005,151.922,-31.6585,1,0,0,0,0,0,0,0
ot,otpa635,152.1912,-31.6585,0,0,0,0,0,0,0,0
ot,otpa96,152.2179,-31.6599,0,0,0,0,0,0,0,0
ot,otpa1890,152.2479,-31.6608,1,0,0,0,0,0,0,0
ot,otpa1461,152.1456,-31.6611,1,0,0,0,0,0,0,0
ot,otpa1759,152.2648,-31.6609,0,0,0,0,0,0,0,0
ot,otpa2122,152.4747,-31.6611,0,0,0,0,0,0,0,0
ot,otpa766,152.4979,-31.6612,1,0,0,0,0,0,0,1
ot,otpa1972,152.808,-31.662,0,0,0,0,0,0,0,0
ot,otpa1073,152.4747,-31.6629,0,0,0,0,0,0,0,0
ot,otpa736,152.529,-31.6635,0,0,0,0,0,1,0,0
ot,otpa1479,152.4768,-31.6647,0,0,0,0,0,0,0,0
ot,otpa163,152.0991,-31.6662,0,0,0,0,0,0,0,0
ot,otpa411,152.2975,-31.6656,0,0,0,0,0,1,0,0
ot,otpa682,152.8059,-31.6656,0,0,0,0,0,0,0,0
ot,otpa1327,152.0147,-31.6674,0,0,0,0,0,0,0,0
ot,otpa1523,152.0675,-31.6678,0,0,0,0,0,0,0,0
ot,otpa554,152.0949,-31.668,0,0,0,0,0,1,0,0
ot,otpa1953,152.1076,-31.6676,0,0,0,0,0,1,0,0
ot,otpa935,152.2974,-31.6674,0,0,0,0,0,0,0,0
ot,otpa1345,152.1434,-31.6683,0,0,0,0,0,0,0,0
ot,otpa1399,152.0126,-31.6691,0,0,0,0,0,0,0,0
ot,otpa547,152.0147,-31.6692,0,0,0,0,0,0,0,0
ot,otpa2060,152.0232,-31.6692,0,0,0,0,0,0,0,0
ot,otpa1019,152.0253,-31.6692,0,0,0,0,0,0,0,1
ot,otpa1132,152.097,-31.6707,1,0,0,0,0,1,0,0
ot,otpa618,152.1814,-31.6703,0,0,0,0,0,0,0,0
ot,otpa1843,152.2373,-31.6707,0,0,0,0,0,0,0,0
ot,otpa551,152.0231,-31.671,0,0,0,0,0,0,0,1
ot,otpa1384,152.0274,-31.6711,0,0,0,0,0,0,0,1
ot,otpa1874,152.0885,-31.6715,0,0,0,0,0,0,0,1
ot,otpa1419,152.1877,-31.6722,0,0,0,0,0,0,0,0
ot,otpa1600,152.1919,-31.6722,1,0,0,0,0,0,0,0
ot,otpa1956,152.0885,-31.6733,0,0,0,0,0,0,0,0
ot,otpa2117,152.2932,-31.6728,0,0,0,0,0,1,0,0
ot,otpa365,152.1898,-31.674,1,0,0,0,0,0,0,0
ot,otpa1962,152.2932,-31.6746,0,0,0,0,0,1,0,0
ot,otpa1197,152.0315,-31.6765,0,0,0,0,0,0,0,0
ot,otpa1368,152.2847,-31.6764,0,0,0,0,0,1,0,0
ot,otpa1607,151.9044,-31.6782,0,0,0,0,0,0,0,0
ot,otpa1737,152.0294,-31.6783,0,0,0,0,0,0,0,0
ot,otpa216,152.0315,-31.6783,0,0,0,0,0,0,0,0
ot,otpa139,152.1117,-31.678,1,0,0,0,0,0,0,0
ot,otpa1525,151.9038,-31.6795,0,0,0,0,0,1,0,0
ot,otpa1280,152.0884,-31.6805,0,0,0,0,0,1,0,0
ot,otpa990,152.0906,-31.6806,0,0,0,0,0,0,0,0
ot,otpa131,152.7974,-31.6805,0,0,0,0,0,0,0,0
ot,otpa1047,152.0884,-31.6823,0,0,0,0,0,0,0,0
ot,otpa1505,152.1581,-31.6828,1,0,0,0,0,0,0,0
ot,otpa21,152.1253,-31.6835,1,0,0,0,0,0,0,0
ot,otpa256,152.5083,-31.6865,1,0,0,0,0,0,0,0
ot,otpa1648,152.1316,-31.6872,1,0,0,0,0,0,0,0
ot,otpa135,152.177,-31.6875,0,0,0,0,0,1,0,0
ot,otpa173,152.1031,-31.6897,0,0,0,0,0,1,0,0
ot,otpa140,152.5041,-31.6901,1,0,0,0,0,0,0,0
ot,otpa1919,152.1105,-31.6933,0,0,0,0,0,0,0,0
ot,otpa894,152.1076,-31.6953,0,0,0,0,0,0,0,0
ot,otpa1310,152.5082,-31.7009,0,0,0,0,0,0,0,0
ot,otpa538,152.0861,-31.7049,0,0,0,0,0,1,0,0
ot,otpa809,152.0914,-31.7049,0,0,0,0,0,1,0,0
ot,otpa1297,152.5061,-31.7045,0,0,0,0,0,0,0,0
ot,otpa1369,152.5124,-31.7063,0,0,0,0,0,0,0,0
ot,otpa208,152.5404,-31.7073,0,0,0,0,0,1,1,0
ot,otpa849,152.5103,-31.7081,0,0,0,0,0,0,0,0
ot,otpa1273,152.515,-31.7194,0,0,0,0,0,0,0,0
ot,otpa1380,152.1662,-31.7217,0,0,0,0,0,0,0,0
ot,otpa783,152.1619,-31.7225,0,0,0,0,0,0,0,0
ot,otpa1219,152.1671,-31.7334,0,0,0,0,0,0,0,0
ot,otpa1742,152.6221,-31.7329,0,0,0,0,0,1,1,0
ot,otpa1744,152.6205,-31.7342,0,0,0,0,0,0,1,0
ot,otpa503,152.593,-31.7355,0,0,0,0,0,0,0,0
ot,otpa1260,152.6152,-31.7364,0,0,0,0,0,0,1,0
ot,otpa1636,152.4869,-31.7369,0,0,0,0,0,1,0,0
ot,otpa409,152.1185,-31.7385,1,0,0,0,0,0,0,0
ot,otpa740,152.185,-31.7389,0,0,0,0,0,1,0,0
ot,otpa889,152.4869,-31.7387,0,0,0,0,0,1,0,0
ot,otpa1134,152.489,-31.7387,0,0,0,0,0,1,0,0
ot,otpa1772,152.5334,-31.7389,0,0,0,0,0,0,0,0
ot,otpa1533,152.1343,-31.7404,0,0,0,0,0,1,0,0
ot,otpa931,152.1765,-31.7407,0,0,0,0,0,0,0,0
ot,otpa1944,152.489,-31.7405,0,0,0,0,0,1,0,0
ot,otpa532,152.5313,-31.7407,0,0,0,0,0,0,0,0
ot,otpa2058,152.5334,-31.7407,0,0,0,0,0,0,0,0
ot,otpa2076,152.565,-31.7444,0,0,0,0,0,1,0,0
ot,otpa1169,152.5714,-31.7444,0,0,0,0,0,1,0,0
ot,otpa833,152.5692,-31.7462,0,0,0,0,0,1,0,0
ot,otpa2167,152.5713,-31.7462,0,0,0,0,0,0,0,0
ot,otpa274,152.4288,-31.7466,0,0,0,0,0,1,1,0
ot,otpa241,152.5692,-31.748,0,0,0,0,0,0,0,0
ot,otpa976,152.6188,-31.7491,0,0,0,0,0,0,0,0
ot,otpa2066,152.5776,-31.7535,0,0,0,0,0,0,0,0
ot,otpa1172,152.5861,-31.7535,0,0,0,0,0,1,0,0
ot,otpa630,152.5776,-31.7571,0,0,0,0,0,1,0,0
ot,otpa2029,152.5797,-31.7571,0,0,0,0,0,0,0,0
ot,otpa344,152.1077,-31.7583,0,0,0,0,0,1,0,0
ot,otpa811,152.1489,-31.7585,0,0,0,0,0,1,0,0
ot,otpa2118,152.585,-31.7616,0,0,0,0,0,0,0,0
ot,otpa1554,152.133,-31.7657,0,0,0,0,0,1,0,0
ot,otpa1581,152.5945,-31.7653,0,0,0,0,0,1,0,0
ot,otpa1329,152.1129,-31.7673,0,0,0,0,0,1,0,0
ot,otpa890,152.7223,-31.771,0,0,0,1,0,0,0,1
ot,otpa1980,152.5918,-31.7756,0,0,0,0,0,1,0,0
ot,otpa1632,152.6298,-31.783,0,0,0,0,0,1,0,0
ot,otpa1590,152.5865,-31.7833,0,0,0,0,0,1,0,0
ot,otpa377,152.6213,-31.7834,0,0,0,0,0,0,0,0
ot,otpa983,152.6007,-31.7842,0,0,0,0,0,1,0,0
ot,otpa111,152.6071,-31.786,0,0,0,0,0,1,0,0
ot,otpa951,152.5395,-31.7876,0,0,0,0,0,1,0,0
ot,otpa1585,152.605,-31.7878,0,0,0,0,0,1,0,0
ot,otpa589,152.5395,-31.7894,0,0,0,0,0,1,0,0
ot,otpa2035,152.6049,-31.7896,0,0,0,0,0,1,0,0
ot,otpa292,152.5395,-31.7912,0,0,0,0,0,0,0,0
ot,otpa2040,152.7127,-31.7972,0,0,0,1,0,0,0,0
ot,otpa284,151.7936,-31.8012,0,0,0,0,0,0,0,0
ot,otpa993,151.7941,-31.8017,0,0,0,0,0,0,0,0
ot,otpa236,152.5077,-31.8019,0,0,0,0,0,0,0,0
ot,otpa1109,152.5183,-31.8038,0,0,0,0,0,1,1,0
ot,otpa311,152.1411,-31.8045,0,0,0,0,0,0,0,0
ot,otpa384,152.5521,-31.8039,0,0,0,0,0,0,0,0
ot,otpa350,152.5077,-31.8092,0,0,0,0,0,0,0,0
ot,otpa564,152.5077,-31.811,0,0,0,0,0,1,0,0
ot,otpa1620,152.5288,-31.811,0,0,0,0,0,0,0,0
ot,otpa1442,152.1484,-31.8127,0,0,0,0,0,0,0,0
ot,otpa965,152.1548,-31.8127,0,0,0,0,0,0,0,0
ot,otpa1515,152.5076,-31.8128,0,0,0,0,0,0,0,0
ot,otpa1729,151.5196,-31.8152,0,0,0,0,0,0,0,0
ot,otpa2129,151.5243,-31.8171,1,0,0,0,0,0,0,0
ot,otpa510,152.1315,-31.8171,0,0,0,0,0,1,0,0
ot,otpa23,152.5288,-31.8165,0,0,0,0,0,0,0,0
ot,otpa501,152.5076,-31.82,0,0,0,0,0,1,0,0
ot,otpa1292,151.5868,-31.8203,0,0,0,0,0,0,0,0
ot,otpa2194,152.1653,-31.8218,0,0,0,0,0,1,0,0
ot,otpa1039,151.5208,-31.8224,1,0,0,0,0,0,0,0
ot,otpa1337,152.5034,-31.8236,0,0,0,0,0,0,0,0
ot,otpa820,152.6006,-31.8257,0,0,0,0,0,0,0,0
ot,otpa544,151.5655,-31.8288,1,0,0,0,0,0,0,0
ot,otpa841,152.1631,-31.8286,1,0,0,0,0,0,1,0
ot,otpa543,152.1599,-31.8299,0,0,0,0,0,0,0,0
ot,otpa1644,151.5183,-31.8314,0,0,0,0,0,0,0,0
ot,otpa720,151.5216,-31.8349,0,0,0,0,0,0,0,0
ot,otpa417,152.4737,-31.8397,0,0,0,0,0,0,0,0
ot,otpa1021,152.4589,-31.8414,0,0,0,0,0,1,0,0
ot,otpa1251,151.601,-31.8426,0,0,0,0,0,0,0,0
ot,otpa663,152.4589,-31.8432,0,0,0,0,0,1,0,0
ot,otpa432,152.4737,-31.8433,0,0,0,0,0,0,0,0
ot,otpa4,152.4525,-31.845,0,0,0,0,0,0,0,0
ot,otpa1497,152.4546,-31.845,0,0,0,0,0,0,0,0
ot,otpa539,151.6081,-31.8462,1,0,0,0,0,0,0,0
ot,otpa791,152.4715,-31.8469,0,0,0,0,0,0,0,0
ot,otpa861,151.6064,-31.8552,0,0,0,0,0,0,0,0
ot,otpa850,152.5095,-31.8579,0,0,0,0,0,0,0,0
ot,otpa2079,151.5701,-31.8591,0,0,1,0,0,0,0,0
ot,otpa1516,151.4972,-31.8757,0,0,1,0,0,0,0,0
ot,otpa1274,151.4907,-31.8803,0,0,1,0,0,0,0,0
ot,otpa1203,151.4292,-31.8807,0,0,0,0,0,0,0,0
ot,otpa2023,151.399,-31.8853,0,0,0,0,0,0,0,0
ot,otpa2038,151.4108,-31.8872,0,0,0,0,0,0,0,0
ot,otpa601,151.8319,-31.8897,1,0,0,0,0,0,0,0
ot,otpa611,151.4477,-31.8913,0,0,1,0,0,0,0,0
ot,otpa1252,151.5645,-31.8945,0,0,0,0,0,0,0,0
ot,otpa507,151.4233,-31.896,0,0,0,0,0,0,0,0
ot,otpa463,151.4342,-31.8988,0,0,0,0,0,0,0,0
ot,otpa654,151.4772,-31.902,0,0,0,0,0,0,0,0
ot,otpa1188,151.4523,-31.9049,0,0,0,0,0,0,0,0
ot,otpa1758,151.4237,-31.9083,0,0,1,0,0,0,0,0
ot,otpa1332,152.1899,-31.9086,1,0,0,0,0,0,0,0
ot,otpa342,151.4308,-31.9105,0,0,1,0,0,0,0,0
ot,otpa1666,151.4019,-31.9137,0,0,1,0,0,0,0,0
ot,otpa1824,151.4003,-31.9146,0,0,1,0,0,0,0,0
ot,otpa1710,151.3606,-31.9159,0,0,0,0,0,0,0,0
ot,otpa782,151.5,-31.9154,0,0,0,0,0,0,0,0
ot,otpa1807,151.4356,-31.92,0,0,1,0,0,0,0,0
ot,otpa837,151.4678,-31.924,0,0,1,0,0,0,0,0
ot,otpa1013,151.3464,-31.9288,0,0,0,0,0,0,0,0
ot,otpa2062,151.4111,-31.9301,0,0,1,0,0,0,0,0
ot,otpa800,151.3804,-31.931,0,0,1,0,0,0,0,0
ot,otpa1536,151.3728,-31.935,0,0,1,0,0,0,0,0
ot,otpa249,151.386,-31.9347,0,0,1,0,0,0,0,0
ot,otpa1278,151.4506,-31.9407,0,0,1,0,0,0,0,0
ot,otpa1331,151.5494,-31.9462,1,0,0,0,0,0,0,0
ot,otpa138,151.4487,-31.9492,0,0,0,0,0,0,0,0
ot,otpa1650,151.5518,-31.9513,1,0,0,0,0,0,0,0
ot,otpa1056,151.4228,-31.9564,0,0,0,0,0,0,0,0
ot,otpa1015,151.4771,-31.958,0,0,1,0,0,0,0,0
ot,otpa1856,151.48,-31.958,0,0,1,0,0,0,0,0
ot,otpa308,151.545,-31.958,1,0,0,0,0,0,0,0
ot,otpa752,151.4136,-31.9587,0,0,1,0,0,0,0,0
ot,otpa488,151.4244,-31.9596,0,0,0,0,0,0,0,0
ot,otpa422,152.4539,-31.9646,0,0,0,0,0,1,0,0
ot,otpa1662,151.5189,-31.9679,0,0,0,0,0,0,0,0
ot,otpa2157,151.3907,-31.9701,0,0,0,0,0,0,0,0
ot,otpa1990,152.5322,-31.9716,0,0,0,0,0,0,0,0
ot,otpa582,151.4209,-31.9757,0,0,1,0,0,0,0,0
ot,otpa355,152.5258,-31.9761,0,0,0,0,0,0,1,0
ot,otpa1535,151.3954,-31.9822,0,0,1,0,0,0,0,0
ot,otpa1981,152.538,-31.9834,0,0,0,0,0,1,0,0
ot,otpa444,151.4041,-31.9906,0,0,0,0,0,0,0,0
ot,otpa1303,152.5178,-31.9901,0,0,0,0,0,1,0,0
ot,otpa1317,151.4047,-31.9936,1,0,0,0,0,0,0,0
ot,otpa886,151.4188,-31.9938,0,0,1,0,0,0,0,0
ot,otpa1340,152.5374,-31.9969,0,0,0,0,0,1,0,0
ot,otpa828,151.4041,-31.9987,0,0,0,0,0,0,0,0
ot,otpa1125,152.532,-32.0077,0,0,0,0,0,0,0,0
ot,otpa673,152.3942,-32.032,0,0,0,0,0,0,1,0
ot,otpa108,151.3536,-32.0403,0,0,0,0,0,0,0,0
ot,otpa1089,151.5958,-32.0619,0,0,1,0,0,0,0,0
ot,otpa579,151.3476,-32.067,0,0,0,0,0,0,0,0
ot,otpa360,151.3714,-32.07,0,0,0,0,0,0,0,0
ot,otpa882,151.3732,-32.07,0,0,0,0,0,0,0,0
ot,otpa378,151.349,-32.0783,1,0,0,0,0,0,0,0
ot,otpa2180,151.3832,-32.0918,0,0,0,0,0,0,0,0
ot,otpa693,151.2956,-32.1173,0,0,0,0,0,0,0,0
ot,otpa312,151.3022,-32.1183,0,0,0,0,0,0,0,0
ot,otpa2072,151.3002,-32.1212,0,0,0,0,0,0,0,0
ot,otpa545,151.2868,-32.1226,0,0,0,0,0,0,0,0
ot,otpa1963,151.3156,-32.1243,0,0,0,0,0,0,0,0
ot,otpa2090,151.2708,-32.1273,0,0,0,0,0,0,0,0
ot,otpa930,151.2909,-32.127,0,0,0,0,0,0,0,0
ot,otpa310,151.2739,-32.1287,0,0,0,0,0,0,0,0
ot,otpa1937,151.2707,-32.1307,0,0,0,0,0,0,0,0
ot,otpa1097,151.2798,-32.1356,0,0,0,0,0,0,0,0
ot,otpa884,151.2867,-32.135,0,0,0,0,0,0,0,0
ot,otpa2057,151.4879,-32.1362,1,0,0,0,0,0,0,0
ot,otpa810,151.8359,-32.1368,0,0,0,0,0,1,1,0
ot,otpa723,151.2644,-32.1385,0,0,0,0,0,0,0,0
ot,otpa1283,152.3347,-32.1395,0,0,0,0,0,0,1,0
ot,otpa379,151.2808,-32.1414,0,0,0,0,0,0,0,0
ot,otpa105,151.2983,-32.1419,0,0,0,0,0,0,0,0
ot,otpa106,151.2696,-32.1426,0,0,0,0,0,0,0,0
ot,otpa2223,151.2912,-32.1423,0,0,0,0,0,0,0,0
ot,otpa496,151.3014,-32.1424,0,0,0,0,0,0,0,0
ot,otpa561,151.2784,-32.143,0,0,0,0,0,0,0,0
ot,otpa1238,151.2879,-32.1454,0,0,0,0,0,0,0,0
ot,otpa1489,151.2969,-32.1453,0,0,0,0,0,0,0,0
ot,otpa1782,151.2977,-32.1448,0,0,0,0,0,0,0,0
ot,otpa278,151.3062,-32.1448,0,0,0,0,0,0,0,0
ot,otpa1404,151.2805,-32.1459,0,0,0,0,0,0,0,0
ot,otpa211,151.2948,-32.147,0,0,0,0,0,0,0,0
ot,otpa675,151.3061,-32.147,0,0,0,0,0,0,0,0
ot,otpa1583,151.4761,-32.148,0,0,0,0,0,0,0,0
ot,otpa1184,151.8781,-32.1475,0,0,0,0,0,0,0,0
ot,otpa1185,151.3016,-32.1497,0,0,0,0,0,0,0,0
ot,otpa1877,151.5009,-32.1519,1,0,0,0,0,0,0,0
ot,otpa542,151.3228,-32.1621,0,0,0,0,0,0,0,0
ot,otpa2165,151.3164,-32.1645,0,0,0,0,0,0,0,0
ot,otpa1984,151.4323,-32.1646,1,0,0,0,0,0,0,0
ot,otpa1826,151.3554,-32.1671,0,0,0,0,0,0,0,0
ot,otpa749,152.048,-32.1667,0,0,0,0,0,0,0,0
ot,otpa1379,151.3789,-32.1702,1,0,0,0,0,0,0,0
ot,otpa2138,152.0464,-32.1719,0,0,0,0,0,0,1,0
ot,otpa2078,152.0862,-32.1731,0,0,0,0,0,0,0,0
ot,otpa2007,151.3599,-32.1826,0,0,0,0,0,0,0,0
ot,otpa1974,151.3408,-32.184,1,0,0,0,0,0,0,0
ot,otpa929,151.4341,-32.1847,1,0,0,0,0,0,0,0
ot,otpa1838,151.3403,-32.1912,1,0,0,0,0,0,0,0
ot,otpa1504,151.3409,-32.1908,1,0,0,0,0,0,0,0
ot,otpa1911,151.2745,-32.1926,1,0,0,0,0,0,0,0
ot,otpa980,151.3105,-32.1982,1,0,0,0,0,0,0,0
ot,otpa1893,151.2665,-32.1988,1,0,0,0,0,0,0,0
ot,otpa1816,151.3142,-32.2001,1,0,0,0,0,0,0,0
ot,otpa1573,151.2971,-32.2039,1,0,0,0,0,0,0,0
ot,otpa1130,151.2703,-32.2067,1,0,0,0,0,0,0,0
ot,otpa1649,151.2875,-32.2067,1,0,0,0,0,0,0,0
ot,otpa1503,151.3345,-32.206,0,0,0,0,0,0,0,0
ot,otpa464,151.3377,-32.208,1,0,0,0,0,0,0,0
ot,otpa1363,151.3129,-32.2093,0,0,0,0,0,0,0,0
ot,otpa1313,151.3365,-32.2142,1,0,0,0,0,0,0,0
ot,otpa563,151.276,-32.2165,0,0,0,0,0,0,0,0
ot,otpa212,151.3298,-32.2165,0,0,0,0,0,0,0,0
ot,otpa1040,151.2972,-32.217,1,0,0,0,0,0,0,0
ot,otpa658,151.2765,-32.2188,0,0,0,0,0,0,0,0
ot,otpa2222,151.3382,-32.2216,0,0,0,0,0,0,0,0
ot,otpa2139,151.3413,-32.2237,1,0,0,0,0,0,0,0
ot,otpa786,151.3243,-32.2253,0,0,0,0,0,0,0,0
ot,otpa911,151.3147,-32.2298,0,0,0,0,0,0,0,0
ot,otpa1392,151.3114,-32.2325,1,0,0,0,0,0,0,0
ot,otpa1012,151.3059,-32.2331,1,0,0,0,0,0,0,0
ot,otpa2053,151.2965,-32.2377,1,0,0,0,0,0,0,0
ot,otpa1190,151.3276,-32.2388,0,0,0,0,0,0,0,0
ot,otpa872,152.1041,-32.2391,0,0,0,0,0,0,0,0
ot,otpa639,151.3325,-32.2412,1,0,0,0,0,0,0,0
ot,otpa1502,151.301,-32.2427,1,0,0,0,0,0,0,0
ot,otpa879,152.1194,-32.2577,0,0,0,0,0,0,0,0
ot,otpa458,152.2839,-32.261,0,0,0,0,0,0,1,0
ot,otpa513,151.7853,-32.2682,0,0,0,0,0,0,0,0
ot,otpa2095,152.278,-32.2691,0,0,0,0,0,0,0,0
ot,otpa62,152.2827,-32.27,0,0,0,0,0,1,1,0
ot,otpa2142,152.1139,-32.2748,0,0,0,0,0,0,0,0
ot,otpa43,152.3692,-32.2817,0,0,0,0,0,1,0,0
ot,otpa2054,151.8194,-32.301,0,0,0,0,0,0,1,0
ot,otpa959,152.263,-32.3161,0,0,0,0,0,0,0,0
ot,otpa1997,152.4104,-32.3167,0,0,0,1,0,0,1,0
ot,otpa1614,152.3966,-32.3193,0,0,0,1,0,1,1,0
ot,otpa374,152.2091,-32.3201,0,0,0,0,0,1,0,0
ot,otpa774,152.4535,-32.3401,0,0,0,0,0,0,0,0
ot,otpa210,152.457,-32.3412,0,0,0,0,0,0,0,0
ot,otpa803,152.3802,-32.3433,0,0,0,1,0,0,0,0
ot,otpa855,152.3839,-32.3436,0,0,0,1,0,0,0,0
ot,otpa2210,151.8242,-32.345,0,0,0,0,0,0,1,0
ot,otpa762,152.3781,-32.3451,0,0,0,1,0,1,0,0
ot,otpa1144,152.3836,-32.3454,0,0,0,1,0,1,0,0
ot,otpa1637,152.4469,-32.3466,0,0,0,0,0,1,1,0
ot,otpa489,152.3788,-32.3474,0,0,0,1,0,1,0,0
ot,otpa190,152.3804,-32.3472,0,0,0,1,0,0,0,0
ot,otpa537,152.2811,-32.348,0,0,0,1,0,0,1,0
ot,otpa1665,152.2869,-32.3483,0,0,0,0,0,0,0,0
ot,otpa1673,152.088,-32.3652,0,0,0,0,0,0,1,0
ot,otpa1011,151.2939,-32.3741,0,0,0,0,0,0,0,0
ot,otpa115,152.2674,-32.3953,0,0,0,0,0,0,1,0
ot,otpa2171,152.3309,-32.4407,0,0,0,1,0,0,0,0
ot,otpa1396,152.1665,-32.5011,0,0,0,1,0,0,1,1
ot,otpa1421,152.1893,-32.5116,0,0,0,1,0,0,0,1
ot,otpa668,152.1887,-32.513,0,0,0,1,0,0,1,0
ot,otpa28,152.1929,-32.5234,0,0,0,1,0,0,0,0
ot,otpa148,152.2025,-32.5248,0,0,0,1,0,0,0,1
ot,otpa306,151.7326,-32.5845,0,0,0,0,0,0,1,0
ot,otpa1678,151.7251,-32.5908,0,0,0,0,0,0,0,0
ot,otpa1415,151.84,-32.6424,0,0,0,1,0,0,1,1
ot,otpa1057,151.84,-32.6437,0,0,0,1,0,0,1,0
ot,otpa1830,151.793,-32.6523,0,0,0,0,0,0,0,0
ot,otpa1959,151.8115,-32.6642,0,0,0,1,0,0,0,1
ot,otpa521,151.8141,-32.6661,0,0,0,1,0,0,0,1
ot,otpa1154,151.9304,-32.7068,0,0,0,1,0,0,0,0
ot,otpa854,152.0944,-32.7893,0,0,0,1,0,0,0,0
ot,otpa1153,152.0955,-32.7893,0,0,0,1,0,0,0,0