group,siteid,x,y,awt01,awt02,awt03,awt04,awt05,awt06,awt07,awt08,awt09,awt10,awt11,awt12,awt13,awt14,awt15,awt16,awt17,awt18,awt19,awt20
bird,b273,313522.9063,8262671.5,0,1,0,0,0,0,0,1,0,0,0,0,0,0,0,0,0,0,0,0
bird,b274,313715.875,8262677,0,1,0,0,0,0,0,1,1,0,0,0,0,0,1,0,0,0,0,0
bird,b275,314323.1563,8262222,0,1,0,0,0,0,0,1,0,0,0,0,0,0,0,0,0,0,0,1
bird,b278,315116.75,8262183,0,0,0,1,0,1,0,1,0,0,0,0,0,0,0,0,0,1,0,0
bird,b276,314688.8125,8262111,1,1,1,1,0,1,0,1,1,0,0,0,0,0,0,0,0,0,0,1
bird,b281,315166.5313,8262096,1,1,0,0,0,1,1,1,0,0,0,0,0,0,0,0,0,0,0,0
bird,b192,310589.5,8253578,1,1,0,0,0,0,1,1,0,0,0,0,0,0,0,0,0,1,0,0
bird,b195,318657.5313,8252847,0,1,0,1,0,0,0,1,0,1,0,0,1,0,0,0,0,0,0,0
bird,b196,319236.5313,8252411,0,1,0,0,0,0,0,1,0,0,0,0,0,0,0,0,0,0,0,1
bird,b193,310337.75,8249887,1,1,1,1,0,0,1,1,0,0,0,0,0,0,0,0,0,1,0,0
bird,b194,311172.3125,8249789,1,1,0,1,0,0,0,1,0,0,0,0,0,0,0,0,0,1,0,0
bird,b282,307781.6875,8243887,1,0,1,1,1,1,0,0,1,1,0,0,1,0,1,0,1,1,1,1
bird,b283,307495.5938,8243515,1,1,0,1,0,1,0,0,1,1,0,0,1,1,1,0,0,1,1,1
bird,b284,307713.75,8243234,1,0,1,1,0,1,1,0,1,1,0,0,1,1,1,1,1,1,1,1
bird,b285,307745.75,8242742,1,0,1,1,0,1,0,0,1,0,1,0,1,1,1,1,1,0,1,1
bird,b287,309073.6563,8242639,0,0,1,0,0,1,1,0,1,0,0,0,1,1,1,1,1,0,0,1
bird,b286,308472.4063,8242430,0,0,1,1,1,1,1,0,0,0,0,0,1,1,1,1,0,1,1,1
bird,b527,329493.5938,8234997,0,1,0,0,0,0,0,1,0,0,0,0,0,0,0,0,0,1,0,0
bird,b528,324225.9063,8234316,0,1,1,1,0,0,1,1,0,0,0,0,0,0,0,0,0,1,0,0
bird,b524,334980.375,8225995,1,1,0,0,0,0,0,1,0,0,0,0,0,0,0,0,0,1,0,0
bird,b523,335611.8125,8220564,1,1,0,0,0,0,0,1,0,0,0,0,0,0,0,0,1,1,0,0
bird,b517,330354.5938,8209863,1,1,1,1,0,0,1,1,0,0,0,0,0,0,0,0,1,1,0,0
bird,b543,285704.3438,8205980.5,0,0,0,0,0,1,0,0,0,0,0,0,0,1,1,1,1,0,1,0
bird,b542,286929.1563,8205710,0,0,0,1,0,1,0,0,0,1,0,0,0,1,1,1,1,0,0,0
bird,b518,331292.1563,8205493,1,0,0,0,0,0,1,1,0,0,0,0,0,0,0,0,0,1,0,1
bird,b541,287450.8125,8205088.5,0,0,1,0,0,1,0,0,0,1,0,0,1,1,1,1,1,0,1,0
bird,b540,286944.5,8204299.5,0,0,0,0,0,1,0,0,0,1,0,1,1,1,1,0,1,0,1,0
bird,b537,287372.4063,8203752.5,0,0,0,1,0,0,0,0,0,0,0,0,0,1,1,1,1,0,1,0
bird,b519,332859.0313,8203251.5,0,1,0,0,0,0,0,1,0,0,0,0,0,0,0,0,0,1,0,0
bird,b539,288165.8438,8203199,0,0,0,1,0,0,0,0,0,1,0,0,0,1,1,1,1,0,0,0
bird,b536,288965.2813,8202862,0,0,0,1,0,1,0,0,0,1,0,0,1,1,1,1,1,0,1,0
bird,b531,290433.8438,8202159.5,0,0,1,1,0,1,0,0,0,0,0,1,1,1,1,1,1,0,1,1
bird,b437,323032.4375,8201681,1,1,0,1,0,0,0,1,0,0,0,0,0,0,0,0,0,1,0,0
bird,b535,292944.6875,8201460.5,0,0,0,0,0,1,1,0,0,1,0,0,1,1,1,1,1,0,1,1
bird,b532,291216.0313,8201399.5,0,0,1,1,0,0,0,0,0,0,0,1,1,1,0,1,1,0,0,1
bird,b533,291648.4063,8201392.5,0,0,1,0,0,1,1,0,0,1,0,0,1,1,1,1,1,1,1,0
bird,b534,292320.8438,8201360,0,0,0,0,0,1,0,0,0,1,0,1,1,1,1,0,0,1,0,0
bird,b530,290767.1875,8201249.5,0,0,0,0,0,1,0,0,0,0,0,0,0,1,1,0,1,1,1,0
bird,b544,294098.5938,8199155.5,0,0,1,1,0,1,1,0,0,1,0,0,1,1,1,1,1,0,0,1
bird,b545,295907.7188,8198440.5,0,0,0,0,0,1,1,0,1,1,0,0,1,1,1,0,0,1,0,1
bird,b435,329988.625,8194409.5,1,0,1,1,0,0,1,1,0,0,0,0,0,0,0,0,0,1,0,0
bird,b433,322506.125,8186231.5,0,1,0,0,0,0,0,1,0,0,0,0,0,0,0,0,0,1,0,0
bird,b432,323244.2813,8183264.5,0,1,0,1,0,0,0,1,0,0,0,0,0,0,0,0,0,1,0,0
bird,b429,321393.4375,8178473.5,0,1,1,1,0,0,1,1,0,0,1,0,1,0,1,0,0,1,0,0
bird,b428,321860.6563,8178131.5,1,1,0,1,0,0,0,1,0,0,0,0,0,0,0,0,0,1,0,0
bird,b430,322094.1875,8177869.5,1,1,0,1,0,0,0,1,0,0,0,0,1,0,1,0,0,1,0,0
bird,b260,315368.2813,8174628.5,1,0,0,1,0,1,0,0,0,0,0,0,0,1,1,1,1,1,1,0
bird,b259,315294,8173793.5,0,0,0,0,0,1,0,0,0,0,0,0,1,1,1,1,0,0,1,0
bird,b271,315965.0625,8171906,0,0,0,0,0,1,0,0,0,0,0,1,0,1,1,0,1,0,1,0
bird,b272,316282.3125,8171949.5,0,0,0,0,0,1,0,0,0,0,0,1,0,1,1,0,1,0,1,0
bird,b438,328671.4688,8171760.5,1,1,1,1,0,0,0,1,0,0,0,0,0,0,1,0,0,1,0,0
bird,b270,327278.5,8171192.5,1,1,0,1,0,0,1,1,0,0,0,0,0,0,0,0,0,1,0,0
bird,b248,316616.5,8169251.5,0,0,0,1,0,1,0,0,0,0,0,0,1,1,1,1,1,0,0,0
bird,b247,316567.0938,8169126.5,0,0,0,0,0,1,0,0,0,0,0,0,0,1,1,1,1,1,1,0
bird,b265,323448.3125,8169123.5,1,0,0,1,0,1,0,1,0,0,0,0,0,0,1,0,0,1,0,1
bird,b267,329966.3125,8169094.5,1,1,0,1,0,0,1,1,0,0,0,0,0,0,0,0,0,1,0,0
bird,b246,316442.5313,8169026.5,0,0,0,1,0,1,0,0,0,0,0,0,0,1,1,0,1,1,1,0
bird,b245,316416.3438,8168851.5,0,0,0,1,0,1,0,0,0,0,0,0,1,0,1,0,1,0,0,0
bird,b244,316267.1563,8168776.5,0,0,0,1,0,1,1,0,0,1,0,0,1,0,1,0,1,0,0,0
bird,b243,316116.9688,8168626.5,0,0,0,0,0,1,0,0,0,1,0,0,1,1,1,0,1,0,1,0
bird,b266,324945.9688,8167612.5,1,1,0,0,0,0,0,1,0,0,0,0,0,0,0,0,0,1,0,0
bird,b236,315366.1563,8167301.5,0,0,0,1,0,1,0,0,0,0,0,0,1,1,1,1,1,0,0,0
bird,b238,315041.5313,8167176.5,0,0,1,0,1,1,0,0,0,0,0,0,1,0,1,1,1,0,1,0
bird,b237,315241.8438,8167176.5,0,0,1,1,1,1,0,0,0,1,0,0,1,1,1,1,1,0,1,0
bird,b239,314841.625,8167126.5,0,0,1,1,0,1,0,0,0,0,1,0,0,1,1,0,1,0,0,0
bird,b269,322409.7188,8167097.5,1,1,0,1,0,1,0,1,0,0,0,0,0,0,1,0,0,1,0,0
bird,b240,314891.7813,8166976.5,0,0,0,0,1,1,0,0,1,0,0,0,1,0,1,0,1,1,0,1
bird,b241,314757.5,8166876.5,0,0,0,1,1,1,1,0,1,1,0,0,1,1,1,1,1,0,1,1
bird,b253,318666.375,8165676.5,0,0,1,0,0,1,1,0,0,1,0,0,0,0,1,0,1,1,1,1
bird,b254,318842.25,8165676.5,0,0,0,0,0,1,0,0,0,1,0,0,0,0,1,0,1,0,0,0
bird,b255,318960.0313,8165614.5,1,0,0,0,0,1,0,0,0,1,0,0,0,0,0,0,0,0,0,0
bird,b252,318566.6875,8165526.5,0,0,0,1,0,1,0,0,0,1,0,0,1,0,1,0,0,0,0,0
bird,b251,318417.3125,8165476.5,0,0,0,1,0,1,0,0,0,0,0,0,0,1,1,1,1,0,1,0
bird,b250,318191.5938,8165401.5,0,0,0,1,0,1,0,0,0,1,0,0,0,0,0,0,0,0,1,0
bird,b261,316036.75,8164694.5,0,0,0,1,0,1,0,0,1,0,0,0,1,1,1,1,0,1,1,0
bird,b263,322878.5938,8164557.5,1,0,0,0,0,0,0,1,0,0,0,0,0,0,1,0,0,1,0,0
bird,b262,315607.7188,8164026.5,0,0,0,1,1,1,0,0,1,1,0,0,1,1,0,1,1,1,1,1
bird,b206,348088.5625,8149459.5,1,0,0,1,0,1,0,1,0,0,0,0,0,0,0,0,0,1,0,1
bird,b205,349034.125,8147592,0,1,1,0,0,0,0,1,0,1,0,0,0,0,1,1,0,0,0,0
bird,b202,351386.2188,8147399.5,0,1,0,0,0,1,0,1,0,0,0,0,0,0,0,1,1,1,0,1
bird,b204,349603.125,8147185.5,0,1,1,0,0,0,1,1,1,1,1,0,0,0,0,0,0,1,0,1
bird,b203,350004.8125,8147206.5,0,1,0,0,0,1,0,1,0,0,0,0,0,0,1,0,0,1,0,1
bird,b201,354204.3438,8143780.5,0,1,0,1,0,0,1,1,1,0,0,0,0,0,0,1,0,1,0,1
bird,b199,355918.0313,8143391,1,1,1,1,0,0,1,1,0,0,1,0,0,0,1,0,0,1,0,0
bird,b200,355532.375,8142943.5,1,1,0,1,0,0,0,0,0,0,0,0,0,0,0,1,0,1,0,0
bird,b209,355398.3438,8136880,1,0,0,1,0,0,0,1,0,0,0,0,0,0,0,0,0,0,0,1
bird,b463,379716.5,8112877,0,1,1,1,0,0,0,1,0,0,0,0,0,0,0,0,0,0,0,0
bird,b461,379916.25,8112877,1,1,0,1,0,0,0,1,0,0,0,0,0,0,0,0,0,1,0,0
bird,b462,379816.7188,8112677,0,1,0,1,0,0,0,1,0,1,0,0,0,0,0,0,0,1,0,0
bird,b460,379816.25,8112477,0,1,1,0,0,0,0,1,0,1,0,0,0,0,0,0,0,0,0,0
bird,b458,379316.2188,8112177,0,1,1,1,0,1,0,1,0,0,0,0,0,0,0,0,0,1,0,0
bird,b456,379515.9375,8112177,1,0,1,1,0,0,1,1,0,0,0,0,0,0,0,0,0,1,0,0
bird,b457,379415.8438,8112077,1,1,1,0,0,0,0,1,0,0,0,0,0,0,0,0,0,0,0,0
bird,b454,379216.9375,8111377,1,1,1,1,0,1,0,1,0,0,1,0,0,0,0,0,0,1,0,0
bird,b452,379316,8111377,1,1,0,1,0,0,0,1,0,0,0,0,0,0,0,0,0,0,0,0
bird,b455,379515.7188,8111377,1,1,1,0,0,0,0,1,0,0,1,0,0,0,0,0,0,1,0,0
bird,b453,379316.5938,8111277,0,1,1,1,0,0,0,1,0,0,0,0,0,0,0,0,0,1,0,0
bird,b440,380716.5,8110677,1,0,0,1,0,0,1,1,0,1,0,0,0,0,1,0,0,1,0,0
bird,b441,380616.4063,8110577,0,0,1,0,0,1,0,1,0,1,0,0,0,0,0,0,0,0,0,0
bird,b439,380716.0313,8110477,0,0,0,0,0,0,0,1,0,0,0,0,0,0,0,0,1,0,0,0
bird,b442,380916.3125,8110377,0,0,1,0,0,1,1,1,0,1,0,0,0,0,1,0,0,0,0,0
bird,b443,381116.25,8109777,1,1,1,0,0,1,0,1,0,1,0,0,0,0,0,0,0,0,0,0
bird,b446,381315.9375,8109777,1,0,1,0,1,1,1,1,0,0,0,0,1,0,0,0,0,1,0,0
bird,b445,381316.5313,8109677,1,0,1,1,0,1,1,1,0,1,0,0,0,0,1,0,1,1,1,0
bird,b444,381317.0938,8109577,0,1,0,0,0,1,0,1,0,0,0,0,0,0,0,0,0,0,0,0
bird,b448,382315.8125,8108977,1,1,1,1,0,1,1,0,0,1,0,0,0,0,0,0,0,0,1,0
bird,b447,382416.4688,8108977,1,1,1,0,0,1,1,1,0,0,0,0,0,0,1,0,0,0,0,0
bird,b449,382517.125,8108977,1,1,1,0,0,1,1,1,0,1,0,0,0,0,1,0,0,0,1,0
bird,b450,382516.0938,8108877,0,1,1,1,0,1,0,0,0,0,0,0,0,0,1,0,0,0,1,0
bird,b234,380782.5625,8099794,0,1,0,1,0,0,0,1,0,0,0,0,0,0,0,0,0,1,0,0
bird,b53,360216.625,8096177,0,0,1,1,1,1,0,1,1,0,0,0,0,0,1,0,1,1,0,0
bird,b54,358783.3438,8095760,0,0,0,1,0,1,1,0,1,0,0,0,0,0,1,0,0,1,0,1
bird,b213,368082.875,8095775,1,1,0,1,0,0,0,1,0,0,0,0,0,0,0,0,0,1,0,1
bird,b214,368616,8095127,1,1,1,0,0,0,0,1,1,0,0,0,0,0,0,0,0,0,0,1
bird,b124,378616.4063,8091477,0,0,0,1,0,0,0,0,0,0,0,0,0,1,1,0,0,0,1,0
bird,b754,377886.875,8091123,0,0,0,0,0,0,0,0,0,0,0,0,0,1,1,0,1,0,1,0
bird,b753,378086.4063,8091123,0,0,0,1,0,0,0,0,0,0,0,0,0,1,1,0,0,0,0,0
bird,b139,379217.0938,8091127,0,0,0,0,0,0,0,0,0,0,0,0,1,1,1,0,1,0,1,0
bird,b138,379316.3438,8091077,0,0,0,1,0,1,0,0,0,0,0,0,1,1,1,0,0,0,1,0
bird,b137,379391.25,8091027,1,0,0,1,0,0,0,0,0,0,0,1,1,1,1,0,1,0,1,0
bird,b120,378316,8090977,0,0,0,0,0,0,0,0,0,0,0,0,0,0,1,0,1,0,0,1
bird,b119,378117.0625,8090877,0,0,0,1,0,0,0,0,0,0,0,0,1,1,1,1,0,0,0,0
bird,b568,378214.375,8090884,0,0,0,1,0,0,0,0,0,0,0,0,0,1,1,0,0,0,0,0
bird,b569,378439.8438,8090888,0,0,0,1,0,0,0,0,0,0,0,0,1,1,1,0,1,0,0,0
bird,b570,378677.1563,8090804,0,0,0,0,0,0,0,0,0,0,0,0,0,0,1,0,0,0,0,0
bird,b127,379876.7813,8090664,0,0,0,1,0,0,0,1,1,1,0,0,0,1,1,0,0,1,0,0
bird,b128,379883.625,8090606,0,0,0,0,0,0,0,0,0,0,0,0,0,0,1,0,0,0,0,0
bird,b129,379936.3125,8090474,0,0,0,0,0,0,0,0,1,0,0,0,1,0,0,0,0,0,0,0
bird,b212,383315.5313,8090427,1,1,1,0,0,0,0,1,0,0,0,0,0,0,1,0,0,1,0,0
bird,b211,383092.6875,8090247,0,0,0,0,0,0,0,1,0,0,0,0,0,0,0,0,0,0,0,0
bird,b64,333067.0625,8089527,0,0,0,0,0,1,0,0,0,0,0,0,0,1,0,1,0,0,0,0
bird,b63,332733.375,8089262,0,0,0,1,0,1,1,0,0,0,0,0,0,0,1,1,1,0,1,0
bird,b65,332730.0938,8088273,0,0,0,0,0,1,0,0,0,0,0,0,1,1,1,1,1,0,1,0
bird,b66,333845.375,8087982.5,0,0,1,1,0,0,0,0,0,0,0,0,1,1,1,1,0,1,1,0
bird,b46,332457.4063,8087102,0,0,1,1,0,1,0,0,0,1,0,0,1,1,1,1,0,0,0,0
bird,b47,332583.3438,8086977,0,0,0,1,0,0,0,0,0,0,1,0,0,1,1,1,0,1,0,0
bird,b48,332662.25,8086848,0,0,0,0,0,1,0,0,0,0,0,1,0,1,1,0,1,0,0,0
bird,b49,332475.0938,8086724,0,0,1,1,0,1,0,0,0,1,0,1,1,1,1,1,1,0,1,0
bird,b50,332469.6875,8086591,0,0,1,0,1,1,0,0,0,1,0,1,1,1,1,0,1,1,1,0
bird,b51,332454.9375,8086412.5,1,0,0,1,0,1,0,0,0,0,0,0,0,1,1,1,1,0,0,1
bird,b67,331927.3438,8085669,0,0,0,1,0,0,0,1,0,0,0,1,0,1,1,1,0,0,0,0
bird,b571,362141.9688,8085202.5,1,1,0,1,0,1,0,0,0,1,0,0,1,0,0,0,0,0,0,0
bird,b68,332090.3438,8084783.5,0,0,0,1,0,0,0,0,0,0,0,0,0,1,1,1,1,0,0,0
bird,b69,332117.2813,8084268.5,0,0,0,1,0,1,0,1,0,0,0,0,0,1,1,1,1,0,0,0
bird,b70,331740.3125,8083759,0,0,0,1,0,1,0,0,0,0,0,0,1,1,1,1,1,0,1,0
bird,b77,341111.4375,8083392,0,0,1,1,0,1,1,0,1,1,0,0,1,0,1,0,0,1,0,0
bird,b75,341229.875,8083389,1,0,1,1,0,1,1,0,0,0,0,0,1,0,1,1,0,0,0,0
bird,b76,341483,8083374,0,0,1,0,0,1,0,0,0,1,0,0,1,0,1,1,0,0,0,0
bird,b231,378867.0313,8082302.5,0,1,0,1,0,0,0,1,0,0,0,0,0,0,0,0,0,1,0,0
bird,b230,379819.25,8082239,0,1,0,1,0,0,0,1,0,0,0,0,0,0,0,0,0,1,0,0
bird,b233,379916.625,8082227,1,1,0,1,0,0,0,1,0,0,0,0,0,0,0,0,0,1,0,0
bird,b232,379616.9375,8082177,1,0,0,1,0,0,1,1,0,0,0,0,0,0,0,0,0,1,0,0
bird,b27,364366.2813,8079477,1,0,0,1,1,0,0,0,0,1,0,0,1,0,1,0,1,0,0,1
bird,b26,364317.0313,8079327,0,0,0,0,1,0,0,0,0,0,0,0,0,0,1,0,1,0,0,1
bird,b25,364266.125,8079177,0,0,0,0,1,1,1,0,0,1,0,0,1,0,1,0,1,1,0,1
bird,b24,364191.0938,8079002,0,0,1,0,1,0,0,0,0,0,0,0,1,0,0,0,1,1,1,0
bird,b23,364116.0625,8078827,0,0,1,1,1,1,1,0,1,1,0,0,1,0,1,0,1,1,1,0
bird,b41,369241.0625,8078827,1,0,0,0,0,1,0,0,1,1,0,0,1,0,1,0,0,1,0,1
bird,b22,364090.7813,8078727,0,0,0,0,1,0,1,0,0,1,0,0,1,0,1,0,1,0,0,0
bird,b40,369110.7188,8078677.5,0,0,1,1,0,1,1,0,0,0,0,0,1,0,1,0,0,0,0,0
bird,b39,368991.5313,8078552,1,0,1,0,0,1,0,0,1,1,0,0,1,0,1,0,0,1,0,1
bird,b38,368815.7813,8078402.5,0,0,1,0,1,0,0,0,0,1,0,0,1,0,1,0,0,0,1,1
bird,b37,368692.0938,8078227,0,0,1,0,0,1,0,0,0,1,0,0,1,0,1,1,1,1,0,1
bird,b36,368529.0625,8078116,0,0,1,1,0,1,1,0,0,1,0,0,1,0,0,0,0,1,0,0
bird,b29,366241.9063,8078047,0,0,0,1,1,1,0,0,0,1,0,0,1,0,1,0,1,0,0,0
bird,b30,366392,8077902,0,0,1,1,0,0,0,0,0,1,0,0,1,0,0,0,0,1,0,0
bird,b31,366516.1875,8077752.5,0,0,0,0,0,0,0,0,0,0,0,0,0,0,0,0,0,1,0,0
bird,b32,366656.6563,8077597,0,0,0,0,0,1,0,0,1,1,0,0,1,0,1,0,0,0,0,1
bird,b33,366792.1563,8077452.5,0,0,1,1,0,0,0,0,0,0,0,0,0,0,0,0,0,0,0,0
bird,b34,366916.1875,8077327.5,0,0,1,0,1,0,0,0,0,1,0,0,1,0,1,0,0,0,0,0
bird,b74,336251.7188,8076598.5,0,0,1,0,0,0,0,0,0,0,0,0,1,1,1,0,0,0,0,0
bird,b72,339273.9063,8072707.5,0,0,0,0,0,1,0,0,0,0,0,1,0,1,0,0,0,0,0,0
bird,b71,339222.5938,8072429.5,1,0,1,1,0,1,0,0,0,0,0,0,1,1,1,0,1,0,0,0
bird,b73,339377.5313,8072107.5,0,0,0,1,0,1,0,0,1,1,1,0,1,0,1,1,1,0,1,0
bird,b229,378841.25,8071659.5,1,1,0,1,0,0,0,1,0,0,0,0,0,0,0,0,0,1,0,0
bird,b62,338042.1875,8068815.5,0,0,0,0,0,1,1,0,0,1,0,0,1,1,1,0,1,0,0,1
bird,b58,368096.7813,8053927.5,1,1,1,1,0,0,0,1,0,1,0,0,0,0,0,0,0,1,1,0
bird,b52,368314.7813,8053774.5,1,1,1,1,0,0,0,1,0,1,0,0,0,0,1,0,0,1,1,0
bird,b57,370330.2188,8052862.5,1,1,1,1,0,0,0,1,0,1,0,0,0,0,1,0,0,1,0,0
bird,b56,372106.6875,8052325.5,1,1,1,1,0,0,1,1,1,1,0,0,0,0,0,0,0,1,1,1
bird,b176,343451.9375,8042415.5,0,0,0,0,0,1,0,0,0,0,0,0,1,0,1,0,1,0,0,1
bird,b177,343521.0625,8042267.5,0,0,1,0,0,0,0,0,1,0,0,0,0,0,1,1,0,0,0,1
bird,b178,343618.8438,8042180.5,0,0,1,0,1,1,1,0,1,0,0,0,0,0,1,0,1,0,0,0
bird,b179,343716,8042177.5,0,0,0,0,0,0,0,0,0,0,0,0,0,0,0,0,0,0,0,0
bird,b180,343764.5,8041769.5,0,0,0,0,0,0,0,0,0,0,0,0,0,0,1,0,1,1,0,0
bird,b181,343716.6875,8041677.5,0,0,1,0,0,0,0,0,1,0,0,0,0,0,1,0,1,0,0,1
bird,b169,348095.75,8038564.5,0,0,0,0,0,0,0,0,0,0,0,0,0,0,0,0,0,0,0,0
bird,b170,348116.125,8038227.5,0,0,1,1,0,0,0,0,1,0,0,0,1,0,1,0,0,1,0,0
bird,b171,348147.1875,8037970.5,0,0,0,0,0,0,0,0,0,0,0,0,1,0,1,0,0,0,0,0
bird,b172,348188.7813,8037823.5,0,0,1,1,0,1,0,0,1,1,0,0,0,0,1,0,0,1,0,0
bird,b173,348152.0313,8037548.5,1,0,1,1,0,1,0,0,1,1,0,0,1,0,1,0,0,1,0,1
bird,b183,344652.8125,8037440.5,0,0,1,0,1,1,1,0,0,1,0,0,1,0,1,1,1,0,0,1
bird,b174,347995.9688,8037432.5,0,0,1,1,0,1,0,0,0,0,0,0,0,0,1,0,0,0,0,1
bird,b185,344191.9375,8037402.5,0,0,1,1,0,1,1,0,1,0,0,0,1,0,1,0,1,1,0,1
bird,b184,344505.8125,8037407.5,0,0,1,1,1,1,1,0,0,0,0,0,1,0,1,1,0,0,0,0
bird,b7,343815.875,8037277.5,0,0,0,0,0,0,0,0,0,0,0,0,0,0,0,0,0,0,0,0
bird,b6,343991.875,8037327.5,0,0,1,0,1,1,1,0,0,0,0,0,1,0,1,0,1,1,1,1
bird,b8,343615.8125,8037202.5,0,0,1,1,1,1,0,0,0,0,0,0,1,0,0,0,0,0,0,1
bird,b225,354293.3438,8036368.5,1,1,1,0,0,0,0,1,0,0,0,0,0,0,0,0,0,1,0,0
bird,b11,345615.9688,8035102.5,0,0,1,1,1,1,0,0,1,1,0,0,1,0,1,1,1,1,0,1
bird,b13,345191.4063,8034977.5,1,0,1,1,1,1,1,0,1,1,0,0,1,1,1,0,1,1,0,1
bird,b15,344816.8125,8034877.5,0,0,1,0,1,1,0,0,1,0,0,0,1,0,1,1,1,0,0,1
bird,b228,349503.6875,8034915.5,0,1,0,1,0,0,0,1,0,0,0,0,0,0,0,0,0,1,0,0
bird,b10,345131.0938,8034825.5,0,0,0,0,1,1,1,0,1,0,0,0,1,0,1,1,1,1,0,1
bird,b12,344911.8438,8034517.5,0,0,0,1,1,1,1,0,0,1,0,0,1,0,0,1,1,0,0,1
bird,b222,356866.5938,8034477.5,0,1,0,0,0,0,0,1,0,0,0,0,0,0,0,0,0,0,0,0
bird,b221,356899.8438,8034356.5,0,1,0,1,0,0,0,1,0,0,0,0,0,0,0,0,0,1,0,0
bird,b14,344832.2188,8034147.5,1,0,0,1,1,1,1,0,1,1,0,0,1,0,1,1,0,1,1,1
bird,b220,361713.9688,8030236.5,1,1,1,1,0,0,0,1,0,0,0,0,0,0,0,0,0,1,0,0
bird,b215,373600.1875,7993111,1,1,0,1,0,0,0,1,0,0,0,0,0,0,0,0,0,0,0,1
bird,b217,373967.8125,7992685,0,1,0,0,0,0,0,1,0,0,0,0,0,0,0,0,0,1,0,1
bird,b218,374726.875,7992377,1,1,0,0,0,0,1,1,0,0,0,0,0,0,0,0,0,0,0,1
bird,b219,375077.625,7992306,1,1,0,1,0,0,1,1,0,0,0,0,0,0,0,0,0,1,0,1
bird,b336,365647.1875,7991118,0,0,0,1,0,1,0,0,0,1,0,0,0,0,1,0,0,1,0,1
bird,b337,365491.0625,7991053,0,0,0,0,0,1,0,0,1,1,0,0,0,0,0,0,0,1,0,1
bird,b341,365016.0625,7990878,0,0,0,0,0,1,0,0,0,0,0,0,0,0,1,0,0,0,0,0
bird,b338,365416.2188,7990903,0,0,0,0,0,1,0,0,0,1,0,0,0,0,1,0,0,1,0,0
bird,b340,365166.5313,7990828,0,0,0,0,0,1,1,0,0,1,0,0,0,0,1,0,0,1,0,1
bird,b339,365316.6563,7990828,1,0,0,0,0,1,1,0,0,1,0,0,0,0,1,0,0,1,0,1
bird,b370,355612.1563,7990588,0,0,0,1,0,1,0,0,0,0,0,0,0,0,1,0,0,1,0,1
bird,b371,352641.1563,7989628,0,0,0,0,0,1,0,0,0,0,0,0,0,0,1,0,0,1,0,1
bird,b327,366980.625,7988744,0,0,0,0,0,1,0,0,1,0,0,0,0,0,1,0,0,1,0,1
bird,b326,367186.375,7988634,0,0,0,0,0,1,0,0,0,0,0,0,0,0,1,0,0,1,0,1
bird,b325,367368,7988506,0,0,0,0,0,1,0,0,0,0,0,0,0,0,0,0,0,0,0,0
bird,b324,367854.9375,7988342,0,0,0,0,0,1,1,0,0,0,0,0,0,0,1,0,0,1,0,0
bird,b323,367500.9375,7988186,0,0,0,0,0,0,0,0,0,0,0,0,0,0,0,0,0,0,0,0
bird,b322,367403.0938,7988095,1,0,0,0,0,1,1,0,1,0,0,0,0,0,1,0,0,1,0,1
bird,b334,368902.1563,7986946,0,0,1,0,0,1,1,0,0,0,0,0,0,0,1,0,0,0,0,1
bird,b333,369016.25,7986778,0,0,0,0,0,1,0,0,0,0,0,0,0,0,0,0,0,1,0,0
bird,b329,369473.0938,7986760,0,0,0,0,0,0,0,0,0,0,0,0,0,0,0,0,0,0,0,0
bird,b332,369057.75,7986608,0,0,0,0,0,1,0,0,0,0,0,0,0,0,1,0,0,1,0,0
bird,b330,369377.1563,7986629,0,0,0,0,0,1,1,0,1,0,0,0,0,0,1,0,0,0,0,1
bird,b331,369191.8438,7986587,1,0,0,1,1,1,0,0,0,0,0,0,0,0,1,0,0,1,0,1
bird,b358,373372.125,7986258,0,0,0,0,0,1,0,0,0,0,0,0,0,0,1,0,0,0,0,0
bird,b353,372890.625,7986103,0,0,0,0,0,1,0,0,0,0,0,0,0,0,1,0,0,1,0,0
bird,b357,373116.6875,7986078,0,0,1,0,0,1,0,0,0,0,0,0,0,0,1,0,0,0,0,0
bird,b354,372891.9375,7985903,0,0,1,0,0,1,0,0,0,0,0,0,0,0,1,0,1,0,0,0
bird,b356,373041.8438,7985928,0,0,1,1,0,1,0,0,0,0,0,0,0,0,1,0,0,1,0,0
bird,b355,372940.8438,7985828,0,0,1,1,0,1,0,0,0,0,0,0,0,0,1,0,0,0,1,0
bird,b351,374049.75,7984543,0,0,0,0,0,0,0,0,0,0,0,0,0,0,0,0,0,1,0,0
bird,b350,374191.8438,7984528,0,0,0,0,0,1,0,0,0,0,0,0,1,0,0,0,0,0,0,0
bird,b349,374341.75,7984553,0,0,0,0,0,1,0,0,1,0,0,0,1,0,0,0,0,0,0,0
bird,b348,374490.5313,7984503,0,0,0,0,0,1,0,0,0,0,0,0,0,0,1,0,0,1,0,0
bird,b347,374441,7984428,0,0,1,0,0,1,0,0,1,0,0,0,1,0,1,0,0,1,0,0
bird,b346,374441.625,7984328,0,0,0,0,0,1,0,0,0,0,0,0,0,0,0,0,0,1,0,0
bird,b360,373141.125,7983338,0,0,0,1,0,1,0,0,0,0,0,0,0,0,1,1,1,0,0,1
bird,b361,373086.4688,7983061,0,0,0,0,0,0,0,0,0,0,0,0,0,0,1,0,1,0,1,0
bird,b363,373458.25,7982955,0,0,0,0,0,0,0,0,0,0,0,0,0,0,1,0,0,0,0,0
bird,b362,373187.75,7982869,0,0,1,1,0,0,0,0,0,0,0,0,0,0,1,0,1,0,0,0
bird,b364,373502.6563,7982830,0,0,0,0,0,0,0,0,0,0,0,0,0,0,1,1,0,0,1,0
bird,b365,373672.5625,7982751,0,0,0,1,0,0,0,0,0,0,0,0,0,0,1,1,1,0,0,0
bird,b308,420378.4375,7969931,0,0,0,1,0,0,0,1,0,0,0,0,0,0,0,0,0,0,0,0
bird,b309,420452.625,7969924,0,0,0,0,0,0,0,1,0,0,0,0,0,0,0,0,0,0,0,0
bird,b312,420868.6875,7969894,0,0,0,1,0,0,0,1,0,0,0,0,0,0,0,0,0,0,0,0
bird,b310,420549.5313,7969882,0,0,0,1,0,0,0,1,0,0,0,0,0,0,0,0,0,0,0,0
bird,b311,420715.7813,7969828,0,0,0,0,0,0,0,1,0,0,0,0,0,0,0,0,0,0,0,1
bird,b294,424416.1875,7964378,0,0,0,0,0,0,0,1,0,0,0,0,0,0,0,0,0,0,0,1
bird,b288,424316.4688,7964328,0,0,0,0,0,0,0,1,0,0,0,0,0,0,0,0,0,0,0,0
bird,b290,424015.875,7964128,0,0,1,1,0,0,0,1,0,0,0,0,0,0,0,0,0,0,0,1
bird,b289,424165.5625,7964178,0,0,0,0,0,0,0,0,0,0,0,0,0,0,0,0,0,0,0,0
bird,b300,425265.4063,7963178,0,0,1,1,0,0,1,1,0,0,0,0,0,0,0,0,0,1,0,1
bird,b395,364516.5313,7959578,0,1,0,0,0,1,1,1,0,1,0,0,0,0,1,0,1,0,0,0
bird,b394,365417,7959178,0,1,1,1,0,1,0,1,0,1,1,0,0,0,1,0,0,0,0,0
bird,b393,366515.625,7958778,0,0,1,0,1,1,0,0,0,1,1,0,0,0,1,0,0,0,0,0
bird,b392,366640.5,7958437,1,0,0,1,0,1,0,0,0,0,0,0,0,0,1,0,0,0,0,0
bird,b414,367263,7957671,0,1,1,0,0,1,0,1,0,0,0,0,0,0,0,0,0,0,0,0
bird,b412,367415.8125,7957478,0,1,1,0,0,1,0,1,0,1,0,0,0,0,1,0,0,0,0,0
bird,b413,367821.4375,7956845,0,1,1,0,0,1,0,1,0,0,0,0,0,0,0,0,0,0,0,0
bird,b415,368015.7188,7956478,0,1,1,0,0,1,1,1,0,0,0,0,0,0,1,0,0,0,0,0
bird,b387,369433.0625,7955390,0,0,0,1,0,1,0,1,0,0,0,0,0,0,0,0,0,0,1,0
bird,b386,368460.75,7954101,1,0,1,0,0,1,0,1,0,0,0,0,1,0,0,1,0,0,1,0
bird,b385,368195.5938,7953537,1,1,1,0,0,1,0,1,0,0,0,0,0,0,0,1,0,0,0,0
bird,b384,368025.4375,7953216.5,1,1,0,1,0,1,0,0,0,1,0,0,0,0,1,0,0,0,0,0
bird,b408,369694.5,7952034,1,1,1,0,1,1,1,1,0,1,0,0,0,0,0,0,0,0,0,0
bird,b411,369115.625,7951878,1,0,0,1,0,1,1,1,0,0,0,0,0,0,1,0,0,0,0,0
bird,b409,369415.9375,7951778.5,1,1,1,0,0,1,1,0,0,0,0,0,0,0,1,0,0,0,0,1
bird,b410,369716.9375,7951578,0,1,1,0,0,1,1,1,0,0,0,0,0,0,1,0,0,0,0,0
bird,b390,369991.2188,7951280,0,0,0,0,0,1,1,1,0,0,0,0,0,0,0,0,0,0,0,0
bird,b391,370517.9063,7950578,0,0,1,1,0,1,0,0,0,0,0,0,0,0,0,0,0,0,0,0
bird,b388,371075.5313,7949349.5,0,0,1,0,0,1,0,1,0,1,0,0,0,0,0,1,0,0,0,0
bird,b389,371216.0313,7948104,0,1,0,1,1,1,0,1,0,0,0,0,0,0,1,0,0,0,0,0
bird,b419,374015.7813,7944378,0,1,0,0,0,0,0,1,0,0,0,0,0,0,0,0,0,1,0,0
bird,b418,374016.1875,7944078.5,1,1,0,0,0,0,0,1,0,0,0,0,0,0,0,0,0,0,0,0
bird,b417,373815.9375,7943678,0,0,0,0,0,1,0,0,0,0,0,0,0,0,0,0,0,0,0,0
bird,b420,374815.6563,7942978,0,1,1,1,0,1,0,1,0,1,1,0,0,0,1,1,0,0,0,0
bird,b421,375216.5938,7942978.5,0,1,0,1,0,1,0,1,0,1,0,0,0,0,1,0,0,1,0,0
bird,b416,373416.2188,7942778.5,0,1,1,0,0,1,0,1,0,0,0,0,0,0,0,0,0,1,0,0
bird,b422,375615.5938,7942778.5,0,1,1,1,0,1,0,1,0,0,0,0,0,1,1,0,0,1,0,0
bird,b423,376116.9688,7942678.5,1,1,1,1,0,1,0,1,0,0,0,0,0,0,1,0,0,0,0,0
bird,b396,378698.1563,7939376.5,0,1,0,1,1,1,1,1,0,0,0,0,0,0,0,0,0,0,0,0
bird,b407,381162.875,7939355,1,1,1,0,0,0,0,1,0,0,0,0,0,0,1,0,0,1,0,0
bird,b399,379215.8438,7938978.5,0,1,1,1,0,1,1,1,0,1,0,0,1,0,1,0,0,1,0,0
bird,b406,381309.8125,7938767,1,1,1,1,0,1,1,1,0,0,0,0,0,0,1,0,0,1,1,0
bird,b398,379333.7813,7938658.5,0,1,1,0,1,1,1,1,0,1,0,0,0,0,1,0,0,0,0,0
bird,b397,379494.5938,7938686.5,1,1,1,0,0,1,1,1,0,0,0,0,0,0,1,0,0,0,0,0
bird,b405,381333.3125,7938361.5,1,1,1,1,0,1,0,1,0,1,0,0,1,0,1,0,0,0,0,0
bird,b404,381125.6563,7938105,1,1,1,0,1,1,1,1,0,1,1,0,0,0,0,0,0,0,0,0
bird,b402,381715.7813,7935378,0,1,1,1,0,1,1,0,0,0,0,0,0,0,1,1,0,0,1,0
bird,b403,381315.6563,7935278,0,1,0,0,0,1,1,1,0,0,0,0,0,0,0,0,0,0,0,0
bird,b400,381915.9688,7935278.5,0,1,0,0,0,0,0,0,0,0,0,0,0,0,0,0,0,0,0,0
bird,b401,381816.5,7935228.5,1,1,0,1,0,1,1,0,0,0,0,0,0,0,1,0,0,0,0,0
bird,b424,381515.5625,7930878.5,1,1,1,0,0,1,0,1,0,1,0,0,0,1,1,0,0,0,0,0
bird,b496,409873.4063,7906566.5,0,0,0,0,0,1,0,0,0,0,0,0,0,0,1,0,1,0,0,0
bird,b495,410020.375,7906409.5,0,0,0,1,0,0,0,0,0,0,0,0,1,0,1,0,1,0,0,0
bird,b494,410163.9375,7906295.5,0,0,0,0,0,0,0,0,0,1,0,0,1,0,1,0,1,0,0,0
bird,b502,411915.3438,7906292.5,0,0,0,0,0,0,0,0,0,1,0,0,1,0,1,0,1,0,1,0
bird,b501,412127.25,7906331.5,0,0,0,0,1,0,0,0,0,0,0,0,0,0,1,0,1,0,0,0
bird,b503,411698.7188,7906231.5,0,0,0,0,0,0,0,0,0,0,0,0,1,0,1,0,1,0,0,0
bird,b493,410315.8125,7906122.5,0,0,0,0,1,0,0,0,0,1,0,0,0,0,1,0,1,0,0,0
bird,b500,412198.9375,7906123.5,0,0,0,1,0,0,0,0,0,1,0,0,0,0,1,0,1,0,0,0
bird,b492,410462.6875,7905982.5,0,0,1,0,0,0,0,0,0,0,0,1,1,0,1,0,1,0,0,0
bird,b499,412258.9688,7906001.5,0,0,0,0,0,0,0,0,0,1,0,1,0,0,1,1,1,0,0,0
bird,b498,412442.5938,7905900.5,0,0,0,1,1,0,0,0,0,0,0,0,0,0,1,0,1,0,1,0
bird,b491,410434.6563,7905800.5,0,0,0,0,0,0,0,0,0,0,0,0,1,0,1,0,1,0,0,0
bird,b505,414340.375,7905503.5,0,0,0,1,0,0,0,0,0,0,0,0,1,0,1,0,0,0,0,0
bird,b506,414406.5938,7905429.5,0,0,0,0,0,0,0,0,0,1,0,1,0,0,1,0,0,0,1,0
bird,b507,414552.8125,7905424.5,0,0,0,0,1,0,0,0,0,1,0,0,0,0,1,0,1,0,0,0
bird,b508,414741.25,7905328.5,0,0,0,0,0,0,0,0,0,1,0,0,1,0,1,0,1,0,0,0
bird,b509,414891,7905253.5,0,0,0,0,0,0,0,0,0,0,0,0,1,0,1,0,0,0,0,0
bird,b510,415040.8125,7905168.5,0,0,0,0,0,0,0,0,0,1,0,0,1,0,1,0,1,0,1,0
bird,b475,416186.2188,7898811.5,0,0,0,0,0,1,0,1,0,1,0,0,0,0,1,0,0,0,0,0
bird,b473,416815.9688,7898778.5,0,0,0,0,0,1,0,1,0,1,0,0,0,0,1,0,0,1,0,0
bird,b477,416355.0938,7898757.5,1,0,0,1,1,1,1,0,0,1,0,0,1,0,1,0,0,1,0,0
bird,b476,416726.0938,7898761.5,0,0,1,0,0,1,0,1,0,0,0,0,0,0,1,0,0,0,0,0
bird,b484,413437.3125,7898649.5,0,0,1,1,1,1,1,0,0,0,0,0,0,0,1,0,0,0,0,0
bird,b474,416516.0625,7898678.5,0,0,1,0,0,1,0,1,0,0,0,0,0,0,1,0,1,1,0,0
bird,b483,413243.2813,7898581.5,0,0,0,0,0,0,0,0,0,0,0,1,0,0,1,0,0,0,0,0
bird,b482,413086.1563,7898524.5,0,0,1,0,1,0,0,0,0,0,0,0,0,0,1,0,0,1,0,0
bird,b472,416716.125,7898478.5,0,0,1,0,0,0,0,1,0,0,0,0,0,0,1,0,0,0,0,0
bird,b481,413043.6563,7898338.5,0,0,1,0,0,0,0,0,0,0,0,0,0,0,1,0,0,1,0,0
bird,b480,413054.4688,7898090.5,0,0,0,0,1,0,0,0,0,0,0,0,0,0,1,0,0,0,0,0
bird,b479,413153.4063,7897886.5,0,0,0,0,0,0,0,0,0,0,0,0,0,0,0,0,0,0,0,0
bird,b465,416415.2813,7897878.5,0,0,1,0,0,1,0,0,0,0,0,0,0,0,1,0,0,1,0,0
bird,b469,416415.75,7897778.5,0,0,1,1,0,1,0,1,0,0,0,0,1,0,1,0,0,0,0,0
bird,b466,416515.75,7897678.5,1,0,1,0,1,1,1,0,0,1,0,0,0,0,1,0,0,1,0,0
bird,b467,416765.1563,7897578.5,0,0,0,1,0,1,0,0,0,1,0,0,0,0,0,0,1,0,0,0
bird,b468,416916.125,7897578.5,0,0,0,0,0,0,0,0,0,0,0,0,0,0,0,0,0,0,0,0
bird,b470,416566.2188,7897528.5,1,0,0,0,1,1,0,0,0,1,0,0,1,0,1,0,1,0,0,0
bird,b935,437716.375,7873478.5,0,0,0,0,0,0,1,1,1,0,0,0,0,0,1,0,0,1,0,1
bird,b936,437616.0313,7873278.5,1,0,0,0,0,0,0,1,1,0,0,0,0,0,0,0,0,0,0,1